recipe,pair,scope,rank
Random (baseline),canonical,aggregate,93
Random (baseline),canonical,aggregate,31
Random (baseline),canonical,aggregate,48
Random (baseline),canonical,aggregate,112
Random (baseline),canonical,aggregate,309
Random (baseline),canonical,aggregate,46
Random (baseline),canonical,aggregate,194
Random (baseline),canonical,aggregate,97
Random (baseline),canonical,aggregate,349
Random (baseline),canonical,aggregate,302
Random (baseline),canonical,aggregate,291
Random (baseline),canonical,aggregate,377
Random (baseline),canonical,aggregate,181
Random (baseline),canonical,aggregate,39
Random (baseline),canonical,aggregate,156
Random (baseline),canonical,aggregate,376
Random (baseline),canonical,aggregate,222
Random (baseline),canonical,aggregate,335
Random (baseline),canonical,aggregate,290
Random (baseline),canonical,aggregate,69
Random (baseline),canonical,aggregate,339
Random (baseline),canonical,aggregate,56
Random (baseline),canonical,aggregate,142
Random (baseline),canonical,aggregate,125
Random (baseline),canonical,aggregate,88
Random (baseline),canonical,aggregate,344
Random (baseline),canonical,aggregate,364
Random (baseline),canonical,aggregate,198
Random (baseline),canonical,aggregate,122
Random (baseline),canonical,aggregate,126
Random (baseline),canonical,aggregate,312
Random (baseline),canonical,aggregate,49
Random (baseline),canonical,aggregate,382
Random (baseline),canonical,aggregate,136
Random (baseline),canonical,aggregate,104
Random (baseline),canonical,aggregate,144
Random (baseline),canonical,aggregate,343
Random (baseline),canonical,aggregate,270
Random (baseline),canonical,aggregate,106
Random (baseline),canonical,aggregate,252
Random (baseline),canonical,aggregate,22
Random (baseline),canonical,aggregate,36
Random (baseline),canonical,aggregate,275
Random (baseline),canonical,aggregate,127
Random (baseline),canonical,aggregate,349
Random (baseline),canonical,aggregate,351
Random (baseline),canonical,aggregate,211
Random (baseline),canonical,aggregate,31
Random (baseline),canonical,aggregate,125
Random (baseline),canonical,aggregate,399
Random (baseline),canonical,aggregate,279
Random (baseline),canonical,aggregate,236
Random (baseline),canonical,aggregate,135
Random (baseline),canonical,aggregate,248
Random (baseline),canonical,aggregate,339
Random (baseline),canonical,aggregate,353
Random (baseline),canonical,aggregate,362
Random (baseline),canonical,aggregate,59
Random (baseline),canonical,aggregate,50
Random (baseline),canonical,aggregate,159
Random (baseline),canonical,aggregate,394
Random (baseline),canonical,aggregate,385
Random (baseline),canonical,aggregate,62
Random (baseline),canonical,aggregate,28
Random (baseline),canonical,aggregate,4
Random (baseline),canonical,aggregate,326
Random (baseline),canonical,aggregate,112
Random (baseline),canonical,aggregate,176
Random (baseline),canonical,aggregate,33
Random (baseline),canonical,aggregate,308
Random (baseline),canonical,aggregate,14
Random (baseline),canonical,aggregate,162
Random (baseline),canonical,aggregate,65
Random (baseline),canonical,aggregate,44
Random (baseline),canonical,aggregate,82
Random (baseline),canonical,aggregate,47
Random (baseline),canonical,aggregate,252
Random (baseline),canonical,aggregate,198
Random (baseline),canonical,aggregate,87
Random (baseline),canonical,aggregate,208
Random (baseline),canonical,aggregate,231
Random (baseline),canonical,aggregate,116
Random (baseline),canonical,aggregate,153
Random (baseline),canonical,aggregate,300
Random (baseline),canonical,aggregate,390
Random (baseline),canonical,aggregate,241
Random (baseline),canonical,aggregate,246
Random (baseline),canonical,aggregate,31
Random (baseline),canonical,aggregate,320
Random (baseline),canonical,aggregate,41
Random (baseline),canonical,aggregate,240
Random (baseline),canonical,aggregate,313
Random (baseline),canonical,aggregate,247
Random (baseline),canonical,aggregate,142
Random (baseline),canonical,aggregate,71
Random (baseline),canonical,aggregate,353
Random (baseline),canonical,aggregate,183
Random (baseline),canonical,aggregate,21
Random (baseline),canonical,aggregate,25
Random (baseline),canonical,aggregate,283
Random (baseline),canonical,aggregate,57
Random (baseline),canonical,aggregate,99
Random (baseline),canonical,aggregate,196
Random (baseline),canonical,aggregate,50
Random (baseline),canonical,aggregate,303
Random (baseline),canonical,aggregate,235
Random (baseline),canonical,aggregate,99
Random (baseline),canonical,aggregate,2
Random (baseline),canonical,aggregate,329
Random (baseline),canonical,aggregate,7
Random (baseline),canonical,aggregate,241
Random (baseline),canonical,aggregate,305
Random (baseline),canonical,aggregate,52
Random (baseline),canonical,aggregate,147
Random (baseline),canonical,aggregate,98
Random (baseline),canonical,aggregate,96
Random (baseline),canonical,aggregate,374
Random (baseline),canonical,aggregate,249
Random (baseline),canonical,aggregate,187
Random (baseline),canonical,aggregate,108
Random (baseline),canonical,aggregate,251
Random (baseline),canonical,aggregate,23
Random (baseline),canonical,aggregate,383
Random (baseline),canonical,aggregate,36
Random (baseline),canonical,aggregate,5
Random (baseline),canonical,aggregate,109
Random (baseline),canonical,aggregate,51
Random (baseline),canonical,aggregate,386
Random (baseline),canonical,aggregate,133
Random (baseline),canonical,aggregate,44
Random (baseline),canonical,aggregate,43
Random (baseline),canonical,aggregate,371
Random (baseline),canonical,aggregate,101
Random (baseline),canonical,aggregate,240
Random (baseline),canonical,aggregate,255
Random (baseline),canonical,aggregate,165
Random (baseline),canonical,aggregate,120
Random (baseline),canonical,aggregate,369
Random (baseline),canonical,aggregate,47
Random (baseline),canonical,aggregate,145
Random (baseline),canonical,aggregate,282
Random (baseline),canonical,aggregate,97
Random (baseline),canonical,aggregate,294
Random (baseline),canonical,aggregate,366
Random (baseline),canonical,aggregate,140
Random (baseline),canonical,aggregate,116
Random (baseline),canonical,aggregate,237
Random (baseline),canonical,aggregate,27
Random (baseline),canonical,aggregate,75
Random (baseline),canonical,aggregate,21
Random (baseline),canonical,aggregate,144
Random (baseline),canonical,aggregate,195
Random (baseline),canonical,aggregate,26
Random (baseline),canonical,aggregate,44
Random (baseline),canonical,aggregate,84
Random (baseline),canonical,aggregate,169
Random (baseline),canonical,aggregate,329
Random (baseline),canonical,aggregate,337
Random (baseline),canonical,aggregate,256
Random (baseline),canonical,aggregate,164
Random (baseline),canonical,aggregate,92
Random (baseline),canonical,aggregate,109
Random (baseline),canonical,aggregate,368
Random (baseline),canonical,aggregate,89
Random (baseline),canonical,aggregate,205
Random (baseline),canonical,aggregate,245
Random (baseline),canonical,aggregate,161
Random (baseline),canonical,aggregate,68
Random (baseline),canonical,aggregate,279
Random (baseline),canonical,aggregate,290
Random (baseline),canonical,aggregate,371
Random (baseline),canonical,aggregate,132
Random (baseline),canonical,aggregate,109
Random (baseline),canonical,aggregate,32
Random (baseline),canonical,aggregate,126
Random (baseline),canonical,aggregate,166
Random (baseline),canonical,aggregate,7
Random (baseline),canonical,aggregate,213
Random (baseline),canonical,aggregate,219
Random (baseline),canonical,aggregate,203
Random (baseline),canonical,aggregate,18
Random (baseline),canonical,aggregate,341
Random (baseline),canonical,aggregate,73
Random (baseline),canonical,aggregate,44
Random (baseline),canonical,aggregate,295
Random (baseline),canonical,aggregate,287
Random (baseline),canonical,aggregate,152
Random (baseline),canonical,aggregate,201
Random (baseline),canonical,aggregate,284
Random (baseline),canonical,aggregate,8
Random (baseline),canonical,aggregate,161
Random (baseline),canonical,aggregate,260
Random (baseline),canonical,aggregate,389
Random (baseline),canonical,aggregate,95
Random (baseline),canonical,aggregate,90
Random (baseline),canonical,aggregate,173
Random (baseline),canonical,aggregate,187
Random (baseline),canonical,aggregate,362
Random (baseline),canonical,aggregate,188
Random (baseline),canonical,aggregate,356
Random (baseline),canonical,aggregate,262
Random (baseline),canonical,aggregate,244
Random (baseline),canonical,aggregate,390
Random (baseline),canonical,aggregate,399
Random (baseline),canonical,aggregate,215
Random (baseline),canonical,aggregate,21
Random (baseline),canonical,aggregate,51
Random (baseline),canonical,aggregate,276
Random (baseline),canonical,aggregate,389
Random (baseline),canonical,aggregate,60
Random (baseline),canonical,aggregate,89
Random (baseline),canonical,aggregate,125
Random (baseline),canonical,aggregate,251
Random (baseline),canonical,aggregate,19
Random (baseline),canonical,aggregate,326
Random (baseline),canonical,aggregate,4
Random (baseline),canonical,aggregate,167
Random (baseline),canonical,aggregate,296
Random (baseline),canonical,aggregate,30
Random (baseline),canonical,aggregate,13
Random (baseline),canonical,aggregate,372
Random (baseline),canonical,aggregate,98
Random (baseline),canonical,aggregate,38
Random (baseline),canonical,aggregate,198
Random (baseline),canonical,aggregate,335
Random (baseline),canonical,aggregate,300
Random (baseline),canonical,aggregate,10
Random (baseline),canonical,aggregate,184
Random (baseline),canonical,aggregate,375
Random (baseline),canonical,aggregate,219
Random (baseline),canonical,aggregate,142
Random (baseline),canonical,aggregate,97
Random (baseline),canonical,aggregate,204
Random (baseline),canonical,aggregate,155
Random (baseline),canonical,aggregate,394
Random (baseline),canonical,aggregate,150
Random (baseline),canonical,aggregate,397
Random (baseline),canonical,aggregate,283
Random (baseline),canonical,aggregate,316
Random (baseline),canonical,aggregate,222
Random (baseline),canonical,aggregate,132
Random (baseline),canonical,aggregate,35
Random (baseline),canonical,aggregate,41
Random (baseline),canonical,aggregate,98
Random (baseline),canonical,aggregate,244
Random (baseline),canonical,aggregate,198
Random (baseline),canonical,aggregate,383
Random (baseline),canonical,aggregate,241
Random (baseline),canonical,aggregate,36
Random (baseline),canonical,aggregate,175
Random (baseline),canonical,aggregate,189
Random (baseline),canonical,aggregate,92
Random (baseline),canonical,aggregate,377
Random (baseline),canonical,aggregate,47
Random (baseline),canonical,aggregate,379
Random (baseline),canonical,aggregate,154
Random (baseline),canonical,aggregate,253
Random (baseline),canonical,aggregate,199
Random (baseline),canonical,aggregate,199
Random (baseline),canonical,aggregate,231
Random (baseline),canonical,aggregate,315
Random (baseline),canonical,aggregate,217
Random (baseline),canonical,aggregate,208
Random (baseline),canonical,aggregate,21
Random (baseline),canonical,aggregate,378
Random (baseline),canonical,aggregate,291
Random (baseline),canonical,aggregate,387
Random (baseline),canonical,aggregate,108
Random (baseline),canonical,aggregate,224
Random (baseline),canonical,aggregate,42
Random (baseline),canonical,aggregate,386
Random (baseline),canonical,aggregate,62
Random (baseline),canonical,aggregate,269
Random (baseline),canonical,aggregate,238
Random (baseline),canonical,aggregate,340
Random (baseline),canonical,aggregate,177
Random (baseline),canonical,aggregate,83
Random (baseline),canonical,aggregate,255
Random (baseline),canonical,aggregate,227
Random (baseline),canonical,aggregate,59
Random (baseline),canonical,aggregate,318
Random (baseline),canonical,aggregate,112
Random (baseline),canonical,aggregate,292
Random (baseline),canonical,aggregate,15
Random (baseline),canonical,aggregate,383
Random (baseline),canonical,aggregate,102
Random (baseline),canonical,aggregate,118
Random (baseline),canonical,aggregate,293
Random (baseline),canonical,aggregate,252
Random (baseline),canonical,aggregate,239
Random (baseline),canonical,aggregate,121
Random (baseline),canonical,aggregate,119
Random (baseline),canonical,aggregate,191
Random (baseline),canonical,aggregate,132
Random (baseline),canonical,aggregate,260
Random (baseline),canonical,aggregate,88
Random (baseline),canonical,aggregate,393
Random (baseline),canonical,aggregate,243
Random (baseline),canonical,aggregate,212
Random (baseline),canonical,aggregate,329
Random (baseline),canonical,aggregate,257
Random (baseline),canonical,aggregate,153
Random (baseline),canonical,aggregate,320
Random (baseline),canonical,aggregate,236
Random (baseline),canonical,aggregate,178
Random (baseline),canonical,aggregate,205
Random (baseline),canonical,aggregate,178
Random (baseline),canonical,aggregate,340
Random (baseline),canonical,aggregate,342
Random (baseline),canonical,aggregate,385
Random (baseline),canonical,aggregate,6
Random (baseline),canonical,aggregate,187
Random (baseline),canonical,aggregate,212
Random (baseline),canonical,aggregate,110
Random (baseline),canonical,aggregate,255
Random (baseline),canonical,aggregate,117
Random (baseline),canonical,aggregate,31
Random (baseline),canonical,aggregate,67
Random (baseline),canonical,aggregate,36
Random (baseline),canonical,aggregate,365
Random (baseline),canonical,aggregate,381
Random (baseline),canonical,aggregate,392
Random (baseline),canonical,aggregate,124
Random (baseline),canonical,aggregate,356
Random (baseline),canonical,aggregate,6
Random (baseline),canonical,aggregate,123
Random (baseline),canonical,aggregate,189
Random (baseline),canonical,aggregate,150
Random (baseline),canonical,aggregate,191
Random (baseline),canonical,aggregate,362
Random (baseline),canonical,aggregate,285
Random (baseline),canonical,aggregate,260
Random (baseline),canonical,aggregate,77
Random (baseline),canonical,aggregate,392
Random (baseline),canonical,aggregate,20
Random (baseline),canonical,aggregate,283
Random (baseline),canonical,aggregate,331
Random (baseline),canonical,aggregate,93
Random (baseline),canonical,aggregate,184
Random (baseline),canonical,aggregate,378
Random (baseline),canonical,aggregate,195
Random (baseline),canonical,aggregate,333
Random (baseline),canonical,aggregate,353
Random (baseline),canonical,aggregate,332
Random (baseline),canonical,aggregate,134
Random (baseline),canonical,aggregate,323
Random (baseline),canonical,aggregate,297
Random (baseline),canonical,aggregate,251
Random (baseline),canonical,aggregate,363
Random (baseline),canonical,aggregate,51
Random (baseline),canonical,aggregate,155
Random (baseline),canonical,aggregate,213
Random (baseline),canonical,aggregate,124
Random (baseline),canonical,aggregate,276
Random (baseline),canonical,aggregate,44
Random (baseline),canonical,aggregate,233
Random (baseline),canonical,aggregate,207
Random (baseline),canonical,aggregate,240
Random (baseline),canonical,aggregate,353
Random (baseline),canonical,aggregate,348
Random (baseline),canonical,aggregate,274
Random (baseline),canonical,aggregate,384
Random (baseline),canonical,aggregate,134
Random (baseline),canonical,aggregate,54
Random (baseline),canonical,aggregate,233
Random (baseline),canonical,aggregate,90
Random (baseline),canonical,aggregate,400
Random (baseline),canonical,aggregate,86
Random (baseline),canonical,aggregate,372
Random (baseline),canonical,aggregate,375
Random (baseline),canonical,aggregate,146
Random (baseline),canonical,aggregate,253
Random (baseline),canonical,aggregate,268
Random (baseline),canonical,aggregate,260
Random (baseline),canonical,aggregate,251
Random (baseline),canonical,aggregate,67
Random (baseline),canonical,aggregate,22
Random (baseline),canonical,aggregate,240
Random (baseline),canonical,aggregate,330
Random (baseline),canonical,aggregate,367
Random (baseline),canonical,aggregate,85
Random (baseline),canonical,aggregate,250
Random (baseline),canonical,aggregate,399
Random (baseline),canonical,aggregate,81
Random (baseline),canonical,aggregate,345
Random (baseline),canonical,aggregate,394
Random (baseline),canonical,aggregate,355
Random (baseline),canonical,aggregate,215
Random (baseline),canonical,aggregate,109
Random (baseline),canonical,aggregate,295
Random (baseline),canonical,aggregate,349
Random (baseline),canonical,aggregate,108
Random (baseline),canonical,aggregate,178
Random (baseline),canonical,aggregate,379
Random (baseline),canonical,aggregate,309
Random (baseline),canonical,aggregate,62
Random (baseline),canonical,aggregate,338
Random (baseline),canonical,aggregate,344
Random (baseline),canonical,aggregate,395
Random (baseline),canonical,aggregate,312
Random (baseline),canonical,heldout,309
Random (baseline),canonical,heldout,97
Random (baseline),canonical,heldout,126
Random (baseline),canonical,heldout,236
Random (baseline),canonical,heldout,41
Random (baseline),canonical,heldout,247
Random (baseline),canonical,heldout,196
Random (baseline),canonical,heldout,147
Random (baseline),canonical,heldout,187
Random (baseline),canonical,heldout,51
Random (baseline),canonical,heldout,145
Random (baseline),canonical,heldout,27
Random (baseline),canonical,heldout,44
Random (baseline),canonical,heldout,84
Random (baseline),canonical,heldout,109
Random (baseline),canonical,heldout,315
Random (baseline),canonical,heldout,208
Random (baseline),canonical,heldout,387
Random (baseline),canonical,heldout,118
Random (baseline),canonical,heldout,252
Random (baseline),canonical,heldout,191
Random (baseline),canonical,heldout,178
Random (baseline),canonical,heldout,6
Random (baseline),canonical,heldout,276
Random (baseline),canonical,heldout,86
Random (baseline),canonical,heldout,253
Random (baseline),canonical,heldout,268
Random (baseline),canonical,heldout,81
Random (baseline),canonical,heldout,215
Random (baseline),canonical,heldout,395
Transitive Transport Bridge,canonical,aggregate,270
Transitive Transport Bridge,canonical,aggregate,4
Transitive Transport Bridge,canonical,aggregate,64
Transitive Transport Bridge,canonical,aggregate,1
Transitive Transport Bridge,canonical,aggregate,12
Transitive Transport Bridge,canonical,aggregate,4
Transitive Transport Bridge,canonical,aggregate,46
Transitive Transport Bridge,canonical,aggregate,20
Transitive Transport Bridge,canonical,aggregate,50
Transitive Transport Bridge,canonical,aggregate,1
Transitive Transport Bridge,canonical,aggregate,135
Transitive Transport Bridge,canonical,aggregate,30
Transitive Transport Bridge,canonical,aggregate,24
Transitive Transport Bridge,canonical,aggregate,1
Transitive Transport Bridge,canonical,aggregate,1
Transitive Transport Bridge,canonical,aggregate,6
Transitive Transport Bridge,canonical,aggregate,21
Transitive Transport Bridge,canonical,aggregate,4
Transitive Transport Bridge,canonical,aggregate,1
Transitive Transport Bridge,canonical,aggregate,9
Transitive Transport Bridge,canonical,aggregate,156
Transitive Transport Bridge,canonical,aggregate,16
Transitive Transport Bridge,canonical,aggregate,18
Transitive Transport Bridge,canonical,aggregate,3
Transitive Transport Bridge,canonical,aggregate,3
Transitive Transport Bridge,canonical,aggregate,11
Transitive Transport Bridge,canonical,aggregate,36
Transitive Transport Bridge,canonical,aggregate,20
Transitive Transport Bridge,canonical,aggregate,2
Transitive Transport Bridge,canonical,aggregate,8
Transitive Transport Bridge,canonical,aggregate,47
Transitive Transport Bridge,canonical,aggregate,2
Transitive Transport Bridge,canonical,aggregate,68
Transitive Transport Bridge,canonical,aggregate,28
Transitive Transport Bridge,canonical,aggregate,118
Transitive Transport Bridge,canonical,aggregate,2
Transitive Transport Bridge,canonical,aggregate,1
Transitive Transport Bridge,canonical,aggregate,1
Transitive Transport Bridge,canonical,aggregate,8
Transitive Transport Bridge,canonical,aggregate,2
Transitive Transport Bridge,canonical,aggregate,4
Transitive Transport Bridge,canonical,aggregate,12
Transitive Transport Bridge,canonical,aggregate,72
Transitive Transport Bridge,canonical,aggregate,1
Transitive Transport Bridge,canonical,aggregate,92
Transitive Transport Bridge,canonical,aggregate,5
Transitive Transport Bridge,canonical,aggregate,1
Transitive Transport Bridge,canonical,aggregate,163
Transitive Transport Bridge,canonical,aggregate,11
Transitive Transport Bridge,canonical,aggregate,1
Transitive Transport Bridge,canonical,aggregate,1
Transitive Transport Bridge,canonical,aggregate,44
Transitive Transport Bridge,canonical,aggregate,20
Transitive Transport Bridge,canonical,aggregate,112
Transitive Transport Bridge,canonical,aggregate,3
Transitive Transport Bridge,canonical,aggregate,12
Transitive Transport Bridge,canonical,aggregate,1
Transitive Transport Bridge,canonical,aggregate,1
Transitive Transport Bridge,canonical,aggregate,101
Transitive Transport Bridge,canonical,aggregate,4
Transitive Transport Bridge,canonical,aggregate,4
Transitive Transport Bridge,canonical,aggregate,110
Transitive Transport Bridge,canonical,aggregate,5
Transitive Transport Bridge,canonical,aggregate,4
Transitive Transport Bridge,canonical,aggregate,121
Transitive Transport Bridge,canonical,aggregate,4
Transitive Transport Bridge,canonical,aggregate,23
Transitive Transport Bridge,canonical,aggregate,2
Transitive Transport Bridge,canonical,aggregate,37
Transitive Transport Bridge,canonical,aggregate,4
Transitive Transport Bridge,canonical,aggregate,28
Transitive Transport Bridge,canonical,aggregate,1
Transitive Transport Bridge,canonical,aggregate,5
Transitive Transport Bridge,canonical,aggregate,10
Transitive Transport Bridge,canonical,aggregate,1
Transitive Transport Bridge,canonical,aggregate,113
Transitive Transport Bridge,canonical,aggregate,78
Transitive Transport Bridge,canonical,aggregate,49
Transitive Transport Bridge,canonical,aggregate,157
Transitive Transport Bridge,canonical,aggregate,7
Transitive Transport Bridge,canonical,aggregate,2
Transitive Transport Bridge,canonical,aggregate,39
Transitive Transport Bridge,canonical,aggregate,1
Transitive Transport Bridge,canonical,aggregate,1
Transitive Transport Bridge,canonical,aggregate,47
Transitive Transport Bridge,canonical,aggregate,13
Transitive Transport Bridge,canonical,aggregate,58
Transitive Transport Bridge,canonical,aggregate,1
Transitive Transport Bridge,canonical,aggregate,1
Transitive Transport Bridge,canonical,aggregate,266
Transitive Transport Bridge,canonical,aggregate,1
Transitive Transport Bridge,canonical,aggregate,1
Transitive Transport Bridge,canonical,aggregate,42
Transitive Transport Bridge,canonical,aggregate,57
Transitive Transport Bridge,canonical,aggregate,8
Transitive Transport Bridge,canonical,aggregate,61
Transitive Transport Bridge,canonical,aggregate,31
Transitive Transport Bridge,canonical,aggregate,36
Transitive Transport Bridge,canonical,aggregate,2
Transitive Transport Bridge,canonical,aggregate,6
Transitive Transport Bridge,canonical,aggregate,190
Transitive Transport Bridge,canonical,aggregate,6
Transitive Transport Bridge,canonical,aggregate,31
Transitive Transport Bridge,canonical,aggregate,2
Transitive Transport Bridge,canonical,aggregate,36
Transitive Transport Bridge,canonical,aggregate,34
Transitive Transport Bridge,canonical,aggregate,43
Transitive Transport Bridge,canonical,aggregate,6
Transitive Transport Bridge,canonical,aggregate,2
Transitive Transport Bridge,canonical,aggregate,165
Transitive Transport Bridge,canonical,aggregate,135
Transitive Transport Bridge,canonical,aggregate,159
Transitive Transport Bridge,canonical,aggregate,79
Transitive Transport Bridge,canonical,aggregate,31
Transitive Transport Bridge,canonical,aggregate,25
Transitive Transport Bridge,canonical,aggregate,304
Transitive Transport Bridge,canonical,aggregate,233
Transitive Transport Bridge,canonical,aggregate,1
Transitive Transport Bridge,canonical,aggregate,12
Transitive Transport Bridge,canonical,aggregate,232
Transitive Transport Bridge,canonical,aggregate,1
Transitive Transport Bridge,canonical,aggregate,27
Transitive Transport Bridge,canonical,aggregate,1
Transitive Transport Bridge,canonical,aggregate,6
Transitive Transport Bridge,canonical,aggregate,1
Transitive Transport Bridge,canonical,aggregate,2
Transitive Transport Bridge,canonical,aggregate,21
Transitive Transport Bridge,canonical,aggregate,9
Transitive Transport Bridge,canonical,aggregate,41
Transitive Transport Bridge,canonical,aggregate,13
Transitive Transport Bridge,canonical,aggregate,6
Transitive Transport Bridge,canonical,aggregate,33
Transitive Transport Bridge,canonical,aggregate,1
Transitive Transport Bridge,canonical,aggregate,1
Transitive Transport Bridge,canonical,aggregate,103
Transitive Transport Bridge,canonical,aggregate,2
Transitive Transport Bridge,canonical,aggregate,2
Transitive Transport Bridge,canonical,aggregate,198
Transitive Transport Bridge,canonical,aggregate,67
Transitive Transport Bridge,canonical,aggregate,157
Transitive Transport Bridge,canonical,aggregate,3
Transitive Transport Bridge,canonical,aggregate,1
Transitive Transport Bridge,canonical,aggregate,214
Transitive Transport Bridge,canonical,aggregate,32
Transitive Transport Bridge,canonical,aggregate,10
Transitive Transport Bridge,canonical,aggregate,12
Transitive Transport Bridge,canonical,aggregate,12
Transitive Transport Bridge,canonical,aggregate,110
Transitive Transport Bridge,canonical,aggregate,68
Transitive Transport Bridge,canonical,aggregate,1
Transitive Transport Bridge,canonical,aggregate,24
Transitive Transport Bridge,canonical,aggregate,4
Transitive Transport Bridge,canonical,aggregate,20
Transitive Transport Bridge,canonical,aggregate,19
Transitive Transport Bridge,canonical,aggregate,42
Transitive Transport Bridge,canonical,aggregate,1
Transitive Transport Bridge,canonical,aggregate,1
Transitive Transport Bridge,canonical,aggregate,50
Transitive Transport Bridge,canonical,aggregate,43
Transitive Transport Bridge,canonical,aggregate,19
Transitive Transport Bridge,canonical,aggregate,1
Transitive Transport Bridge,canonical,aggregate,2
Transitive Transport Bridge,canonical,aggregate,2
Transitive Transport Bridge,canonical,aggregate,64
Transitive Transport Bridge,canonical,aggregate,13
Transitive Transport Bridge,canonical,aggregate,98
Transitive Transport Bridge,canonical,aggregate,81
Transitive Transport Bridge,canonical,aggregate,24
Transitive Transport Bridge,canonical,aggregate,286
Transitive Transport Bridge,canonical,aggregate,1
Transitive Transport Bridge,canonical,aggregate,1
Transitive Transport Bridge,canonical,aggregate,1
Transitive Transport Bridge,canonical,aggregate,132
Transitive Transport Bridge,canonical,aggregate,1
Transitive Transport Bridge,canonical,aggregate,13
Transitive Transport Bridge,canonical,aggregate,7
Transitive Transport Bridge,canonical,aggregate,10
Transitive Transport Bridge,canonical,aggregate,301
Transitive Transport Bridge,canonical,aggregate,1
Transitive Transport Bridge,canonical,aggregate,19
Transitive Transport Bridge,canonical,aggregate,204
Transitive Transport Bridge,canonical,aggregate,215
Transitive Transport Bridge,canonical,aggregate,15
Transitive Transport Bridge,canonical,aggregate,17
Transitive Transport Bridge,canonical,aggregate,34
Transitive Transport Bridge,canonical,aggregate,82
Transitive Transport Bridge,canonical,aggregate,2
Transitive Transport Bridge,canonical,aggregate,91
Transitive Transport Bridge,canonical,aggregate,48
Transitive Transport Bridge,canonical,aggregate,1
Transitive Transport Bridge,canonical,aggregate,33
Transitive Transport Bridge,canonical,aggregate,1
Transitive Transport Bridge,canonical,aggregate,22
Transitive Transport Bridge,canonical,aggregate,16
Transitive Transport Bridge,canonical,aggregate,1
Transitive Transport Bridge,canonical,aggregate,59
Transitive Transport Bridge,canonical,aggregate,6
Transitive Transport Bridge,canonical,aggregate,1
Transitive Transport Bridge,canonical,aggregate,3
Transitive Transport Bridge,canonical,aggregate,1
Transitive Transport Bridge,canonical,aggregate,106
Transitive Transport Bridge,canonical,aggregate,11
Transitive Transport Bridge,canonical,aggregate,102
Transitive Transport Bridge,canonical,aggregate,1
Transitive Transport Bridge,canonical,aggregate,63
Transitive Transport Bridge,canonical,aggregate,1
Transitive Transport Bridge,canonical,aggregate,12
Transitive Transport Bridge,canonical,aggregate,12
Transitive Transport Bridge,canonical,aggregate,2
Transitive Transport Bridge,canonical,aggregate,4
Transitive Transport Bridge,canonical,aggregate,5
Transitive Transport Bridge,canonical,aggregate,54
Transitive Transport Bridge,canonical,aggregate,12
Transitive Transport Bridge,canonical,aggregate,23
Transitive Transport Bridge,canonical,aggregate,1
Transitive Transport Bridge,canonical,aggregate,30
Transitive Transport Bridge,canonical,aggregate,100
Transitive Transport Bridge,canonical,aggregate,156
Transitive Transport Bridge,canonical,aggregate,3
Transitive Transport Bridge,canonical,aggregate,2
Transitive Transport Bridge,canonical,aggregate,2
Transitive Transport Bridge,canonical,aggregate,1
Transitive Transport Bridge,canonical,aggregate,2
Transitive Transport Bridge,canonical,aggregate,8
Transitive Transport Bridge,canonical,aggregate,56
Transitive Transport Bridge,canonical,aggregate,8
Transitive Transport Bridge,canonical,aggregate,149
Transitive Transport Bridge,canonical,aggregate,4
Transitive Transport Bridge,canonical,aggregate,5
Transitive Transport Bridge,canonical,aggregate,2
Transitive Transport Bridge,canonical,aggregate,56
Transitive Transport Bridge,canonical,aggregate,1
Transitive Transport Bridge,canonical,aggregate,13
Transitive Transport Bridge,canonical,aggregate,50
Transitive Transport Bridge,canonical,aggregate,2
Transitive Transport Bridge,canonical,aggregate,4
Transitive Transport Bridge,canonical,aggregate,10
Transitive Transport Bridge,canonical,aggregate,1
Transitive Transport Bridge,canonical,aggregate,21
Transitive Transport Bridge,canonical,aggregate,1
Transitive Transport Bridge,canonical,aggregate,1
Transitive Transport Bridge,canonical,aggregate,4
Transitive Transport Bridge,canonical,aggregate,1
Transitive Transport Bridge,canonical,aggregate,1
Transitive Transport Bridge,canonical,aggregate,58
Transitive Transport Bridge,canonical,aggregate,35
Transitive Transport Bridge,canonical,aggregate,125
Transitive Transport Bridge,canonical,aggregate,1
Transitive Transport Bridge,canonical,aggregate,9
Transitive Transport Bridge,canonical,aggregate,14
Transitive Transport Bridge,canonical,aggregate,38
Transitive Transport Bridge,canonical,aggregate,67
Transitive Transport Bridge,canonical,aggregate,8
Transitive Transport Bridge,canonical,aggregate,24
Transitive Transport Bridge,canonical,aggregate,75
Transitive Transport Bridge,canonical,aggregate,7
Transitive Transport Bridge,canonical,aggregate,48
Transitive Transport Bridge,canonical,aggregate,3
Transitive Transport Bridge,canonical,aggregate,1
Transitive Transport Bridge,canonical,aggregate,147
Transitive Transport Bridge,canonical,aggregate,156
Transitive Transport Bridge,canonical,aggregate,2
Transitive Transport Bridge,canonical,aggregate,32
Transitive Transport Bridge,canonical,aggregate,165
Transitive Transport Bridge,canonical,aggregate,26
Transitive Transport Bridge,canonical,aggregate,5
Transitive Transport Bridge,canonical,aggregate,10
Transitive Transport Bridge,canonical,aggregate,13
Transitive Transport Bridge,canonical,aggregate,28
Transitive Transport Bridge,canonical,aggregate,26
Transitive Transport Bridge,canonical,aggregate,3
Transitive Transport Bridge,canonical,aggregate,108
Transitive Transport Bridge,canonical,aggregate,213
Transitive Transport Bridge,canonical,aggregate,1
Transitive Transport Bridge,canonical,aggregate,29
Transitive Transport Bridge,canonical,aggregate,1
Transitive Transport Bridge,canonical,aggregate,1
Transitive Transport Bridge,canonical,aggregate,11
Transitive Transport Bridge,canonical,aggregate,79
Transitive Transport Bridge,canonical,aggregate,3
Transitive Transport Bridge,canonical,aggregate,20
Transitive Transport Bridge,canonical,aggregate,10
Transitive Transport Bridge,canonical,aggregate,4
Transitive Transport Bridge,canonical,aggregate,90
Transitive Transport Bridge,canonical,aggregate,2
Transitive Transport Bridge,canonical,aggregate,149
Transitive Transport Bridge,canonical,aggregate,31
Transitive Transport Bridge,canonical,aggregate,17
Transitive Transport Bridge,canonical,aggregate,3
Transitive Transport Bridge,canonical,aggregate,78
Transitive Transport Bridge,canonical,aggregate,136
Transitive Transport Bridge,canonical,aggregate,2
Transitive Transport Bridge,canonical,aggregate,3
Transitive Transport Bridge,canonical,aggregate,14
Transitive Transport Bridge,canonical,aggregate,11
Transitive Transport Bridge,canonical,aggregate,49
Transitive Transport Bridge,canonical,aggregate,110
Transitive Transport Bridge,canonical,aggregate,8
Transitive Transport Bridge,canonical,aggregate,1
Transitive Transport Bridge,canonical,aggregate,88
Transitive Transport Bridge,canonical,aggregate,1
Transitive Transport Bridge,canonical,aggregate,4
Transitive Transport Bridge,canonical,aggregate,3
Transitive Transport Bridge,canonical,aggregate,3
Transitive Transport Bridge,canonical,aggregate,215
Transitive Transport Bridge,canonical,aggregate,133
Transitive Transport Bridge,canonical,aggregate,234
Transitive Transport Bridge,canonical,aggregate,59
Transitive Transport Bridge,canonical,aggregate,11
Transitive Transport Bridge,canonical,aggregate,34
Transitive Transport Bridge,canonical,aggregate,153
Transitive Transport Bridge,canonical,aggregate,1
Transitive Transport Bridge,canonical,aggregate,3
Transitive Transport Bridge,canonical,aggregate,178
Transitive Transport Bridge,canonical,aggregate,42
Transitive Transport Bridge,canonical,aggregate,1
Transitive Transport Bridge,canonical,aggregate,4
Transitive Transport Bridge,canonical,aggregate,3
Transitive Transport Bridge,canonical,aggregate,1
Transitive Transport Bridge,canonical,aggregate,7
Transitive Transport Bridge,canonical,aggregate,26
Transitive Transport Bridge,canonical,aggregate,3
Transitive Transport Bridge,canonical,aggregate,2
Transitive Transport Bridge,canonical,aggregate,1
Transitive Transport Bridge,canonical,aggregate,1
Transitive Transport Bridge,canonical,aggregate,19
Transitive Transport Bridge,canonical,aggregate,1
Transitive Transport Bridge,canonical,aggregate,67
Transitive Transport Bridge,canonical,aggregate,79
Transitive Transport Bridge,canonical,aggregate,6
Transitive Transport Bridge,canonical,aggregate,1
Transitive Transport Bridge,canonical,aggregate,8
Transitive Transport Bridge,canonical,aggregate,50
Transitive Transport Bridge,canonical,aggregate,1
Transitive Transport Bridge,canonical,aggregate,77
Transitive Transport Bridge,canonical,aggregate,3
Transitive Transport Bridge,canonical,aggregate,2
Transitive Transport Bridge,canonical,aggregate,87
Transitive Transport Bridge,canonical,aggregate,43
Transitive Transport Bridge,canonical,aggregate,1
Transitive Transport Bridge,canonical,aggregate,18
Transitive Transport Bridge,canonical,aggregate,2
Transitive Transport Bridge,canonical,aggregate,40
Transitive Transport Bridge,canonical,aggregate,1
Transitive Transport Bridge,canonical,aggregate,21
Transitive Transport Bridge,canonical,aggregate,84
Transitive Transport Bridge,canonical,aggregate,47
Transitive Transport Bridge,canonical,aggregate,6
Transitive Transport Bridge,canonical,aggregate,37
Transitive Transport Bridge,canonical,aggregate,2
Transitive Transport Bridge,canonical,aggregate,2
Transitive Transport Bridge,canonical,aggregate,2
Transitive Transport Bridge,canonical,aggregate,72
Transitive Transport Bridge,canonical,aggregate,203
Transitive Transport Bridge,canonical,aggregate,1
Transitive Transport Bridge,canonical,aggregate,29
Transitive Transport Bridge,canonical,aggregate,20
Transitive Transport Bridge,canonical,aggregate,52
Transitive Transport Bridge,canonical,aggregate,3
Transitive Transport Bridge,canonical,aggregate,1
Transitive Transport Bridge,canonical,aggregate,49
Transitive Transport Bridge,canonical,aggregate,1
Transitive Transport Bridge,canonical,aggregate,35
Transitive Transport Bridge,canonical,aggregate,1
Transitive Transport Bridge,canonical,aggregate,119
Transitive Transport Bridge,canonical,aggregate,41
Transitive Transport Bridge,canonical,aggregate,4
Transitive Transport Bridge,canonical,aggregate,1
Transitive Transport Bridge,canonical,aggregate,9
Transitive Transport Bridge,canonical,aggregate,45
Transitive Transport Bridge,canonical,aggregate,7
Transitive Transport Bridge,canonical,aggregate,349
Transitive Transport Bridge,canonical,aggregate,63
Transitive Transport Bridge,canonical,aggregate,2
Transitive Transport Bridge,canonical,aggregate,6
Transitive Transport Bridge,canonical,aggregate,58
Transitive Transport Bridge,canonical,aggregate,1
Transitive Transport Bridge,canonical,aggregate,1
Transitive Transport Bridge,canonical,aggregate,11
Transitive Transport Bridge,canonical,aggregate,15
Transitive Transport Bridge,canonical,aggregate,6
Transitive Transport Bridge,canonical,aggregate,1
Transitive Transport Bridge,canonical,aggregate,3
Transitive Transport Bridge,canonical,aggregate,8
Transitive Transport Bridge,canonical,aggregate,336
Transitive Transport Bridge,canonical,aggregate,1
Transitive Transport Bridge,canonical,aggregate,1
Transitive Transport Bridge,canonical,aggregate,193
Transitive Transport Bridge,canonical,aggregate,54
Transitive Transport Bridge,canonical,aggregate,146
Transitive Transport Bridge,canonical,aggregate,44
Transitive Transport Bridge,canonical,aggregate,246
Transitive Transport Bridge,canonical,aggregate,18
Transitive Transport Bridge,canonical,aggregate,3
Transitive Transport Bridge,canonical,aggregate,1
Transitive Transport Bridge,canonical,aggregate,136
Transitive Transport Bridge,canonical,aggregate,93
Transitive Transport Bridge,canonical,aggregate,96
Transitive Transport Bridge,canonical,aggregate,21
Transitive Transport Bridge,canonical,aggregate,1
Transitive Transport Bridge,canonical,heldout,12
Transitive Transport Bridge,canonical,heldout,20
Transitive Transport Bridge,canonical,heldout,8
Transitive Transport Bridge,canonical,heldout,44
Transitive Transport Bridge,canonical,heldout,266
Transitive Transport Bridge,canonical,heldout,42
Transitive Transport Bridge,canonical,heldout,31
Transitive Transport Bridge,canonical,heldout,31
Transitive Transport Bridge,canonical,heldout,12
Transitive Transport Bridge,canonical,heldout,21
Transitive Transport Bridge,canonical,heldout,157
Transitive Transport Bridge,canonical,heldout,110
Transitive Transport Bridge,canonical,heldout,19
Transitive Transport Bridge,canonical,heldout,42
Transitive Transport Bridge,canonical,heldout,2
Transitive Transport Bridge,canonical,heldout,156
Transitive Transport Bridge,canonical,heldout,32
Transitive Transport Bridge,canonical,heldout,10
Transitive Transport Bridge,canonical,heldout,31
Transitive Transport Bridge,canonical,heldout,3
Transitive Transport Bridge,canonical,heldout,3
Transitive Transport Bridge,canonical,heldout,215
Transitive Transport Bridge,canonical,heldout,153
Transitive Transport Bridge,canonical,heldout,203
Transitive Transport Bridge,canonical,heldout,1
Transitive Transport Bridge,canonical,heldout,349
Transitive Transport Bridge,canonical,heldout,63
Transitive Transport Bridge,canonical,heldout,8
Transitive Transport Bridge,canonical,heldout,193
Transitive Transport Bridge,canonical,heldout,21
Caption Distance FGW,canonical,aggregate,62
Caption Distance FGW,canonical,aggregate,21
Caption Distance FGW,canonical,aggregate,21
Caption Distance FGW,canonical,aggregate,45
Caption Distance FGW,canonical,aggregate,85
Caption Distance FGW,canonical,aggregate,46
Caption Distance FGW,canonical,aggregate,56
Caption Distance FGW,canonical,aggregate,88
Caption Distance FGW,canonical,aggregate,18
Caption Distance FGW,canonical,aggregate,1
Caption Distance FGW,canonical,aggregate,30
Caption Distance FGW,canonical,aggregate,2
Caption Distance FGW,canonical,aggregate,371
Caption Distance FGW,canonical,aggregate,3
Caption Distance FGW,canonical,aggregate,290
Caption Distance FGW,canonical,aggregate,2
Caption Distance FGW,canonical,aggregate,128
Caption Distance FGW,canonical,aggregate,46
Caption Distance FGW,canonical,aggregate,12
Caption Distance FGW,canonical,aggregate,12
Caption Distance FGW,canonical,aggregate,178
Caption Distance FGW,canonical,aggregate,15
Caption Distance FGW,canonical,aggregate,32
Caption Distance FGW,canonical,aggregate,108
Caption Distance FGW,canonical,aggregate,35
Caption Distance FGW,canonical,aggregate,152
Caption Distance FGW,canonical,aggregate,13
Caption Distance FGW,canonical,aggregate,81
Caption Distance FGW,canonical,aggregate,6
Caption Distance FGW,canonical,aggregate,151
Caption Distance FGW,canonical,aggregate,21
Caption Distance FGW,canonical,aggregate,4
Caption Distance FGW,canonical,aggregate,26
Caption Distance FGW,canonical,aggregate,10
Caption Distance FGW,canonical,aggregate,161
Caption Distance FGW,canonical,aggregate,2
Caption Distance FGW,canonical,aggregate,38
Caption Distance FGW,canonical,aggregate,3
Caption Distance FGW,canonical,aggregate,16
Caption Distance FGW,canonical,aggregate,28
Caption Distance FGW,canonical,aggregate,17
Caption Distance FGW,canonical,aggregate,261
Caption Distance FGW,canonical,aggregate,82
Caption Distance FGW,canonical,aggregate,3
Caption Distance FGW,canonical,aggregate,132
Caption Distance FGW,canonical,aggregate,5
Caption Distance FGW,canonical,aggregate,29
Caption Distance FGW,canonical,aggregate,8
Caption Distance FGW,canonical,aggregate,95
Caption Distance FGW,canonical,aggregate,1
Caption Distance FGW,canonical,aggregate,4
Caption Distance FGW,canonical,aggregate,169
Caption Distance FGW,canonical,aggregate,12
Caption Distance FGW,canonical,aggregate,224
Caption Distance FGW,canonical,aggregate,4
Caption Distance FGW,canonical,aggregate,25
Caption Distance FGW,canonical,aggregate,301
Caption Distance FGW,canonical,aggregate,57
Caption Distance FGW,canonical,aggregate,293
Caption Distance FGW,canonical,aggregate,54
Caption Distance FGW,canonical,aggregate,73
Caption Distance FGW,canonical,aggregate,195
Caption Distance FGW,canonical,aggregate,378
Caption Distance FGW,canonical,aggregate,50
Caption Distance FGW,canonical,aggregate,17
Caption Distance FGW,canonical,aggregate,126
Caption Distance FGW,canonical,aggregate,64
Caption Distance FGW,canonical,aggregate,181
Caption Distance FGW,canonical,aggregate,45
Caption Distance FGW,canonical,aggregate,30
Caption Distance FGW,canonical,aggregate,78
Caption Distance FGW,canonical,aggregate,14
Caption Distance FGW,canonical,aggregate,5
Caption Distance FGW,canonical,aggregate,34
Caption Distance FGW,canonical,aggregate,34
Caption Distance FGW,canonical,aggregate,10
Caption Distance FGW,canonical,aggregate,2
Caption Distance FGW,canonical,aggregate,184
Caption Distance FGW,canonical,aggregate,34
Caption Distance FGW,canonical,aggregate,185
Caption Distance FGW,canonical,aggregate,89
Caption Distance FGW,canonical,aggregate,19
Caption Distance FGW,canonical,aggregate,158
Caption Distance FGW,canonical,aggregate,18
Caption Distance FGW,canonical,aggregate,316
Caption Distance FGW,canonical,aggregate,25
Caption Distance FGW,canonical,aggregate,133
Caption Distance FGW,canonical,aggregate,185
Caption Distance FGW,canonical,aggregate,34
Caption Distance FGW,canonical,aggregate,47
Caption Distance FGW,canonical,aggregate,63
Caption Distance FGW,canonical,aggregate,129
Caption Distance FGW,canonical,aggregate,243
Caption Distance FGW,canonical,aggregate,99
Caption Distance FGW,canonical,aggregate,82
Caption Distance FGW,canonical,aggregate,37
Caption Distance FGW,canonical,aggregate,217
Caption Distance FGW,canonical,aggregate,133
Caption Distance FGW,canonical,aggregate,75
Caption Distance FGW,canonical,aggregate,240
Caption Distance FGW,canonical,aggregate,243
Caption Distance FGW,canonical,aggregate,123
Caption Distance FGW,canonical,aggregate,12
Caption Distance FGW,canonical,aggregate,344
Caption Distance FGW,canonical,aggregate,321
Caption Distance FGW,canonical,aggregate,29
Caption Distance FGW,canonical,aggregate,32
Caption Distance FGW,canonical,aggregate,10
Caption Distance FGW,canonical,aggregate,123
Caption Distance FGW,canonical,aggregate,1
Caption Distance FGW,canonical,aggregate,251
Caption Distance FGW,canonical,aggregate,235
Caption Distance FGW,canonical,aggregate,352
Caption Distance FGW,canonical,aggregate,1
Caption Distance FGW,canonical,aggregate,38
Caption Distance FGW,canonical,aggregate,60
Caption Distance FGW,canonical,aggregate,2
Caption Distance FGW,canonical,aggregate,147
Caption Distance FGW,canonical,aggregate,7
Caption Distance FGW,canonical,aggregate,192
Caption Distance FGW,canonical,aggregate,5
Caption Distance FGW,canonical,aggregate,28
Caption Distance FGW,canonical,aggregate,30
Caption Distance FGW,canonical,aggregate,1
Caption Distance FGW,canonical,aggregate,96
Caption Distance FGW,canonical,aggregate,49
Caption Distance FGW,canonical,aggregate,11
Caption Distance FGW,canonical,aggregate,7
Caption Distance FGW,canonical,aggregate,51
Caption Distance FGW,canonical,aggregate,46
Caption Distance FGW,canonical,aggregate,125
Caption Distance FGW,canonical,aggregate,11
Caption Distance FGW,canonical,aggregate,3
Caption Distance FGW,canonical,aggregate,29
Caption Distance FGW,canonical,aggregate,29
Caption Distance FGW,canonical,aggregate,62
Caption Distance FGW,canonical,aggregate,1
Caption Distance FGW,canonical,aggregate,171
Caption Distance FGW,canonical,aggregate,157
Caption Distance FGW,canonical,aggregate,41
Caption Distance FGW,canonical,aggregate,1
Caption Distance FGW,canonical,aggregate,149
Caption Distance FGW,canonical,aggregate,8
Caption Distance FGW,canonical,aggregate,102
Caption Distance FGW,canonical,aggregate,36
Caption Distance FGW,canonical,aggregate,7
Caption Distance FGW,canonical,aggregate,25
Caption Distance FGW,canonical,aggregate,115
Caption Distance FGW,canonical,aggregate,4
Caption Distance FGW,canonical,aggregate,2
Caption Distance FGW,canonical,aggregate,269
Caption Distance FGW,canonical,aggregate,339
Caption Distance FGW,canonical,aggregate,39
Caption Distance FGW,canonical,aggregate,7
Caption Distance FGW,canonical,aggregate,34
Caption Distance FGW,canonical,aggregate,4
Caption Distance FGW,canonical,aggregate,66
Caption Distance FGW,canonical,aggregate,68
Caption Distance FGW,canonical,aggregate,5
Caption Distance FGW,canonical,aggregate,13
Caption Distance FGW,canonical,aggregate,32
Caption Distance FGW,canonical,aggregate,12
Caption Distance FGW,canonical,aggregate,113
Caption Distance FGW,canonical,aggregate,24
Caption Distance FGW,canonical,aggregate,13
Caption Distance FGW,canonical,aggregate,40
Caption Distance FGW,canonical,aggregate,36
Caption Distance FGW,canonical,aggregate,58
Caption Distance FGW,canonical,aggregate,122
Caption Distance FGW,canonical,aggregate,6
Caption Distance FGW,canonical,aggregate,3
Caption Distance FGW,canonical,aggregate,135
Caption Distance FGW,canonical,aggregate,9
Caption Distance FGW,canonical,aggregate,113
Caption Distance FGW,canonical,aggregate,83
Caption Distance FGW,canonical,aggregate,12
Caption Distance FGW,canonical,aggregate,193
Caption Distance FGW,canonical,aggregate,287
Caption Distance FGW,canonical,aggregate,198
Caption Distance FGW,canonical,aggregate,19
Caption Distance FGW,canonical,aggregate,136
Caption Distance FGW,canonical,aggregate,27
Caption Distance FGW,canonical,aggregate,2
Caption Distance FGW,canonical,aggregate,6
Caption Distance FGW,canonical,aggregate,13
Caption Distance FGW,canonical,aggregate,13
Caption Distance FGW,canonical,aggregate,71
Caption Distance FGW,canonical,aggregate,164
Caption Distance FGW,canonical,aggregate,15
Caption Distance FGW,canonical,aggregate,4
Caption Distance FGW,canonical,aggregate,19
Caption Distance FGW,canonical,aggregate,5
Caption Distance FGW,canonical,aggregate,41
Caption Distance FGW,canonical,aggregate,57
Caption Distance FGW,canonical,aggregate,1
Caption Distance FGW,canonical,aggregate,266
Caption Distance FGW,canonical,aggregate,2
Caption Distance FGW,canonical,aggregate,21
Caption Distance FGW,canonical,aggregate,30
Caption Distance FGW,canonical,aggregate,85
Caption Distance FGW,canonical,aggregate,238
Caption Distance FGW,canonical,aggregate,24
Caption Distance FGW,canonical,aggregate,32
Caption Distance FGW,canonical,aggregate,92
Caption Distance FGW,canonical,aggregate,119
Caption Distance FGW,canonical,aggregate,285
Caption Distance FGW,canonical,aggregate,30
Caption Distance FGW,canonical,aggregate,143
Caption Distance FGW,canonical,aggregate,1
Caption Distance FGW,canonical,aggregate,229
Caption Distance FGW,canonical,aggregate,4
Caption Distance FGW,canonical,aggregate,12
Caption Distance FGW,canonical,aggregate,37
Caption Distance FGW,canonical,aggregate,163
Caption Distance FGW,canonical,aggregate,7
Caption Distance FGW,canonical,aggregate,2
Caption Distance FGW,canonical,aggregate,50
Caption Distance FGW,canonical,aggregate,22
Caption Distance FGW,canonical,aggregate,54
Caption Distance FGW,canonical,aggregate,124
Caption Distance FGW,canonical,aggregate,142
Caption Distance FGW,canonical,aggregate,26
Caption Distance FGW,canonical,aggregate,108
Caption Distance FGW,canonical,aggregate,22
Caption Distance FGW,canonical,aggregate,45
Caption Distance FGW,canonical,aggregate,202
Caption Distance FGW,canonical,aggregate,5
Caption Distance FGW,canonical,aggregate,3
Caption Distance FGW,canonical,aggregate,167
Caption Distance FGW,canonical,aggregate,104
Caption Distance FGW,canonical,aggregate,3
Caption Distance FGW,canonical,aggregate,228
Caption Distance FGW,canonical,aggregate,11
Caption Distance FGW,canonical,aggregate,154
Caption Distance FGW,canonical,aggregate,1
Caption Distance FGW,canonical,aggregate,80
Caption Distance FGW,canonical,aggregate,241
Caption Distance FGW,canonical,aggregate,59
Caption Distance FGW,canonical,aggregate,149
Caption Distance FGW,canonical,aggregate,26
Caption Distance FGW,canonical,aggregate,96
Caption Distance FGW,canonical,aggregate,98
Caption Distance FGW,canonical,aggregate,1
Caption Distance FGW,canonical,aggregate,38
Caption Distance FGW,canonical,aggregate,5
Caption Distance FGW,canonical,aggregate,20
Caption Distance FGW,canonical,aggregate,266
Caption Distance FGW,canonical,aggregate,54
Caption Distance FGW,canonical,aggregate,47
Caption Distance FGW,canonical,aggregate,55
Caption Distance FGW,canonical,aggregate,27
Caption Distance FGW,canonical,aggregate,15
Caption Distance FGW,canonical,aggregate,256
Caption Distance FGW,canonical,aggregate,31
Caption Distance FGW,canonical,aggregate,3
Caption Distance FGW,canonical,aggregate,12
Caption Distance FGW,canonical,aggregate,19
Caption Distance FGW,canonical,aggregate,98
Caption Distance FGW,canonical,aggregate,16
Caption Distance FGW,canonical,aggregate,35
Caption Distance FGW,canonical,aggregate,67
Caption Distance FGW,canonical,aggregate,10
Caption Distance FGW,canonical,aggregate,1
Caption Distance FGW,canonical,aggregate,17
Caption Distance FGW,canonical,aggregate,1
Caption Distance FGW,canonical,aggregate,6
Caption Distance FGW,canonical,aggregate,4
Caption Distance FGW,canonical,aggregate,1
Caption Distance FGW,canonical,aggregate,136
Caption Distance FGW,canonical,aggregate,60
Caption Distance FGW,canonical,aggregate,11
Caption Distance FGW,canonical,aggregate,290
Caption Distance FGW,canonical,aggregate,92
Caption Distance FGW,canonical,aggregate,1
Caption Distance FGW,canonical,aggregate,111
Caption Distance FGW,canonical,aggregate,253
Caption Distance FGW,canonical,aggregate,12
Caption Distance FGW,canonical,aggregate,39
Caption Distance FGW,canonical,aggregate,20
Caption Distance FGW,canonical,aggregate,76
Caption Distance FGW,canonical,aggregate,6
Caption Distance FGW,canonical,aggregate,57
Caption Distance FGW,canonical,aggregate,80
Caption Distance FGW,canonical,aggregate,147
Caption Distance FGW,canonical,aggregate,42
Caption Distance FGW,canonical,aggregate,166
Caption Distance FGW,canonical,aggregate,1
Caption Distance FGW,canonical,aggregate,5
Caption Distance FGW,canonical,aggregate,11
Caption Distance FGW,canonical,aggregate,244
Caption Distance FGW,canonical,aggregate,29
Caption Distance FGW,canonical,aggregate,23
Caption Distance FGW,canonical,aggregate,1
Caption Distance FGW,canonical,aggregate,4
Caption Distance FGW,canonical,aggregate,51
Caption Distance FGW,canonical,aggregate,18
Caption Distance FGW,canonical,aggregate,9
Caption Distance FGW,canonical,aggregate,35
Caption Distance FGW,canonical,aggregate,1
Caption Distance FGW,canonical,aggregate,1
Caption Distance FGW,canonical,aggregate,10
Caption Distance FGW,canonical,aggregate,30
Caption Distance FGW,canonical,aggregate,53
Caption Distance FGW,canonical,aggregate,37
Caption Distance FGW,canonical,aggregate,85
Caption Distance FGW,canonical,aggregate,59
Caption Distance FGW,canonical,aggregate,4
Caption Distance FGW,canonical,aggregate,209
Caption Distance FGW,canonical,aggregate,27
Caption Distance FGW,canonical,aggregate,122
Caption Distance FGW,canonical,aggregate,111
Caption Distance FGW,canonical,aggregate,5
Caption Distance FGW,canonical,aggregate,30
Caption Distance FGW,canonical,aggregate,34
Caption Distance FGW,canonical,aggregate,74
Caption Distance FGW,canonical,aggregate,226
Caption Distance FGW,canonical,aggregate,277
Caption Distance FGW,canonical,aggregate,180
Caption Distance FGW,canonical,aggregate,21
Caption Distance FGW,canonical,aggregate,32
Caption Distance FGW,canonical,aggregate,10
Caption Distance FGW,canonical,aggregate,104
Caption Distance FGW,canonical,aggregate,4
Caption Distance FGW,canonical,aggregate,22
Caption Distance FGW,canonical,aggregate,1
Caption Distance FGW,canonical,aggregate,6
Caption Distance FGW,canonical,aggregate,2
Caption Distance FGW,canonical,aggregate,72
Caption Distance FGW,canonical,aggregate,59
Caption Distance FGW,canonical,aggregate,119
Caption Distance FGW,canonical,aggregate,190
Caption Distance FGW,canonical,aggregate,17
Caption Distance FGW,canonical,aggregate,89
Caption Distance FGW,canonical,aggregate,191
Caption Distance FGW,canonical,aggregate,9
Caption Distance FGW,canonical,aggregate,280
Caption Distance FGW,canonical,aggregate,80
Caption Distance FGW,canonical,aggregate,85
Caption Distance FGW,canonical,aggregate,142
Caption Distance FGW,canonical,aggregate,25
Caption Distance FGW,canonical,aggregate,97
Caption Distance FGW,canonical,aggregate,12
Caption Distance FGW,canonical,aggregate,25
Caption Distance FGW,canonical,aggregate,19
Caption Distance FGW,canonical,aggregate,26
Caption Distance FGW,canonical,aggregate,173
Caption Distance FGW,canonical,aggregate,126
Caption Distance FGW,canonical,aggregate,81
Caption Distance FGW,canonical,aggregate,36
Caption Distance FGW,canonical,aggregate,40
Caption Distance FGW,canonical,aggregate,61
Caption Distance FGW,canonical,aggregate,1
Caption Distance FGW,canonical,aggregate,24
Caption Distance FGW,canonical,aggregate,42
Caption Distance FGW,canonical,aggregate,31
Caption Distance FGW,canonical,aggregate,288
Caption Distance FGW,canonical,aggregate,99
Caption Distance FGW,canonical,aggregate,99
Caption Distance FGW,canonical,aggregate,9
Caption Distance FGW,canonical,aggregate,81
Caption Distance FGW,canonical,aggregate,1
Caption Distance FGW,canonical,aggregate,400
Caption Distance FGW,canonical,aggregate,305
Caption Distance FGW,canonical,aggregate,102
Caption Distance FGW,canonical,aggregate,61
Caption Distance FGW,canonical,aggregate,29
Caption Distance FGW,canonical,aggregate,4
Caption Distance FGW,canonical,aggregate,4
Caption Distance FGW,canonical,aggregate,155
Caption Distance FGW,canonical,aggregate,22
Caption Distance FGW,canonical,aggregate,165
Caption Distance FGW,canonical,aggregate,178
Caption Distance FGW,canonical,aggregate,39
Caption Distance FGW,canonical,aggregate,155
Caption Distance FGW,canonical,aggregate,3
Caption Distance FGW,canonical,aggregate,114
Caption Distance FGW,canonical,aggregate,2
Caption Distance FGW,canonical,aggregate,123
Caption Distance FGW,canonical,aggregate,160
Caption Distance FGW,canonical,aggregate,99
Caption Distance FGW,canonical,aggregate,119
Caption Distance FGW,canonical,aggregate,2
Caption Distance FGW,canonical,aggregate,119
Caption Distance FGW,canonical,aggregate,13
Caption Distance FGW,canonical,aggregate,102
Caption Distance FGW,canonical,aggregate,13
Caption Distance FGW,canonical,aggregate,17
Caption Distance FGW,canonical,aggregate,236
Caption Distance FGW,canonical,aggregate,101
Caption Distance FGW,canonical,aggregate,94
Caption Distance FGW,canonical,aggregate,25
Caption Distance FGW,canonical,aggregate,213
Caption Distance FGW,canonical,aggregate,295
Caption Distance FGW,canonical,aggregate,2
Caption Distance FGW,canonical,aggregate,1
Caption Distance FGW,canonical,aggregate,74
Caption Distance FGW,canonical,aggregate,138
Caption Distance FGW,canonical,aggregate,195
Caption Distance FGW,canonical,aggregate,134
Caption Distance FGW,canonical,aggregate,151
Caption Distance FGW,canonical,heldout,85
Caption Distance FGW,canonical,heldout,88
Caption Distance FGW,canonical,heldout,151
Caption Distance FGW,canonical,heldout,169
Caption Distance FGW,canonical,heldout,47
Caption Distance FGW,canonical,heldout,243
Caption Distance FGW,canonical,heldout,12
Caption Distance FGW,canonical,heldout,1
Caption Distance FGW,canonical,heldout,7
Caption Distance FGW,canonical,heldout,11
Caption Distance FGW,canonical,heldout,41
Caption Distance FGW,canonical,heldout,115
Caption Distance FGW,canonical,heldout,7
Caption Distance FGW,canonical,heldout,34
Caption Distance FGW,canonical,heldout,12
Caption Distance FGW,canonical,heldout,67
Caption Distance FGW,canonical,heldout,1
Caption Distance FGW,canonical,heldout,4
Caption Distance FGW,canonical,heldout,1
Caption Distance FGW,canonical,heldout,11
Caption Distance FGW,canonical,heldout,1
Caption Distance FGW,canonical,heldout,85
Caption Distance FGW,canonical,heldout,111
Caption Distance FGW,canonical,heldout,42
Caption Distance FGW,canonical,heldout,4
Caption Distance FGW,canonical,heldout,178
Caption Distance FGW,canonical,heldout,39
Caption Distance FGW,canonical,heldout,13
Caption Distance FGW,canonical,heldout,236
Caption Distance FGW,canonical,heldout,134
GW (intra-modal geometry),canonical,aggregate,109
GW (intra-modal geometry),canonical,aggregate,86
GW (intra-modal geometry),canonical,aggregate,352
GW (intra-modal geometry),canonical,aggregate,285
GW (intra-modal geometry),canonical,aggregate,210
GW (intra-modal geometry),canonical,aggregate,148
GW (intra-modal geometry),canonical,aggregate,313
GW (intra-modal geometry),canonical,aggregate,146
GW (intra-modal geometry),canonical,aggregate,268
GW (intra-modal geometry),canonical,aggregate,138
GW (intra-modal geometry),canonical,aggregate,95
GW (intra-modal geometry),canonical,aggregate,375
GW (intra-modal geometry),canonical,aggregate,399
GW (intra-modal geometry),canonical,aggregate,311
GW (intra-modal geometry),canonical,aggregate,242
GW (intra-modal geometry),canonical,aggregate,151
GW (intra-modal geometry),canonical,aggregate,84
GW (intra-modal geometry),canonical,aggregate,57
GW (intra-modal geometry),canonical,aggregate,185
GW (intra-modal geometry),canonical,aggregate,195
GW (intra-modal geometry),canonical,aggregate,184
GW (intra-modal geometry),canonical,aggregate,75
GW (intra-modal geometry),canonical,aggregate,251
GW (intra-modal geometry),canonical,aggregate,279
GW (intra-modal geometry),canonical,aggregate,245
GW (intra-modal geometry),canonical,aggregate,205
GW (intra-modal geometry),canonical,aggregate,132
GW (intra-modal geometry),canonical,aggregate,55
GW (intra-modal geometry),canonical,aggregate,84
GW (intra-modal geometry),canonical,aggregate,25
GW (intra-modal geometry),canonical,aggregate,314
GW (intra-modal geometry),canonical,aggregate,6
GW (intra-modal geometry),canonical,aggregate,230
GW (intra-modal geometry),canonical,aggregate,79
GW (intra-modal geometry),canonical,aggregate,109
GW (intra-modal geometry),canonical,aggregate,33
GW (intra-modal geometry),canonical,aggregate,88
GW (intra-modal geometry),canonical,aggregate,166
GW (intra-modal geometry),canonical,aggregate,147
GW (intra-modal geometry),canonical,aggregate,360
GW (intra-modal geometry),canonical,aggregate,116
GW (intra-modal geometry),canonical,aggregate,213
GW (intra-modal geometry),canonical,aggregate,161
GW (intra-modal geometry),canonical,aggregate,196
GW (intra-modal geometry),canonical,aggregate,393
GW (intra-modal geometry),canonical,aggregate,178
GW (intra-modal geometry),canonical,aggregate,248
GW (intra-modal geometry),canonical,aggregate,97
GW (intra-modal geometry),canonical,aggregate,252
GW (intra-modal geometry),canonical,aggregate,208
GW (intra-modal geometry),canonical,aggregate,84
GW (intra-modal geometry),canonical,aggregate,4
GW (intra-modal geometry),canonical,aggregate,101
GW (intra-modal geometry),canonical,aggregate,368
GW (intra-modal geometry),canonical,aggregate,142
GW (intra-modal geometry),canonical,aggregate,126
GW (intra-modal geometry),canonical,aggregate,230
GW (intra-modal geometry),canonical,aggregate,61
GW (intra-modal geometry),canonical,aggregate,2
GW (intra-modal geometry),canonical,aggregate,367
GW (intra-modal geometry),canonical,aggregate,91
GW (intra-modal geometry),canonical,aggregate,29
GW (intra-modal geometry),canonical,aggregate,224
GW (intra-modal geometry),canonical,aggregate,142
GW (intra-modal geometry),canonical,aggregate,301
GW (intra-modal geometry),canonical,aggregate,270
GW (intra-modal geometry),canonical,aggregate,233
GW (intra-modal geometry),canonical,aggregate,193
GW (intra-modal geometry),canonical,aggregate,59
GW (intra-modal geometry),canonical,aggregate,144
GW (intra-modal geometry),canonical,aggregate,272
GW (intra-modal geometry),canonical,aggregate,82
GW (intra-modal geometry),canonical,aggregate,312
GW (intra-modal geometry),canonical,aggregate,121
GW (intra-modal geometry),canonical,aggregate,308
GW (intra-modal geometry),canonical,aggregate,342
GW (intra-modal geometry),canonical,aggregate,205
GW (intra-modal geometry),canonical,aggregate,240
GW (intra-modal geometry),canonical,aggregate,90
GW (intra-modal geometry),canonical,aggregate,291
GW (intra-modal geometry),canonical,aggregate,176
GW (intra-modal geometry),canonical,aggregate,182
GW (intra-modal geometry),canonical,aggregate,123
GW (intra-modal geometry),canonical,aggregate,103
GW (intra-modal geometry),canonical,aggregate,95
GW (intra-modal geometry),canonical,aggregate,312
GW (intra-modal geometry),canonical,aggregate,98
GW (intra-modal geometry),canonical,aggregate,173
GW (intra-modal geometry),canonical,aggregate,273
GW (intra-modal geometry),canonical,aggregate,187
GW (intra-modal geometry),canonical,aggregate,238
GW (intra-modal geometry),canonical,aggregate,392
GW (intra-modal geometry),canonical,aggregate,279
GW (intra-modal geometry),canonical,aggregate,274
GW (intra-modal geometry),canonical,aggregate,13
GW (intra-modal geometry),canonical,aggregate,328
GW (intra-modal geometry),canonical,aggregate,198
GW (intra-modal geometry),canonical,aggregate,246
GW (intra-modal geometry),canonical,aggregate,103
GW (intra-modal geometry),canonical,aggregate,237
GW (intra-modal geometry),canonical,aggregate,76
GW (intra-modal geometry),canonical,aggregate,28
GW (intra-modal geometry),canonical,aggregate,8
GW (intra-modal geometry),canonical,aggregate,95
GW (intra-modal geometry),canonical,aggregate,376
GW (intra-modal geometry),canonical,aggregate,252
GW (intra-modal geometry),canonical,aggregate,64
GW (intra-modal geometry),canonical,aggregate,70
GW (intra-modal geometry),canonical,aggregate,13
GW (intra-modal geometry),canonical,aggregate,33
GW (intra-modal geometry),canonical,aggregate,27
GW (intra-modal geometry),canonical,aggregate,127
GW (intra-modal geometry),canonical,aggregate,251
GW (intra-modal geometry),canonical,aggregate,20
GW (intra-modal geometry),canonical,aggregate,302
GW (intra-modal geometry),canonical,aggregate,267
GW (intra-modal geometry),canonical,aggregate,351
GW (intra-modal geometry),canonical,aggregate,253
GW (intra-modal geometry),canonical,aggregate,214
GW (intra-modal geometry),canonical,aggregate,180
GW (intra-modal geometry),canonical,aggregate,62
GW (intra-modal geometry),canonical,aggregate,292
GW (intra-modal geometry),canonical,aggregate,320
GW (intra-modal geometry),canonical,aggregate,272
GW (intra-modal geometry),canonical,aggregate,127
GW (intra-modal geometry),canonical,aggregate,4
GW (intra-modal geometry),canonical,aggregate,311
GW (intra-modal geometry),canonical,aggregate,65
GW (intra-modal geometry),canonical,aggregate,244
GW (intra-modal geometry),canonical,aggregate,116
GW (intra-modal geometry),canonical,aggregate,303
GW (intra-modal geometry),canonical,aggregate,289
GW (intra-modal geometry),canonical,aggregate,377
GW (intra-modal geometry),canonical,aggregate,76
GW (intra-modal geometry),canonical,aggregate,171
GW (intra-modal geometry),canonical,aggregate,343
GW (intra-modal geometry),canonical,aggregate,57
GW (intra-modal geometry),canonical,aggregate,290
GW (intra-modal geometry),canonical,aggregate,20
GW (intra-modal geometry),canonical,aggregate,84
GW (intra-modal geometry),canonical,aggregate,38
GW (intra-modal geometry),canonical,aggregate,341
GW (intra-modal geometry),canonical,aggregate,231
GW (intra-modal geometry),canonical,aggregate,307
GW (intra-modal geometry),canonical,aggregate,172
GW (intra-modal geometry),canonical,aggregate,140
GW (intra-modal geometry),canonical,aggregate,18
GW (intra-modal geometry),canonical,aggregate,40
GW (intra-modal geometry),canonical,aggregate,16
GW (intra-modal geometry),canonical,aggregate,31
GW (intra-modal geometry),canonical,aggregate,163
GW (intra-modal geometry),canonical,aggregate,92
GW (intra-modal geometry),canonical,aggregate,205
GW (intra-modal geometry),canonical,aggregate,115
GW (intra-modal geometry),canonical,aggregate,171
GW (intra-modal geometry),canonical,aggregate,387
GW (intra-modal geometry),canonical,aggregate,184
GW (intra-modal geometry),canonical,aggregate,282
GW (intra-modal geometry),canonical,aggregate,113
GW (intra-modal geometry),canonical,aggregate,261
GW (intra-modal geometry),canonical,aggregate,395
GW (intra-modal geometry),canonical,aggregate,30
GW (intra-modal geometry),canonical,aggregate,375
GW (intra-modal geometry),canonical,aggregate,379
GW (intra-modal geometry),canonical,aggregate,170
GW (intra-modal geometry),canonical,aggregate,193
GW (intra-modal geometry),canonical,aggregate,8
GW (intra-modal geometry),canonical,aggregate,101
GW (intra-modal geometry),canonical,aggregate,160
GW (intra-modal geometry),canonical,aggregate,74
GW (intra-modal geometry),canonical,aggregate,184
GW (intra-modal geometry),canonical,aggregate,247
GW (intra-modal geometry),canonical,aggregate,180
GW (intra-modal geometry),canonical,aggregate,98
GW (intra-modal geometry),canonical,aggregate,153
GW (intra-modal geometry),canonical,aggregate,53
GW (intra-modal geometry),canonical,aggregate,118
GW (intra-modal geometry),canonical,aggregate,372
GW (intra-modal geometry),canonical,aggregate,375
GW (intra-modal geometry),canonical,aggregate,203
GW (intra-modal geometry),canonical,aggregate,332
GW (intra-modal geometry),canonical,aggregate,179
GW (intra-modal geometry),canonical,aggregate,208
GW (intra-modal geometry),canonical,aggregate,85
GW (intra-modal geometry),canonical,aggregate,21
GW (intra-modal geometry),canonical,aggregate,19
GW (intra-modal geometry),canonical,aggregate,175
GW (intra-modal geometry),canonical,aggregate,219
GW (intra-modal geometry),canonical,aggregate,203
GW (intra-modal geometry),canonical,aggregate,221
GW (intra-modal geometry),canonical,aggregate,23
GW (intra-modal geometry),canonical,aggregate,257
GW (intra-modal geometry),canonical,aggregate,161
GW (intra-modal geometry),canonical,aggregate,220
GW (intra-modal geometry),canonical,aggregate,162
GW (intra-modal geometry),canonical,aggregate,27
GW (intra-modal geometry),canonical,aggregate,19
GW (intra-modal geometry),canonical,aggregate,207
GW (intra-modal geometry),canonical,aggregate,187
GW (intra-modal geometry),canonical,aggregate,308
GW (intra-modal geometry),canonical,aggregate,315
GW (intra-modal geometry),canonical,aggregate,287
GW (intra-modal geometry),canonical,aggregate,237
GW (intra-modal geometry),canonical,aggregate,105
GW (intra-modal geometry),canonical,aggregate,331
GW (intra-modal geometry),canonical,aggregate,26
GW (intra-modal geometry),canonical,aggregate,312
GW (intra-modal geometry),canonical,aggregate,22
GW (intra-modal geometry),canonical,aggregate,68
GW (intra-modal geometry),canonical,aggregate,121
GW (intra-modal geometry),canonical,aggregate,201
GW (intra-modal geometry),canonical,aggregate,391
GW (intra-modal geometry),canonical,aggregate,146
GW (intra-modal geometry),canonical,aggregate,377
GW (intra-modal geometry),canonical,aggregate,380
GW (intra-modal geometry),canonical,aggregate,133
GW (intra-modal geometry),canonical,aggregate,97
GW (intra-modal geometry),canonical,aggregate,48
GW (intra-modal geometry),canonical,aggregate,96
GW (intra-modal geometry),canonical,aggregate,214
GW (intra-modal geometry),canonical,aggregate,313
GW (intra-modal geometry),canonical,aggregate,115
GW (intra-modal geometry),canonical,aggregate,91
GW (intra-modal geometry),canonical,aggregate,71
GW (intra-modal geometry),canonical,aggregate,219
GW (intra-modal geometry),canonical,aggregate,253
GW (intra-modal geometry),canonical,aggregate,138
GW (intra-modal geometry),canonical,aggregate,139
GW (intra-modal geometry),canonical,aggregate,184
GW (intra-modal geometry),canonical,aggregate,151
GW (intra-modal geometry),canonical,aggregate,27
GW (intra-modal geometry),canonical,aggregate,122
GW (intra-modal geometry),canonical,aggregate,65
GW (intra-modal geometry),canonical,aggregate,391
GW (intra-modal geometry),canonical,aggregate,228
GW (intra-modal geometry),canonical,aggregate,271
GW (intra-modal geometry),canonical,aggregate,192
GW (intra-modal geometry),canonical,aggregate,195
GW (intra-modal geometry),canonical,aggregate,298
GW (intra-modal geometry),canonical,aggregate,26
GW (intra-modal geometry),canonical,aggregate,328
GW (intra-modal geometry),canonical,aggregate,69
GW (intra-modal geometry),canonical,aggregate,366
GW (intra-modal geometry),canonical,aggregate,196
GW (intra-modal geometry),canonical,aggregate,21
GW (intra-modal geometry),canonical,aggregate,235
GW (intra-modal geometry),canonical,aggregate,288
GW (intra-modal geometry),canonical,aggregate,316
GW (intra-modal geometry),canonical,aggregate,219
GW (intra-modal geometry),canonical,aggregate,357
GW (intra-modal geometry),canonical,aggregate,164
GW (intra-modal geometry),canonical,aggregate,169
GW (intra-modal geometry),canonical,aggregate,13
GW (intra-modal geometry),canonical,aggregate,89
GW (intra-modal geometry),canonical,aggregate,62
GW (intra-modal geometry),canonical,aggregate,97
GW (intra-modal geometry),canonical,aggregate,298
GW (intra-modal geometry),canonical,aggregate,167
GW (intra-modal geometry),canonical,aggregate,35
GW (intra-modal geometry),canonical,aggregate,162
GW (intra-modal geometry),canonical,aggregate,290
GW (intra-modal geometry),canonical,aggregate,17
GW (intra-modal geometry),canonical,aggregate,244
GW (intra-modal geometry),canonical,aggregate,342
GW (intra-modal geometry),canonical,aggregate,307
GW (intra-modal geometry),canonical,aggregate,30
GW (intra-modal geometry),canonical,aggregate,108
GW (intra-modal geometry),canonical,aggregate,205
GW (intra-modal geometry),canonical,aggregate,171
GW (intra-modal geometry),canonical,aggregate,252
GW (intra-modal geometry),canonical,aggregate,114
GW (intra-modal geometry),canonical,aggregate,194
GW (intra-modal geometry),canonical,aggregate,238
GW (intra-modal geometry),canonical,aggregate,144
GW (intra-modal geometry),canonical,aggregate,28
GW (intra-modal geometry),canonical,aggregate,289
GW (intra-modal geometry),canonical,aggregate,35
GW (intra-modal geometry),canonical,aggregate,15
GW (intra-modal geometry),canonical,aggregate,142
GW (intra-modal geometry),canonical,aggregate,77
GW (intra-modal geometry),canonical,aggregate,189
GW (intra-modal geometry),canonical,aggregate,119
GW (intra-modal geometry),canonical,aggregate,159
GW (intra-modal geometry),canonical,aggregate,297
GW (intra-modal geometry),canonical,aggregate,149
GW (intra-modal geometry),canonical,aggregate,209
GW (intra-modal geometry),canonical,aggregate,279
GW (intra-modal geometry),canonical,aggregate,15
GW (intra-modal geometry),canonical,aggregate,332
GW (intra-modal geometry),canonical,aggregate,39
GW (intra-modal geometry),canonical,aggregate,273
GW (intra-modal geometry),canonical,aggregate,334
GW (intra-modal geometry),canonical,aggregate,188
GW (intra-modal geometry),canonical,aggregate,165
GW (intra-modal geometry),canonical,aggregate,170
GW (intra-modal geometry),canonical,aggregate,161
GW (intra-modal geometry),canonical,aggregate,353
GW (intra-modal geometry),canonical,aggregate,54
GW (intra-modal geometry),canonical,aggregate,218
GW (intra-modal geometry),canonical,aggregate,215
GW (intra-modal geometry),canonical,aggregate,55
GW (intra-modal geometry),canonical,aggregate,248
GW (intra-modal geometry),canonical,aggregate,348
GW (intra-modal geometry),canonical,aggregate,335
GW (intra-modal geometry),canonical,aggregate,27
GW (intra-modal geometry),canonical,aggregate,310
GW (intra-modal geometry),canonical,aggregate,177
GW (intra-modal geometry),canonical,aggregate,342
GW (intra-modal geometry),canonical,aggregate,358
GW (intra-modal geometry),canonical,aggregate,234
GW (intra-modal geometry),canonical,aggregate,189
GW (intra-modal geometry),canonical,aggregate,300
GW (intra-modal geometry),canonical,aggregate,245
GW (intra-modal geometry),canonical,aggregate,95
GW (intra-modal geometry),canonical,aggregate,116
GW (intra-modal geometry),canonical,aggregate,346
GW (intra-modal geometry),canonical,aggregate,144
GW (intra-modal geometry),canonical,aggregate,121
GW (intra-modal geometry),canonical,aggregate,16
GW (intra-modal geometry),canonical,aggregate,106
GW (intra-modal geometry),canonical,aggregate,6
GW (intra-modal geometry),canonical,aggregate,78
GW (intra-modal geometry),canonical,aggregate,300
GW (intra-modal geometry),canonical,aggregate,229
GW (intra-modal geometry),canonical,aggregate,17
GW (intra-modal geometry),canonical,aggregate,80
GW (intra-modal geometry),canonical,aggregate,50
GW (intra-modal geometry),canonical,aggregate,122
GW (intra-modal geometry),canonical,aggregate,24
GW (intra-modal geometry),canonical,aggregate,349
GW (intra-modal geometry),canonical,aggregate,171
GW (intra-modal geometry),canonical,aggregate,17
GW (intra-modal geometry),canonical,aggregate,300
GW (intra-modal geometry),canonical,aggregate,395
GW (intra-modal geometry),canonical,aggregate,82
GW (intra-modal geometry),canonical,aggregate,287
GW (intra-modal geometry),canonical,aggregate,223
GW (intra-modal geometry),canonical,aggregate,228
GW (intra-modal geometry),canonical,aggregate,221
GW (intra-modal geometry),canonical,aggregate,38
GW (intra-modal geometry),canonical,aggregate,344
GW (intra-modal geometry),canonical,aggregate,70
GW (intra-modal geometry),canonical,aggregate,216
GW (intra-modal geometry),canonical,aggregate,104
GW (intra-modal geometry),canonical,aggregate,307
GW (intra-modal geometry),canonical,aggregate,246
GW (intra-modal geometry),canonical,aggregate,86
GW (intra-modal geometry),canonical,aggregate,287
GW (intra-modal geometry),canonical,aggregate,157
GW (intra-modal geometry),canonical,aggregate,217
GW (intra-modal geometry),canonical,aggregate,203
GW (intra-modal geometry),canonical,aggregate,27
GW (intra-modal geometry),canonical,aggregate,298
GW (intra-modal geometry),canonical,aggregate,178
GW (intra-modal geometry),canonical,aggregate,121
GW (intra-modal geometry),canonical,aggregate,59
GW (intra-modal geometry),canonical,aggregate,169
GW (intra-modal geometry),canonical,aggregate,73
GW (intra-modal geometry),canonical,aggregate,24
GW (intra-modal geometry),canonical,aggregate,263
GW (intra-modal geometry),canonical,aggregate,34
GW (intra-modal geometry),canonical,aggregate,393
GW (intra-modal geometry),canonical,aggregate,240
GW (intra-modal geometry),canonical,aggregate,244
GW (intra-modal geometry),canonical,aggregate,290
GW (intra-modal geometry),canonical,aggregate,32
GW (intra-modal geometry),canonical,aggregate,194
GW (intra-modal geometry),canonical,aggregate,25
GW (intra-modal geometry),canonical,aggregate,320
GW (intra-modal geometry),canonical,aggregate,96
GW (intra-modal geometry),canonical,aggregate,81
GW (intra-modal geometry),canonical,aggregate,351
GW (intra-modal geometry),canonical,aggregate,86
GW (intra-modal geometry),canonical,aggregate,206
GW (intra-modal geometry),canonical,aggregate,21
GW (intra-modal geometry),canonical,aggregate,310
GW (intra-modal geometry),canonical,aggregate,204
GW (intra-modal geometry),canonical,aggregate,11
GW (intra-modal geometry),canonical,aggregate,58
GW (intra-modal geometry),canonical,aggregate,83
GW (intra-modal geometry),canonical,aggregate,122
GW (intra-modal geometry),canonical,aggregate,27
GW (intra-modal geometry),canonical,aggregate,284
GW (intra-modal geometry),canonical,aggregate,51
GW (intra-modal geometry),canonical,aggregate,15
GW (intra-modal geometry),canonical,aggregate,40
GW (intra-modal geometry),canonical,aggregate,149
GW (intra-modal geometry),canonical,aggregate,29
GW (intra-modal geometry),canonical,aggregate,8
GW (intra-modal geometry),canonical,aggregate,212
GW (intra-modal geometry),canonical,aggregate,17
GW (intra-modal geometry),canonical,aggregate,325
GW (intra-modal geometry),canonical,aggregate,26
GW (intra-modal geometry),canonical,aggregate,103
GW (intra-modal geometry),canonical,aggregate,187
GW (intra-modal geometry),canonical,aggregate,272
GW (intra-modal geometry),canonical,aggregate,135
GW (intra-modal geometry),canonical,aggregate,219
GW (intra-modal geometry),canonical,aggregate,237
GW (intra-modal geometry),canonical,aggregate,211
GW (intra-modal geometry),canonical,heldout,210
GW (intra-modal geometry),canonical,heldout,146
GW (intra-modal geometry),canonical,heldout,25
GW (intra-modal geometry),canonical,heldout,4
GW (intra-modal geometry),canonical,heldout,187
GW (intra-modal geometry),canonical,heldout,279
GW (intra-modal geometry),canonical,heldout,8
GW (intra-modal geometry),canonical,heldout,20
GW (intra-modal geometry),canonical,heldout,214
GW (intra-modal geometry),canonical,heldout,311
GW (intra-modal geometry),canonical,heldout,84
GW (intra-modal geometry),canonical,heldout,40
GW (intra-modal geometry),canonical,heldout,115
GW (intra-modal geometry),canonical,heldout,171
GW (intra-modal geometry),canonical,heldout,30
GW (intra-modal geometry),canonical,heldout,290
GW (intra-modal geometry),canonical,heldout,244
GW (intra-modal geometry),canonical,heldout,108
GW (intra-modal geometry),canonical,heldout,279
GW (intra-modal geometry),canonical,heldout,332
GW (intra-modal geometry),canonical,heldout,188
GW (intra-modal geometry),canonical,heldout,27
GW (intra-modal geometry),canonical,heldout,189
GW (intra-modal geometry),canonical,heldout,178
GW (intra-modal geometry),canonical,heldout,25
GW (intra-modal geometry),canonical,heldout,351
GW (intra-modal geometry),canonical,heldout,86
GW (intra-modal geometry),canonical,heldout,51
GW (intra-modal geometry),canonical,heldout,29
GW (intra-modal geometry),canonical,heldout,237
Raw caption cosine (ceiling),canonical,aggregate,151
Raw caption cosine (ceiling),canonical,aggregate,1
Raw caption cosine (ceiling),canonical,aggregate,12
Raw caption cosine (ceiling),canonical,aggregate,125
Raw caption cosine (ceiling),canonical,aggregate,172
Raw caption cosine (ceiling),canonical,aggregate,47
Raw caption cosine (ceiling),canonical,aggregate,4
Raw caption cosine (ceiling),canonical,aggregate,158
Raw caption cosine (ceiling),canonical,aggregate,82
Raw caption cosine (ceiling),canonical,aggregate,2
Raw caption cosine (ceiling),canonical,aggregate,15
Raw caption cosine (ceiling),canonical,aggregate,1
Raw caption cosine (ceiling),canonical,aggregate,207
Raw caption cosine (ceiling),canonical,aggregate,1
Raw caption cosine (ceiling),canonical,aggregate,102
Raw caption cosine (ceiling),canonical,aggregate,8
Raw caption cosine (ceiling),canonical,aggregate,98
Raw caption cosine (ceiling),canonical,aggregate,80
Raw caption cosine (ceiling),canonical,aggregate,6
Raw caption cosine (ceiling),canonical,aggregate,16
Raw caption cosine (ceiling),canonical,aggregate,143
Raw caption cosine (ceiling),canonical,aggregate,78
Raw caption cosine (ceiling),canonical,aggregate,33
Raw caption cosine (ceiling),canonical,aggregate,2
Raw caption cosine (ceiling),canonical,aggregate,141
Raw caption cosine (ceiling),canonical,aggregate,146
Raw caption cosine (ceiling),canonical,aggregate,3
Raw caption cosine (ceiling),canonical,aggregate,49
Raw caption cosine (ceiling),canonical,aggregate,16
Raw caption cosine (ceiling),canonical,aggregate,271
Raw caption cosine (ceiling),canonical,aggregate,5
Raw caption cosine (ceiling),canonical,aggregate,1
Raw caption cosine (ceiling),canonical,aggregate,29
Raw caption cosine (ceiling),canonical,aggregate,10
Raw caption cosine (ceiling),canonical,aggregate,118
Raw caption cosine (ceiling),canonical,aggregate,3
Raw caption cosine (ceiling),canonical,aggregate,17
Raw caption cosine (ceiling),canonical,aggregate,1
Raw caption cosine (ceiling),canonical,aggregate,19
Raw caption cosine (ceiling),canonical,aggregate,11
Raw caption cosine (ceiling),canonical,aggregate,24
Raw caption cosine (ceiling),canonical,aggregate,297
Raw caption cosine (ceiling),canonical,aggregate,12
Raw caption cosine (ceiling),canonical,aggregate,3
Raw caption cosine (ceiling),canonical,aggregate,123
Raw caption cosine (ceiling),canonical,aggregate,1
Raw caption cosine (ceiling),canonical,aggregate,167
Raw caption cosine (ceiling),canonical,aggregate,25
Raw caption cosine (ceiling),canonical,aggregate,108
Raw caption cosine (ceiling),canonical,aggregate,1
Raw caption cosine (ceiling),canonical,aggregate,24
Raw caption cosine (ceiling),canonical,aggregate,120
Raw caption cosine (ceiling),canonical,aggregate,19
Raw caption cosine (ceiling),canonical,aggregate,216
Raw caption cosine (ceiling),canonical,aggregate,6
Raw caption cosine (ceiling),canonical,aggregate,45
Raw caption cosine (ceiling),canonical,aggregate,311
Raw caption cosine (ceiling),canonical,aggregate,140
Raw caption cosine (ceiling),canonical,aggregate,324
Raw caption cosine (ceiling),canonical,aggregate,74
Raw caption cosine (ceiling),canonical,aggregate,80
Raw caption cosine (ceiling),canonical,aggregate,173
Raw caption cosine (ceiling),canonical,aggregate,188
Raw caption cosine (ceiling),canonical,aggregate,162
Raw caption cosine (ceiling),canonical,aggregate,16
Raw caption cosine (ceiling),canonical,aggregate,258
Raw caption cosine (ceiling),canonical,aggregate,25
Raw caption cosine (ceiling),canonical,aggregate,99
Raw caption cosine (ceiling),canonical,aggregate,141
Raw caption cosine (ceiling),canonical,aggregate,81
Raw caption cosine (ceiling),canonical,aggregate,20
Raw caption cosine (ceiling),canonical,aggregate,39
Raw caption cosine (ceiling),canonical,aggregate,42
Raw caption cosine (ceiling),canonical,aggregate,213
Raw caption cosine (ceiling),canonical,aggregate,82
Raw caption cosine (ceiling),canonical,aggregate,1
Raw caption cosine (ceiling),canonical,aggregate,3
Raw caption cosine (ceiling),canonical,aggregate,348
Raw caption cosine (ceiling),canonical,aggregate,3
Raw caption cosine (ceiling),canonical,aggregate,298
Raw caption cosine (ceiling),canonical,aggregate,300
Raw caption cosine (ceiling),canonical,aggregate,25
Raw caption cosine (ceiling),canonical,aggregate,201
Raw caption cosine (ceiling),canonical,aggregate,95
Raw caption cosine (ceiling),canonical,aggregate,219
Raw caption cosine (ceiling),canonical,aggregate,24
Raw caption cosine (ceiling),canonical,aggregate,48
Raw caption cosine (ceiling),canonical,aggregate,325
Raw caption cosine (ceiling),canonical,aggregate,2
Raw caption cosine (ceiling),canonical,aggregate,166
Raw caption cosine (ceiling),canonical,aggregate,76
Raw caption cosine (ceiling),canonical,aggregate,19
Raw caption cosine (ceiling),canonical,aggregate,316
Raw caption cosine (ceiling),canonical,aggregate,137
Raw caption cosine (ceiling),canonical,aggregate,24
Raw caption cosine (ceiling),canonical,aggregate,21
Raw caption cosine (ceiling),canonical,aggregate,154
Raw caption cosine (ceiling),canonical,aggregate,113
Raw caption cosine (ceiling),canonical,aggregate,112
Raw caption cosine (ceiling),canonical,aggregate,297
Raw caption cosine (ceiling),canonical,aggregate,370
Raw caption cosine (ceiling),canonical,aggregate,180
Raw caption cosine (ceiling),canonical,aggregate,28
Raw caption cosine (ceiling),canonical,aggregate,214
Raw caption cosine (ceiling),canonical,aggregate,151
Raw caption cosine (ceiling),canonical,aggregate,55
Raw caption cosine (ceiling),canonical,aggregate,64
Raw caption cosine (ceiling),canonical,aggregate,13
Raw caption cosine (ceiling),canonical,aggregate,187
Raw caption cosine (ceiling),canonical,aggregate,150
Raw caption cosine (ceiling),canonical,aggregate,225
Raw caption cosine (ceiling),canonical,aggregate,313
Raw caption cosine (ceiling),canonical,aggregate,170
Raw caption cosine (ceiling),canonical,aggregate,9
Raw caption cosine (ceiling),canonical,aggregate,7
Raw caption cosine (ceiling),canonical,aggregate,127
Raw caption cosine (ceiling),canonical,aggregate,4
Raw caption cosine (ceiling),canonical,aggregate,159
Raw caption cosine (ceiling),canonical,aggregate,38
Raw caption cosine (ceiling),canonical,aggregate,392
Raw caption cosine (ceiling),canonical,aggregate,6
Raw caption cosine (ceiling),canonical,aggregate,39
Raw caption cosine (ceiling),canonical,aggregate,3
Raw caption cosine (ceiling),canonical,aggregate,9
Raw caption cosine (ceiling),canonical,aggregate,72
Raw caption cosine (ceiling),canonical,aggregate,35
Raw caption cosine (ceiling),canonical,aggregate,4
Raw caption cosine (ceiling),canonical,aggregate,156
Raw caption cosine (ceiling),canonical,aggregate,25
Raw caption cosine (ceiling),canonical,aggregate,84
Raw caption cosine (ceiling),canonical,aggregate,46
Raw caption cosine (ceiling),canonical,aggregate,8
Raw caption cosine (ceiling),canonical,aggregate,82
Raw caption cosine (ceiling),canonical,aggregate,157
Raw caption cosine (ceiling),canonical,aggregate,5
Raw caption cosine (ceiling),canonical,aggregate,168
Raw caption cosine (ceiling),canonical,aggregate,2
Raw caption cosine (ceiling),canonical,aggregate,280
Raw caption cosine (ceiling),canonical,aggregate,140
Raw caption cosine (ceiling),canonical,aggregate,4
Raw caption cosine (ceiling),canonical,aggregate,1
Raw caption cosine (ceiling),canonical,aggregate,138
Raw caption cosine (ceiling),canonical,aggregate,74
Raw caption cosine (ceiling),canonical,aggregate,53
Raw caption cosine (ceiling),canonical,aggregate,85
Raw caption cosine (ceiling),canonical,aggregate,2
Raw caption cosine (ceiling),canonical,aggregate,9
Raw caption cosine (ceiling),canonical,aggregate,277
Raw caption cosine (ceiling),canonical,aggregate,7
Raw caption cosine (ceiling),canonical,aggregate,3
Raw caption cosine (ceiling),canonical,aggregate,204
Raw caption cosine (ceiling),canonical,aggregate,320
Raw caption cosine (ceiling),canonical,aggregate,25
Raw caption cosine (ceiling),canonical,aggregate,13
Raw caption cosine (ceiling),canonical,aggregate,36
Raw caption cosine (ceiling),canonical,aggregate,1
Raw caption cosine (ceiling),canonical,aggregate,26
Raw caption cosine (ceiling),canonical,aggregate,5
Raw caption cosine (ceiling),canonical,aggregate,22
Raw caption cosine (ceiling),canonical,aggregate,7
Raw caption cosine (ceiling),canonical,aggregate,6
Raw caption cosine (ceiling),canonical,aggregate,64
Raw caption cosine (ceiling),canonical,aggregate,16
Raw caption cosine (ceiling),canonical,aggregate,7
Raw caption cosine (ceiling),canonical,aggregate,28
Raw caption cosine (ceiling),canonical,aggregate,234
Raw caption cosine (ceiling),canonical,aggregate,114
Raw caption cosine (ceiling),canonical,aggregate,162
Raw caption cosine (ceiling),canonical,aggregate,105
Raw caption cosine (ceiling),canonical,aggregate,2
Raw caption cosine (ceiling),canonical,aggregate,24
Raw caption cosine (ceiling),canonical,aggregate,100
Raw caption cosine (ceiling),canonical,aggregate,13
Raw caption cosine (ceiling),canonical,aggregate,154
Raw caption cosine (ceiling),canonical,aggregate,271
Raw caption cosine (ceiling),canonical,aggregate,79
Raw caption cosine (ceiling),canonical,aggregate,156
Raw caption cosine (ceiling),canonical,aggregate,177
Raw caption cosine (ceiling),canonical,aggregate,235
Raw caption cosine (ceiling),canonical,aggregate,42
Raw caption cosine (ceiling),canonical,aggregate,340
Raw caption cosine (ceiling),canonical,aggregate,106
Raw caption cosine (ceiling),canonical,aggregate,2
Raw caption cosine (ceiling),canonical,aggregate,39
Raw caption cosine (ceiling),canonical,aggregate,63
Raw caption cosine (ceiling),canonical,aggregate,33
Raw caption cosine (ceiling),canonical,aggregate,261
Raw caption cosine (ceiling),canonical,aggregate,24
Raw caption cosine (ceiling),canonical,aggregate,28
Raw caption cosine (ceiling),canonical,aggregate,18
Raw caption cosine (ceiling),canonical,aggregate,101
Raw caption cosine (ceiling),canonical,aggregate,10
Raw caption cosine (ceiling),canonical,aggregate,158
Raw caption cosine (ceiling),canonical,aggregate,168
Raw caption cosine (ceiling),canonical,aggregate,1
Raw caption cosine (ceiling),canonical,aggregate,338
Raw caption cosine (ceiling),canonical,aggregate,51
Raw caption cosine (ceiling),canonical,aggregate,58
Raw caption cosine (ceiling),canonical,aggregate,7
Raw caption cosine (ceiling),canonical,aggregate,11
Raw caption cosine (ceiling),canonical,aggregate,267
Raw caption cosine (ceiling),canonical,aggregate,28
Raw caption cosine (ceiling),canonical,aggregate,101
Raw caption cosine (ceiling),canonical,aggregate,90
Raw caption cosine (ceiling),canonical,aggregate,232
Raw caption cosine (ceiling),canonical,aggregate,123
Raw caption cosine (ceiling),canonical,aggregate,35
Raw caption cosine (ceiling),canonical,aggregate,253
Raw caption cosine (ceiling),canonical,aggregate,1
Raw caption cosine (ceiling),canonical,aggregate,304
Raw caption cosine (ceiling),canonical,aggregate,2
Raw caption cosine (ceiling),canonical,aggregate,14
Raw caption cosine (ceiling),canonical,aggregate,69
Raw caption cosine (ceiling),canonical,aggregate,129
Raw caption cosine (ceiling),canonical,aggregate,2
Raw caption cosine (ceiling),canonical,aggregate,2
Raw caption cosine (ceiling),canonical,aggregate,106
Raw caption cosine (ceiling),canonical,aggregate,84
Raw caption cosine (ceiling),canonical,aggregate,103
Raw caption cosine (ceiling),canonical,aggregate,64
Raw caption cosine (ceiling),canonical,aggregate,61
Raw caption cosine (ceiling),canonical,aggregate,76
Raw caption cosine (ceiling),canonical,aggregate,343
Raw caption cosine (ceiling),canonical,aggregate,3
Raw caption cosine (ceiling),canonical,aggregate,58
Raw caption cosine (ceiling),canonical,aggregate,18
Raw caption cosine (ceiling),canonical,aggregate,9
Raw caption cosine (ceiling),canonical,aggregate,4
Raw caption cosine (ceiling),canonical,aggregate,378
Raw caption cosine (ceiling),canonical,aggregate,360
Raw caption cosine (ceiling),canonical,aggregate,2
Raw caption cosine (ceiling),canonical,aggregate,236
Raw caption cosine (ceiling),canonical,aggregate,11
Raw caption cosine (ceiling),canonical,aggregate,9
Raw caption cosine (ceiling),canonical,aggregate,4
Raw caption cosine (ceiling),canonical,aggregate,20
Raw caption cosine (ceiling),canonical,aggregate,148
Raw caption cosine (ceiling),canonical,aggregate,45
Raw caption cosine (ceiling),canonical,aggregate,94
Raw caption cosine (ceiling),canonical,aggregate,307
Raw caption cosine (ceiling),canonical,aggregate,87
Raw caption cosine (ceiling),canonical,aggregate,28
Raw caption cosine (ceiling),canonical,aggregate,1
Raw caption cosine (ceiling),canonical,aggregate,86
Raw caption cosine (ceiling),canonical,aggregate,13
Raw caption cosine (ceiling),canonical,aggregate,154
Raw caption cosine (ceiling),canonical,aggregate,270
Raw caption cosine (ceiling),canonical,aggregate,2
Raw caption cosine (ceiling),canonical,aggregate,24
Raw caption cosine (ceiling),canonical,aggregate,66
Raw caption cosine (ceiling),canonical,aggregate,158
Raw caption cosine (ceiling),canonical,aggregate,24
Raw caption cosine (ceiling),canonical,aggregate,171
Raw caption cosine (ceiling),canonical,aggregate,3
Raw caption cosine (ceiling),canonical,aggregate,8
Raw caption cosine (ceiling),canonical,aggregate,20
Raw caption cosine (ceiling),canonical,aggregate,23
Raw caption cosine (ceiling),canonical,aggregate,173
Raw caption cosine (ceiling),canonical,aggregate,21
Raw caption cosine (ceiling),canonical,aggregate,20
Raw caption cosine (ceiling),canonical,aggregate,97
Raw caption cosine (ceiling),canonical,aggregate,70
Raw caption cosine (ceiling),canonical,aggregate,1
Raw caption cosine (ceiling),canonical,aggregate,89
Raw caption cosine (ceiling),canonical,aggregate,2
Raw caption cosine (ceiling),canonical,aggregate,1
Raw caption cosine (ceiling),canonical,aggregate,6
Raw caption cosine (ceiling),canonical,aggregate,3
Raw caption cosine (ceiling),canonical,aggregate,259
Raw caption cosine (ceiling),canonical,aggregate,187
Raw caption cosine (ceiling),canonical,aggregate,2
Raw caption cosine (ceiling),canonical,aggregate,301
Raw caption cosine (ceiling),canonical,aggregate,114
Raw caption cosine (ceiling),canonical,aggregate,1
Raw caption cosine (ceiling),canonical,aggregate,204
Raw caption cosine (ceiling),canonical,aggregate,56
Raw caption cosine (ceiling),canonical,aggregate,332
Raw caption cosine (ceiling),canonical,aggregate,126
Raw caption cosine (ceiling),canonical,aggregate,61
Raw caption cosine (ceiling),canonical,aggregate,385
Raw caption cosine (ceiling),canonical,aggregate,210
Raw caption cosine (ceiling),canonical,aggregate,77
Raw caption cosine (ceiling),canonical,aggregate,11
Raw caption cosine (ceiling),canonical,aggregate,101
Raw caption cosine (ceiling),canonical,aggregate,15
Raw caption cosine (ceiling),canonical,aggregate,208
Raw caption cosine (ceiling),canonical,aggregate,1
Raw caption cosine (ceiling),canonical,aggregate,7
Raw caption cosine (ceiling),canonical,aggregate,5
Raw caption cosine (ceiling),canonical,aggregate,222
Raw caption cosine (ceiling),canonical,aggregate,15
Raw caption cosine (ceiling),canonical,aggregate,131
Raw caption cosine (ceiling),canonical,aggregate,1
Raw caption cosine (ceiling),canonical,aggregate,59
Raw caption cosine (ceiling),canonical,aggregate,2
Raw caption cosine (ceiling),canonical,aggregate,128
Raw caption cosine (ceiling),canonical,aggregate,80
Raw caption cosine (ceiling),canonical,aggregate,31
Raw caption cosine (ceiling),canonical,aggregate,2
Raw caption cosine (ceiling),canonical,aggregate,8
Raw caption cosine (ceiling),canonical,aggregate,1
Raw caption cosine (ceiling),canonical,aggregate,36
Raw caption cosine (ceiling),canonical,aggregate,108
Raw caption cosine (ceiling),canonical,aggregate,65
Raw caption cosine (ceiling),canonical,aggregate,248
Raw caption cosine (ceiling),canonical,aggregate,42
Raw caption cosine (ceiling),canonical,aggregate,5
Raw caption cosine (ceiling),canonical,aggregate,275
Raw caption cosine (ceiling),canonical,aggregate,13
Raw caption cosine (ceiling),canonical,aggregate,307
Raw caption cosine (ceiling),canonical,aggregate,36
Raw caption cosine (ceiling),canonical,aggregate,8
Raw caption cosine (ceiling),canonical,aggregate,37
Raw caption cosine (ceiling),canonical,aggregate,143
Raw caption cosine (ceiling),canonical,aggregate,87
Raw caption cosine (ceiling),canonical,aggregate,218
Raw caption cosine (ceiling),canonical,aggregate,297
Raw caption cosine (ceiling),canonical,aggregate,310
Raw caption cosine (ceiling),canonical,aggregate,6
Raw caption cosine (ceiling),canonical,aggregate,60
Raw caption cosine (ceiling),canonical,aggregate,193
Raw caption cosine (ceiling),canonical,aggregate,152
Raw caption cosine (ceiling),canonical,aggregate,24
Raw caption cosine (ceiling),canonical,aggregate,64
Raw caption cosine (ceiling),canonical,aggregate,8
Raw caption cosine (ceiling),canonical,aggregate,24
Raw caption cosine (ceiling),canonical,aggregate,6
Raw caption cosine (ceiling),canonical,aggregate,147
Raw caption cosine (ceiling),canonical,aggregate,130
Raw caption cosine (ceiling),canonical,aggregate,51
Raw caption cosine (ceiling),canonical,aggregate,104
Raw caption cosine (ceiling),canonical,aggregate,32
Raw caption cosine (ceiling),canonical,aggregate,312
Raw caption cosine (ceiling),canonical,aggregate,145
Raw caption cosine (ceiling),canonical,aggregate,16
Raw caption cosine (ceiling),canonical,aggregate,149
Raw caption cosine (ceiling),canonical,aggregate,67
Raw caption cosine (ceiling),canonical,aggregate,68
Raw caption cosine (ceiling),canonical,aggregate,51
Raw caption cosine (ceiling),canonical,aggregate,208
Raw caption cosine (ceiling),canonical,aggregate,44
Raw caption cosine (ceiling),canonical,aggregate,4
Raw caption cosine (ceiling),canonical,aggregate,97
Raw caption cosine (ceiling),canonical,aggregate,95
Raw caption cosine (ceiling),canonical,aggregate,1
Raw caption cosine (ceiling),canonical,aggregate,135
Raw caption cosine (ceiling),canonical,aggregate,226
Raw caption cosine (ceiling),canonical,aggregate,11
Raw caption cosine (ceiling),canonical,aggregate,125
Raw caption cosine (ceiling),canonical,aggregate,59
Raw caption cosine (ceiling),canonical,aggregate,35
Raw caption cosine (ceiling),canonical,aggregate,1
Raw caption cosine (ceiling),canonical,aggregate,133
Raw caption cosine (ceiling),canonical,aggregate,116
Raw caption cosine (ceiling),canonical,aggregate,12
Raw caption cosine (ceiling),canonical,aggregate,23
Raw caption cosine (ceiling),canonical,aggregate,39
Raw caption cosine (ceiling),canonical,aggregate,142
Raw caption cosine (ceiling),canonical,aggregate,60
Raw caption cosine (ceiling),canonical,aggregate,34
Raw caption cosine (ceiling),canonical,aggregate,1
Raw caption cosine (ceiling),canonical,aggregate,391
Raw caption cosine (ceiling),canonical,aggregate,301
Raw caption cosine (ceiling),canonical,aggregate,86
Raw caption cosine (ceiling),canonical,aggregate,13
Raw caption cosine (ceiling),canonical,aggregate,71
Raw caption cosine (ceiling),canonical,aggregate,1
Raw caption cosine (ceiling),canonical,aggregate,5
Raw caption cosine (ceiling),canonical,aggregate,198
Raw caption cosine (ceiling),canonical,aggregate,54
Raw caption cosine (ceiling),canonical,aggregate,330
Raw caption cosine (ceiling),canonical,aggregate,147
Raw caption cosine (ceiling),canonical,aggregate,221
Raw caption cosine (ceiling),canonical,aggregate,325
Raw caption cosine (ceiling),canonical,aggregate,1
Raw caption cosine (ceiling),canonical,aggregate,46
Raw caption cosine (ceiling),canonical,aggregate,89
Raw caption cosine (ceiling),canonical,aggregate,253
Raw caption cosine (ceiling),canonical,aggregate,232
Raw caption cosine (ceiling),canonical,aggregate,101
Raw caption cosine (ceiling),canonical,aggregate,116
Raw caption cosine (ceiling),canonical,aggregate,5
Raw caption cosine (ceiling),canonical,aggregate,129
Raw caption cosine (ceiling),canonical,aggregate,28
Raw caption cosine (ceiling),canonical,aggregate,260
Raw caption cosine (ceiling),canonical,aggregate,12
Raw caption cosine (ceiling),canonical,aggregate,4
Raw caption cosine (ceiling),canonical,aggregate,38
Raw caption cosine (ceiling),canonical,aggregate,15
Raw caption cosine (ceiling),canonical,aggregate,114
Raw caption cosine (ceiling),canonical,aggregate,99
Raw caption cosine (ceiling),canonical,aggregate,223
Raw caption cosine (ceiling),canonical,aggregate,122
Raw caption cosine (ceiling),canonical,aggregate,4
Raw caption cosine (ceiling),canonical,aggregate,1
Raw caption cosine (ceiling),canonical,aggregate,22
Raw caption cosine (ceiling),canonical,aggregate,132
Raw caption cosine (ceiling),canonical,aggregate,71
Raw caption cosine (ceiling),canonical,aggregate,169
Raw caption cosine (ceiling),canonical,aggregate,344
Raw caption cosine (ceiling),canonical,heldout,172
Raw caption cosine (ceiling),canonical,heldout,158
Raw caption cosine (ceiling),canonical,heldout,271
Raw caption cosine (ceiling),canonical,heldout,120
Raw caption cosine (ceiling),canonical,heldout,166
Raw caption cosine (ceiling),canonical,heldout,316
Raw caption cosine (ceiling),canonical,heldout,28
Raw caption cosine (ceiling),canonical,heldout,9
Raw caption cosine (ceiling),canonical,heldout,38
Raw caption cosine (ceiling),canonical,heldout,4
Raw caption cosine (ceiling),canonical,heldout,4
Raw caption cosine (ceiling),canonical,heldout,277
Raw caption cosine (ceiling),canonical,heldout,13
Raw caption cosine (ceiling),canonical,heldout,36
Raw caption cosine (ceiling),canonical,heldout,64
Raw caption cosine (ceiling),canonical,heldout,97
Raw caption cosine (ceiling),canonical,heldout,1
Raw caption cosine (ceiling),canonical,heldout,6
Raw caption cosine (ceiling),canonical,heldout,1
Raw caption cosine (ceiling),canonical,heldout,5
Raw caption cosine (ceiling),canonical,heldout,1
Raw caption cosine (ceiling),canonical,heldout,248
Raw caption cosine (ceiling),canonical,heldout,36
Raw caption cosine (ceiling),canonical,heldout,116
Raw caption cosine (ceiling),canonical,heldout,5
Raw caption cosine (ceiling),canonical,heldout,147
Raw caption cosine (ceiling),canonical,heldout,221
Raw caption cosine (ceiling),canonical,heldout,28
Raw caption cosine (ceiling),canonical,heldout,38
Raw caption cosine (ceiling),canonical,heldout,169
Random (baseline),text-free,aggregate,93
Random (baseline),text-free,aggregate,31
Random (baseline),text-free,aggregate,48
Random (baseline),text-free,aggregate,112
Random (baseline),text-free,aggregate,309
Random (baseline),text-free,aggregate,46
Random (baseline),text-free,aggregate,194
Random (baseline),text-free,aggregate,97
Random (baseline),text-free,aggregate,349
Random (baseline),text-free,aggregate,302
Random (baseline),text-free,aggregate,291
Random (baseline),text-free,aggregate,377
Random (baseline),text-free,aggregate,181
Random (baseline),text-free,aggregate,39
Random (baseline),text-free,aggregate,156
Random (baseline),text-free,aggregate,376
Random (baseline),text-free,aggregate,222
Random (baseline),text-free,aggregate,335
Random (baseline),text-free,aggregate,290
Random (baseline),text-free,aggregate,69
Random (baseline),text-free,aggregate,339
Random (baseline),text-free,aggregate,56
Random (baseline),text-free,aggregate,142
Random (baseline),text-free,aggregate,125
Random (baseline),text-free,aggregate,88
Random (baseline),text-free,aggregate,344
Random (baseline),text-free,aggregate,364
Random (baseline),text-free,aggregate,198
Random (baseline),text-free,aggregate,122
Random (baseline),text-free,aggregate,126
Random (baseline),text-free,aggregate,312
Random (baseline),text-free,aggregate,49
Random (baseline),text-free,aggregate,382
Random (baseline),text-free,aggregate,136
Random (baseline),text-free,aggregate,104
Random (baseline),text-free,aggregate,144
Random (baseline),text-free,aggregate,343
Random (baseline),text-free,aggregate,270
Random (baseline),text-free,aggregate,106
Random (baseline),text-free,aggregate,252
Random (baseline),text-free,aggregate,22
Random (baseline),text-free,aggregate,36
Random (baseline),text-free,aggregate,275
Random (baseline),text-free,aggregate,127
Random (baseline),text-free,aggregate,349
Random (baseline),text-free,aggregate,351
Random (baseline),text-free,aggregate,211
Random (baseline),text-free,aggregate,31
Random (baseline),text-free,aggregate,125
Random (baseline),text-free,aggregate,399
Random (baseline),text-free,aggregate,279
Random (baseline),text-free,aggregate,236
Random (baseline),text-free,aggregate,135
Random (baseline),text-free,aggregate,248
Random (baseline),text-free,aggregate,339
Random (baseline),text-free,aggregate,353
Random (baseline),text-free,aggregate,362
Random (baseline),text-free,aggregate,59
Random (baseline),text-free,aggregate,50
Random (baseline),text-free,aggregate,159
Random (baseline),text-free,aggregate,394
Random (baseline),text-free,aggregate,385
Random (baseline),text-free,aggregate,62
Random (baseline),text-free,aggregate,28
Random (baseline),text-free,aggregate,4
Random (baseline),text-free,aggregate,326
Random (baseline),text-free,aggregate,112
Random (baseline),text-free,aggregate,176
Random (baseline),text-free,aggregate,33
Random (baseline),text-free,aggregate,308
Random (baseline),text-free,aggregate,14
Random (baseline),text-free,aggregate,162
Random (baseline),text-free,aggregate,65
Random (baseline),text-free,aggregate,44
Random (baseline),text-free,aggregate,82
Random (baseline),text-free,aggregate,47
Random (baseline),text-free,aggregate,252
Random (baseline),text-free,aggregate,198
Random (baseline),text-free,aggregate,87
Random (baseline),text-free,aggregate,208
Random (baseline),text-free,aggregate,231
Random (baseline),text-free,aggregate,116
Random (baseline),text-free,aggregate,153
Random (baseline),text-free,aggregate,300
Random (baseline),text-free,aggregate,390
Random (baseline),text-free,aggregate,241
Random (baseline),text-free,aggregate,246
Random (baseline),text-free,aggregate,31
Random (baseline),text-free,aggregate,320
Random (baseline),text-free,aggregate,41
Random (baseline),text-free,aggregate,240
Random (baseline),text-free,aggregate,313
Random (baseline),text-free,aggregate,247
Random (baseline),text-free,aggregate,142
Random (baseline),text-free,aggregate,71
Random (baseline),text-free,aggregate,353
Random (baseline),text-free,aggregate,183
Random (baseline),text-free,aggregate,21
Random (baseline),text-free,aggregate,25
Random (baseline),text-free,aggregate,283
Random (baseline),text-free,aggregate,57
Random (baseline),text-free,aggregate,99
Random (baseline),text-free,aggregate,196
Random (baseline),text-free,aggregate,50
Random (baseline),text-free,aggregate,303
Random (baseline),text-free,aggregate,235
Random (baseline),text-free,aggregate,99
Random (baseline),text-free,aggregate,2
Random (baseline),text-free,aggregate,329
Random (baseline),text-free,aggregate,7
Random (baseline),text-free,aggregate,241
Random (baseline),text-free,aggregate,305
Random (baseline),text-free,aggregate,52
Random (baseline),text-free,aggregate,147
Random (baseline),text-free,aggregate,98
Random (baseline),text-free,aggregate,96
Random (baseline),text-free,aggregate,374
Random (baseline),text-free,aggregate,249
Random (baseline),text-free,aggregate,187
Random (baseline),text-free,aggregate,108
Random (baseline),text-free,aggregate,251
Random (baseline),text-free,aggregate,23
Random (baseline),text-free,aggregate,383
Random (baseline),text-free,aggregate,36
Random (baseline),text-free,aggregate,5
Random (baseline),text-free,aggregate,109
Random (baseline),text-free,aggregate,51
Random (baseline),text-free,aggregate,386
Random (baseline),text-free,aggregate,133
Random (baseline),text-free,aggregate,44
Random (baseline),text-free,aggregate,43
Random (baseline),text-free,aggregate,371
Random (baseline),text-free,aggregate,101
Random (baseline),text-free,aggregate,240
Random (baseline),text-free,aggregate,255
Random (baseline),text-free,aggregate,165
Random (baseline),text-free,aggregate,120
Random (baseline),text-free,aggregate,369
Random (baseline),text-free,aggregate,47
Random (baseline),text-free,aggregate,145
Random (baseline),text-free,aggregate,282
Random (baseline),text-free,aggregate,97
Random (baseline),text-free,aggregate,294
Random (baseline),text-free,aggregate,366
Random (baseline),text-free,aggregate,140
Random (baseline),text-free,aggregate,116
Random (baseline),text-free,aggregate,237
Random (baseline),text-free,aggregate,27
Random (baseline),text-free,aggregate,75
Random (baseline),text-free,aggregate,21
Random (baseline),text-free,aggregate,144
Random (baseline),text-free,aggregate,195
Random (baseline),text-free,aggregate,26
Random (baseline),text-free,aggregate,44
Random (baseline),text-free,aggregate,84
Random (baseline),text-free,aggregate,169
Random (baseline),text-free,aggregate,329
Random (baseline),text-free,aggregate,337
Random (baseline),text-free,aggregate,256
Random (baseline),text-free,aggregate,164
Random (baseline),text-free,aggregate,92
Random (baseline),text-free,aggregate,109
Random (baseline),text-free,aggregate,368
Random (baseline),text-free,aggregate,89
Random (baseline),text-free,aggregate,205
Random (baseline),text-free,aggregate,245
Random (baseline),text-free,aggregate,161
Random (baseline),text-free,aggregate,68
Random (baseline),text-free,aggregate,279
Random (baseline),text-free,aggregate,290
Random (baseline),text-free,aggregate,371
Random (baseline),text-free,aggregate,132
Random (baseline),text-free,aggregate,109
Random (baseline),text-free,aggregate,32
Random (baseline),text-free,aggregate,126
Random (baseline),text-free,aggregate,166
Random (baseline),text-free,aggregate,7
Random (baseline),text-free,aggregate,213
Random (baseline),text-free,aggregate,219
Random (baseline),text-free,aggregate,203
Random (baseline),text-free,aggregate,18
Random (baseline),text-free,aggregate,341
Random (baseline),text-free,aggregate,73
Random (baseline),text-free,aggregate,44
Random (baseline),text-free,aggregate,295
Random (baseline),text-free,aggregate,287
Random (baseline),text-free,aggregate,152
Random (baseline),text-free,aggregate,201
Random (baseline),text-free,aggregate,284
Random (baseline),text-free,aggregate,8
Random (baseline),text-free,aggregate,161
Random (baseline),text-free,aggregate,260
Random (baseline),text-free,aggregate,389
Random (baseline),text-free,aggregate,95
Random (baseline),text-free,aggregate,90
Random (baseline),text-free,aggregate,173
Random (baseline),text-free,aggregate,187
Random (baseline),text-free,aggregate,362
Random (baseline),text-free,aggregate,188
Random (baseline),text-free,aggregate,356
Random (baseline),text-free,aggregate,262
Random (baseline),text-free,aggregate,244
Random (baseline),text-free,aggregate,390
Random (baseline),text-free,aggregate,399
Random (baseline),text-free,aggregate,215
Random (baseline),text-free,aggregate,21
Random (baseline),text-free,aggregate,51
Random (baseline),text-free,aggregate,276
Random (baseline),text-free,aggregate,389
Random (baseline),text-free,aggregate,60
Random (baseline),text-free,aggregate,89
Random (baseline),text-free,aggregate,125
Random (baseline),text-free,aggregate,251
Random (baseline),text-free,aggregate,19
Random (baseline),text-free,aggregate,326
Random (baseline),text-free,aggregate,4
Random (baseline),text-free,aggregate,167
Random (baseline),text-free,aggregate,296
Random (baseline),text-free,aggregate,30
Random (baseline),text-free,aggregate,13
Random (baseline),text-free,aggregate,372
Random (baseline),text-free,aggregate,98
Random (baseline),text-free,aggregate,38
Random (baseline),text-free,aggregate,198
Random (baseline),text-free,aggregate,335
Random (baseline),text-free,aggregate,300
Random (baseline),text-free,aggregate,10
Random (baseline),text-free,aggregate,184
Random (baseline),text-free,aggregate,375
Random (baseline),text-free,aggregate,219
Random (baseline),text-free,aggregate,142
Random (baseline),text-free,aggregate,97
Random (baseline),text-free,aggregate,204
Random (baseline),text-free,aggregate,155
Random (baseline),text-free,aggregate,394
Random (baseline),text-free,aggregate,150
Random (baseline),text-free,aggregate,397
Random (baseline),text-free,aggregate,283
Random (baseline),text-free,aggregate,316
Random (baseline),text-free,aggregate,222
Random (baseline),text-free,aggregate,132
Random (baseline),text-free,aggregate,35
Random (baseline),text-free,aggregate,41
Random (baseline),text-free,aggregate,98
Random (baseline),text-free,aggregate,244
Random (baseline),text-free,aggregate,198
Random (baseline),text-free,aggregate,383
Random (baseline),text-free,aggregate,241
Random (baseline),text-free,aggregate,36
Random (baseline),text-free,aggregate,175
Random (baseline),text-free,aggregate,189
Random (baseline),text-free,aggregate,92
Random (baseline),text-free,aggregate,377
Random (baseline),text-free,aggregate,47
Random (baseline),text-free,aggregate,379
Random (baseline),text-free,aggregate,154
Random (baseline),text-free,aggregate,253
Random (baseline),text-free,aggregate,199
Random (baseline),text-free,aggregate,199
Random (baseline),text-free,aggregate,231
Random (baseline),text-free,aggregate,315
Random (baseline),text-free,aggregate,217
Random (baseline),text-free,aggregate,208
Random (baseline),text-free,aggregate,21
Random (baseline),text-free,aggregate,378
Random (baseline),text-free,aggregate,291
Random (baseline),text-free,aggregate,387
Random (baseline),text-free,aggregate,108
Random (baseline),text-free,aggregate,224
Random (baseline),text-free,aggregate,42
Random (baseline),text-free,aggregate,386
Random (baseline),text-free,aggregate,62
Random (baseline),text-free,aggregate,269
Random (baseline),text-free,aggregate,238
Random (baseline),text-free,aggregate,340
Random (baseline),text-free,aggregate,177
Random (baseline),text-free,aggregate,83
Random (baseline),text-free,aggregate,255
Random (baseline),text-free,aggregate,227
Random (baseline),text-free,aggregate,59
Random (baseline),text-free,aggregate,318
Random (baseline),text-free,aggregate,112
Random (baseline),text-free,aggregate,292
Random (baseline),text-free,aggregate,15
Random (baseline),text-free,aggregate,383
Random (baseline),text-free,aggregate,102
Random (baseline),text-free,aggregate,118
Random (baseline),text-free,aggregate,293
Random (baseline),text-free,aggregate,252
Random (baseline),text-free,aggregate,239
Random (baseline),text-free,aggregate,121
Random (baseline),text-free,aggregate,119
Random (baseline),text-free,aggregate,191
Random (baseline),text-free,aggregate,132
Random (baseline),text-free,aggregate,260
Random (baseline),text-free,aggregate,88
Random (baseline),text-free,aggregate,393
Random (baseline),text-free,aggregate,243
Random (baseline),text-free,aggregate,212
Random (baseline),text-free,aggregate,329
Random (baseline),text-free,aggregate,257
Random (baseline),text-free,aggregate,153
Random (baseline),text-free,aggregate,320
Random (baseline),text-free,aggregate,236
Random (baseline),text-free,aggregate,178
Random (baseline),text-free,aggregate,205
Random (baseline),text-free,aggregate,178
Random (baseline),text-free,aggregate,340
Random (baseline),text-free,aggregate,342
Random (baseline),text-free,aggregate,385
Random (baseline),text-free,aggregate,6
Random (baseline),text-free,aggregate,187
Random (baseline),text-free,aggregate,212
Random (baseline),text-free,aggregate,110
Random (baseline),text-free,aggregate,255
Random (baseline),text-free,aggregate,117
Random (baseline),text-free,aggregate,31
Random (baseline),text-free,aggregate,67
Random (baseline),text-free,aggregate,36
Random (baseline),text-free,aggregate,365
Random (baseline),text-free,aggregate,381
Random (baseline),text-free,aggregate,392
Random (baseline),text-free,aggregate,124
Random (baseline),text-free,aggregate,356
Random (baseline),text-free,aggregate,6
Random (baseline),text-free,aggregate,123
Random (baseline),text-free,aggregate,189
Random (baseline),text-free,aggregate,150
Random (baseline),text-free,aggregate,191
Random (baseline),text-free,aggregate,362
Random (baseline),text-free,aggregate,285
Random (baseline),text-free,aggregate,260
Random (baseline),text-free,aggregate,77
Random (baseline),text-free,aggregate,392
Random (baseline),text-free,aggregate,20
Random (baseline),text-free,aggregate,283
Random (baseline),text-free,aggregate,331
Random (baseline),text-free,aggregate,93
Random (baseline),text-free,aggregate,184
Random (baseline),text-free,aggregate,378
Random (baseline),text-free,aggregate,195
Random (baseline),text-free,aggregate,333
Random (baseline),text-free,aggregate,353
Random (baseline),text-free,aggregate,332
Random (baseline),text-free,aggregate,134
Random (baseline),text-free,aggregate,323
Random (baseline),text-free,aggregate,297
Random (baseline),text-free,aggregate,251
Random (baseline),text-free,aggregate,363
Random (baseline),text-free,aggregate,51
Random (baseline),text-free,aggregate,155
Random (baseline),text-free,aggregate,213
Random (baseline),text-free,aggregate,124
Random (baseline),text-free,aggregate,276
Random (baseline),text-free,aggregate,44
Random (baseline),text-free,aggregate,233
Random (baseline),text-free,aggregate,207
Random (baseline),text-free,aggregate,240
Random (baseline),text-free,aggregate,353
Random (baseline),text-free,aggregate,348
Random (baseline),text-free,aggregate,274
Random (baseline),text-free,aggregate,384
Random (baseline),text-free,aggregate,134
Random (baseline),text-free,aggregate,54
Random (baseline),text-free,aggregate,233
Random (baseline),text-free,aggregate,90
Random (baseline),text-free,aggregate,400
Random (baseline),text-free,aggregate,86
Random (baseline),text-free,aggregate,372
Random (baseline),text-free,aggregate,375
Random (baseline),text-free,aggregate,146
Random (baseline),text-free,aggregate,253
Random (baseline),text-free,aggregate,268
Random (baseline),text-free,aggregate,260
Random (baseline),text-free,aggregate,251
Random (baseline),text-free,aggregate,67
Random (baseline),text-free,aggregate,22
Random (baseline),text-free,aggregate,240
Random (baseline),text-free,aggregate,330
Random (baseline),text-free,aggregate,367
Random (baseline),text-free,aggregate,85
Random (baseline),text-free,aggregate,250
Random (baseline),text-free,aggregate,399
Random (baseline),text-free,aggregate,81
Random (baseline),text-free,aggregate,345
Random (baseline),text-free,aggregate,394
Random (baseline),text-free,aggregate,355
Random (baseline),text-free,aggregate,215
Random (baseline),text-free,aggregate,109
Random (baseline),text-free,aggregate,295
Random (baseline),text-free,aggregate,349
Random (baseline),text-free,aggregate,108
Random (baseline),text-free,aggregate,178
Random (baseline),text-free,aggregate,379
Random (baseline),text-free,aggregate,309
Random (baseline),text-free,aggregate,62
Random (baseline),text-free,aggregate,338
Random (baseline),text-free,aggregate,344
Random (baseline),text-free,aggregate,395
Random (baseline),text-free,aggregate,312
Random (baseline),text-free,heldout,93
Random (baseline),text-free,heldout,290
Random (baseline),text-free,heldout,69
Random (baseline),text-free,heldout,211
Random (baseline),text-free,heldout,362
Random (baseline),text-free,heldout,112
Random (baseline),text-free,heldout,99
Random (baseline),text-free,heldout,164
Random (baseline),text-free,heldout,92
Random (baseline),text-free,heldout,287
Random (baseline),text-free,heldout,201
Random (baseline),text-free,heldout,8
Random (baseline),text-free,heldout,219
Random (baseline),text-free,heldout,35
Random (baseline),text-free,heldout,198
Random (baseline),text-free,heldout,231
Random (baseline),text-free,heldout,118
Random (baseline),text-free,heldout,252
Random (baseline),text-free,heldout,132
Random (baseline),text-free,heldout,356
Random (baseline),text-free,heldout,332
Random (baseline),text-free,heldout,297
Random (baseline),text-free,heldout,67
Random (baseline),text-free,heldout,85
Random (baseline),text-free,heldout,215
Random (baseline),text-free,heldout,109
Transitive Transport Bridge,text-free,aggregate,54
Transitive Transport Bridge,text-free,aggregate,115
Transitive Transport Bridge,text-free,aggregate,40
Transitive Transport Bridge,text-free,aggregate,10
Transitive Transport Bridge,text-free,aggregate,50
Transitive Transport Bridge,text-free,aggregate,1
Transitive Transport Bridge,text-free,aggregate,321
Transitive Transport Bridge,text-free,aggregate,121
Transitive Transport Bridge,text-free,aggregate,163
Transitive Transport Bridge,text-free,aggregate,207
Transitive Transport Bridge,text-free,aggregate,144
Transitive Transport Bridge,text-free,aggregate,28
Transitive Transport Bridge,text-free,aggregate,394
Transitive Transport Bridge,text-free,aggregate,18
Transitive Transport Bridge,text-free,aggregate,17
Transitive Transport Bridge,text-free,aggregate,17
Transitive Transport Bridge,text-free,aggregate,245
Transitive Transport Bridge,text-free,aggregate,4
Transitive Transport Bridge,text-free,aggregate,116
Transitive Transport Bridge,text-free,aggregate,139
Transitive Transport Bridge,text-free,aggregate,327
Transitive Transport Bridge,text-free,aggregate,7
Transitive Transport Bridge,text-free,aggregate,15
Transitive Transport Bridge,text-free,aggregate,46
Transitive Transport Bridge,text-free,aggregate,350
Transitive Transport Bridge,text-free,aggregate,95
Transitive Transport Bridge,text-free,aggregate,150
Transitive Transport Bridge,text-free,aggregate,55
Transitive Transport Bridge,text-free,aggregate,28
Transitive Transport Bridge,text-free,aggregate,19
Transitive Transport Bridge,text-free,aggregate,9
Transitive Transport Bridge,text-free,aggregate,1
Transitive Transport Bridge,text-free,aggregate,185
Transitive Transport Bridge,text-free,aggregate,85
Transitive Transport Bridge,text-free,aggregate,127
Transitive Transport Bridge,text-free,aggregate,3
Transitive Transport Bridge,text-free,aggregate,3
Transitive Transport Bridge,text-free,aggregate,165
Transitive Transport Bridge,text-free,aggregate,37
Transitive Transport Bridge,text-free,aggregate,156
Transitive Transport Bridge,text-free,aggregate,30
Transitive Transport Bridge,text-free,aggregate,163
Transitive Transport Bridge,text-free,aggregate,179
Transitive Transport Bridge,text-free,aggregate,4
Transitive Transport Bridge,text-free,aggregate,86
Transitive Transport Bridge,text-free,aggregate,23
Transitive Transport Bridge,text-free,aggregate,218
Transitive Transport Bridge,text-free,aggregate,74
Transitive Transport Bridge,text-free,aggregate,22
Transitive Transport Bridge,text-free,aggregate,63
Transitive Transport Bridge,text-free,aggregate,63
Transitive Transport Bridge,text-free,aggregate,53
Transitive Transport Bridge,text-free,aggregate,1
Transitive Transport Bridge,text-free,aggregate,92
Transitive Transport Bridge,text-free,aggregate,6
Transitive Transport Bridge,text-free,aggregate,42
Transitive Transport Bridge,text-free,aggregate,230
Transitive Transport Bridge,text-free,aggregate,230
Transitive Transport Bridge,text-free,aggregate,86
Transitive Transport Bridge,text-free,aggregate,353
Transitive Transport Bridge,text-free,aggregate,126
Transitive Transport Bridge,text-free,aggregate,103
Transitive Transport Bridge,text-free,aggregate,106
Transitive Transport Bridge,text-free,aggregate,113
Transitive Transport Bridge,text-free,aggregate,52
Transitive Transport Bridge,text-free,aggregate,44
Transitive Transport Bridge,text-free,aggregate,95
Transitive Transport Bridge,text-free,aggregate,39
Transitive Transport Bridge,text-free,aggregate,205
Transitive Transport Bridge,text-free,aggregate,80
Transitive Transport Bridge,text-free,aggregate,3
Transitive Transport Bridge,text-free,aggregate,173
Transitive Transport Bridge,text-free,aggregate,241
Transitive Transport Bridge,text-free,aggregate,5
Transitive Transport Bridge,text-free,aggregate,37
Transitive Transport Bridge,text-free,aggregate,213
Transitive Transport Bridge,text-free,aggregate,225
Transitive Transport Bridge,text-free,aggregate,151
Transitive Transport Bridge,text-free,aggregate,49
Transitive Transport Bridge,text-free,aggregate,26
Transitive Transport Bridge,text-free,aggregate,149
Transitive Transport Bridge,text-free,aggregate,1
Transitive Transport Bridge,text-free,aggregate,7
Transitive Transport Bridge,text-free,aggregate,75
Transitive Transport Bridge,text-free,aggregate,1
Transitive Transport Bridge,text-free,aggregate,113
Transitive Transport Bridge,text-free,aggregate,205
Transitive Transport Bridge,text-free,aggregate,8
Transitive Transport Bridge,text-free,aggregate,114
Transitive Transport Bridge,text-free,aggregate,3
Transitive Transport Bridge,text-free,aggregate,4
Transitive Transport Bridge,text-free,aggregate,175
Transitive Transport Bridge,text-free,aggregate,70
Transitive Transport Bridge,text-free,aggregate,277
Transitive Transport Bridge,text-free,aggregate,70
Transitive Transport Bridge,text-free,aggregate,321
Transitive Transport Bridge,text-free,aggregate,57
Transitive Transport Bridge,text-free,aggregate,1
Transitive Transport Bridge,text-free,aggregate,1
Transitive Transport Bridge,text-free,aggregate,54
Transitive Transport Bridge,text-free,aggregate,220
Transitive Transport Bridge,text-free,aggregate,5
Transitive Transport Bridge,text-free,aggregate,6
Transitive Transport Bridge,text-free,aggregate,33
Transitive Transport Bridge,text-free,aggregate,6
Transitive Transport Bridge,text-free,aggregate,142
Transitive Transport Bridge,text-free,aggregate,145
Transitive Transport Bridge,text-free,aggregate,14
Transitive Transport Bridge,text-free,aggregate,260
Transitive Transport Bridge,text-free,aggregate,341
Transitive Transport Bridge,text-free,aggregate,21
Transitive Transport Bridge,text-free,aggregate,38
Transitive Transport Bridge,text-free,aggregate,13
Transitive Transport Bridge,text-free,aggregate,6
Transitive Transport Bridge,text-free,aggregate,102
Transitive Transport Bridge,text-free,aggregate,293
Transitive Transport Bridge,text-free,aggregate,228
Transitive Transport Bridge,text-free,aggregate,318
Transitive Transport Bridge,text-free,aggregate,81
Transitive Transport Bridge,text-free,aggregate,323
Transitive Transport Bridge,text-free,aggregate,100
Transitive Transport Bridge,text-free,aggregate,64
Transitive Transport Bridge,text-free,aggregate,9
Transitive Transport Bridge,text-free,aggregate,279
Transitive Transport Bridge,text-free,aggregate,41
Transitive Transport Bridge,text-free,aggregate,81
Transitive Transport Bridge,text-free,aggregate,13
Transitive Transport Bridge,text-free,aggregate,26
Transitive Transport Bridge,text-free,aggregate,77
Transitive Transport Bridge,text-free,aggregate,145
Transitive Transport Bridge,text-free,aggregate,29
Transitive Transport Bridge,text-free,aggregate,8
Transitive Transport Bridge,text-free,aggregate,9
Transitive Transport Bridge,text-free,aggregate,21
Transitive Transport Bridge,text-free,aggregate,56
Transitive Transport Bridge,text-free,aggregate,23
Transitive Transport Bridge,text-free,aggregate,3
Transitive Transport Bridge,text-free,aggregate,94
Transitive Transport Bridge,text-free,aggregate,32
Transitive Transport Bridge,text-free,aggregate,74
Transitive Transport Bridge,text-free,aggregate,72
Transitive Transport Bridge,text-free,aggregate,1
Transitive Transport Bridge,text-free,aggregate,2
Transitive Transport Bridge,text-free,aggregate,57
Transitive Transport Bridge,text-free,aggregate,137
Transitive Transport Bridge,text-free,aggregate,130
Transitive Transport Bridge,text-free,aggregate,18
Transitive Transport Bridge,text-free,aggregate,325
Transitive Transport Bridge,text-free,aggregate,302
Transitive Transport Bridge,text-free,aggregate,9
Transitive Transport Bridge,text-free,aggregate,192
Transitive Transport Bridge,text-free,aggregate,126
Transitive Transport Bridge,text-free,aggregate,8
Transitive Transport Bridge,text-free,aggregate,1
Transitive Transport Bridge,text-free,aggregate,34
Transitive Transport Bridge,text-free,aggregate,52
Transitive Transport Bridge,text-free,aggregate,80
Transitive Transport Bridge,text-free,aggregate,140
Transitive Transport Bridge,text-free,aggregate,4
Transitive Transport Bridge,text-free,aggregate,55
Transitive Transport Bridge,text-free,aggregate,269
Transitive Transport Bridge,text-free,aggregate,91
Transitive Transport Bridge,text-free,aggregate,10
Transitive Transport Bridge,text-free,aggregate,63
Transitive Transport Bridge,text-free,aggregate,64
Transitive Transport Bridge,text-free,aggregate,213
Transitive Transport Bridge,text-free,aggregate,275
Transitive Transport Bridge,text-free,aggregate,17
Transitive Transport Bridge,text-free,aggregate,32
Transitive Transport Bridge,text-free,aggregate,17
Transitive Transport Bridge,text-free,aggregate,211
Transitive Transport Bridge,text-free,aggregate,2
Transitive Transport Bridge,text-free,aggregate,86
Transitive Transport Bridge,text-free,aggregate,7
Transitive Transport Bridge,text-free,aggregate,2
Transitive Transport Bridge,text-free,aggregate,182
Transitive Transport Bridge,text-free,aggregate,24
Transitive Transport Bridge,text-free,aggregate,345
Transitive Transport Bridge,text-free,aggregate,44
Transitive Transport Bridge,text-free,aggregate,169
Transitive Transport Bridge,text-free,aggregate,184
Transitive Transport Bridge,text-free,aggregate,43
Transitive Transport Bridge,text-free,aggregate,89
Transitive Transport Bridge,text-free,aggregate,81
Transitive Transport Bridge,text-free,aggregate,18
Transitive Transport Bridge,text-free,aggregate,122
Transitive Transport Bridge,text-free,aggregate,27
Transitive Transport Bridge,text-free,aggregate,6
Transitive Transport Bridge,text-free,aggregate,200
Transitive Transport Bridge,text-free,aggregate,245
Transitive Transport Bridge,text-free,aggregate,135
Transitive Transport Bridge,text-free,aggregate,34
Transitive Transport Bridge,text-free,aggregate,303
Transitive Transport Bridge,text-free,aggregate,6
Transitive Transport Bridge,text-free,aggregate,18
Transitive Transport Bridge,text-free,aggregate,83
Transitive Transport Bridge,text-free,aggregate,86
Transitive Transport Bridge,text-free,aggregate,3
Transitive Transport Bridge,text-free,aggregate,65
Transitive Transport Bridge,text-free,aggregate,27
Transitive Transport Bridge,text-free,aggregate,51
Transitive Transport Bridge,text-free,aggregate,111
Transitive Transport Bridge,text-free,aggregate,156
Transitive Transport Bridge,text-free,aggregate,1
Transitive Transport Bridge,text-free,aggregate,19
Transitive Transport Bridge,text-free,aggregate,150
Transitive Transport Bridge,text-free,aggregate,71
Transitive Transport Bridge,text-free,aggregate,66
Transitive Transport Bridge,text-free,aggregate,2
Transitive Transport Bridge,text-free,aggregate,1
Transitive Transport Bridge,text-free,aggregate,186
Transitive Transport Bridge,text-free,aggregate,210
Transitive Transport Bridge,text-free,aggregate,114
Transitive Transport Bridge,text-free,aggregate,378
Transitive Transport Bridge,text-free,aggregate,23
Transitive Transport Bridge,text-free,aggregate,5
Transitive Transport Bridge,text-free,aggregate,226
Transitive Transport Bridge,text-free,aggregate,99
Transitive Transport Bridge,text-free,aggregate,2
Transitive Transport Bridge,text-free,aggregate,17
Transitive Transport Bridge,text-free,aggregate,37
Transitive Transport Bridge,text-free,aggregate,1
Transitive Transport Bridge,text-free,aggregate,121
Transitive Transport Bridge,text-free,aggregate,292
Transitive Transport Bridge,text-free,aggregate,44
Transitive Transport Bridge,text-free,aggregate,137
Transitive Transport Bridge,text-free,aggregate,8
Transitive Transport Bridge,text-free,aggregate,49
Transitive Transport Bridge,text-free,aggregate,37
Transitive Transport Bridge,text-free,aggregate,376
Transitive Transport Bridge,text-free,aggregate,44
Transitive Transport Bridge,text-free,aggregate,24
Transitive Transport Bridge,text-free,aggregate,6
Transitive Transport Bridge,text-free,aggregate,83
Transitive Transport Bridge,text-free,aggregate,50
Transitive Transport Bridge,text-free,aggregate,2
Transitive Transport Bridge,text-free,aggregate,246
Transitive Transport Bridge,text-free,aggregate,2
Transitive Transport Bridge,text-free,aggregate,47
Transitive Transport Bridge,text-free,aggregate,211
Transitive Transport Bridge,text-free,aggregate,35
Transitive Transport Bridge,text-free,aggregate,9
Transitive Transport Bridge,text-free,aggregate,219
Transitive Transport Bridge,text-free,aggregate,1
Transitive Transport Bridge,text-free,aggregate,33
Transitive Transport Bridge,text-free,aggregate,100
Transitive Transport Bridge,text-free,aggregate,156
Transitive Transport Bridge,text-free,aggregate,124
Transitive Transport Bridge,text-free,aggregate,207
Transitive Transport Bridge,text-free,aggregate,169
Transitive Transport Bridge,text-free,aggregate,17
Transitive Transport Bridge,text-free,aggregate,235
Transitive Transport Bridge,text-free,aggregate,5
Transitive Transport Bridge,text-free,aggregate,80
Transitive Transport Bridge,text-free,aggregate,30
Transitive Transport Bridge,text-free,aggregate,32
Transitive Transport Bridge,text-free,aggregate,101
Transitive Transport Bridge,text-free,aggregate,15
Transitive Transport Bridge,text-free,aggregate,3
Transitive Transport Bridge,text-free,aggregate,260
Transitive Transport Bridge,text-free,aggregate,80
Transitive Transport Bridge,text-free,aggregate,26
Transitive Transport Bridge,text-free,aggregate,41
Transitive Transport Bridge,text-free,aggregate,138
Transitive Transport Bridge,text-free,aggregate,214
Transitive Transport Bridge,text-free,aggregate,14
Transitive Transport Bridge,text-free,aggregate,16
Transitive Transport Bridge,text-free,aggregate,7
Transitive Transport Bridge,text-free,aggregate,337
Transitive Transport Bridge,text-free,aggregate,2
Transitive Transport Bridge,text-free,aggregate,3
Transitive Transport Bridge,text-free,aggregate,23
Transitive Transport Bridge,text-free,aggregate,229
Transitive Transport Bridge,text-free,aggregate,7
Transitive Transport Bridge,text-free,aggregate,74
Transitive Transport Bridge,text-free,aggregate,219
Transitive Transport Bridge,text-free,aggregate,6
Transitive Transport Bridge,text-free,aggregate,2
Transitive Transport Bridge,text-free,aggregate,207
Transitive Transport Bridge,text-free,aggregate,37
Transitive Transport Bridge,text-free,aggregate,13
Transitive Transport Bridge,text-free,aggregate,71
Transitive Transport Bridge,text-free,aggregate,11
Transitive Transport Bridge,text-free,aggregate,6
Transitive Transport Bridge,text-free,aggregate,1
Transitive Transport Bridge,text-free,aggregate,26
Transitive Transport Bridge,text-free,aggregate,128
Transitive Transport Bridge,text-free,aggregate,32
Transitive Transport Bridge,text-free,aggregate,80
Transitive Transport Bridge,text-free,aggregate,241
Transitive Transport Bridge,text-free,aggregate,190
Transitive Transport Bridge,text-free,aggregate,8
Transitive Transport Bridge,text-free,aggregate,79
Transitive Transport Bridge,text-free,aggregate,157
Transitive Transport Bridge,text-free,aggregate,22
Transitive Transport Bridge,text-free,aggregate,51
Transitive Transport Bridge,text-free,aggregate,228
Transitive Transport Bridge,text-free,aggregate,21
Transitive Transport Bridge,text-free,aggregate,8
Transitive Transport Bridge,text-free,aggregate,62
Transitive Transport Bridge,text-free,aggregate,1
Transitive Transport Bridge,text-free,aggregate,13
Transitive Transport Bridge,text-free,aggregate,56
Transitive Transport Bridge,text-free,aggregate,9
Transitive Transport Bridge,text-free,aggregate,162
Transitive Transport Bridge,text-free,aggregate,91
Transitive Transport Bridge,text-free,aggregate,77
Transitive Transport Bridge,text-free,aggregate,259
Transitive Transport Bridge,text-free,aggregate,66
Transitive Transport Bridge,text-free,aggregate,222
Transitive Transport Bridge,text-free,aggregate,135
Transitive Transport Bridge,text-free,aggregate,19
Transitive Transport Bridge,text-free,aggregate,280
Transitive Transport Bridge,text-free,aggregate,96
Transitive Transport Bridge,text-free,aggregate,123
Transitive Transport Bridge,text-free,aggregate,129
Transitive Transport Bridge,text-free,aggregate,328
Transitive Transport Bridge,text-free,aggregate,252
Transitive Transport Bridge,text-free,aggregate,21
Transitive Transport Bridge,text-free,aggregate,27
Transitive Transport Bridge,text-free,aggregate,21
Transitive Transport Bridge,text-free,aggregate,35
Transitive Transport Bridge,text-free,aggregate,25
Transitive Transport Bridge,text-free,aggregate,4
Transitive Transport Bridge,text-free,aggregate,147
Transitive Transport Bridge,text-free,aggregate,139
Transitive Transport Bridge,text-free,aggregate,42
Transitive Transport Bridge,text-free,aggregate,87
Transitive Transport Bridge,text-free,aggregate,286
Transitive Transport Bridge,text-free,aggregate,56
Transitive Transport Bridge,text-free,aggregate,3
Transitive Transport Bridge,text-free,aggregate,12
Transitive Transport Bridge,text-free,aggregate,59
Transitive Transport Bridge,text-free,aggregate,100
Transitive Transport Bridge,text-free,aggregate,187
Transitive Transport Bridge,text-free,aggregate,360
Transitive Transport Bridge,text-free,aggregate,67
Transitive Transport Bridge,text-free,aggregate,218
Transitive Transport Bridge,text-free,aggregate,9
Transitive Transport Bridge,text-free,aggregate,259
Transitive Transport Bridge,text-free,aggregate,55
Transitive Transport Bridge,text-free,aggregate,70
Transitive Transport Bridge,text-free,aggregate,3
Transitive Transport Bridge,text-free,aggregate,335
Transitive Transport Bridge,text-free,aggregate,24
Transitive Transport Bridge,text-free,aggregate,138
Transitive Transport Bridge,text-free,aggregate,39
Transitive Transport Bridge,text-free,aggregate,10
Transitive Transport Bridge,text-free,aggregate,2
Transitive Transport Bridge,text-free,aggregate,61
Transitive Transport Bridge,text-free,aggregate,72
Transitive Transport Bridge,text-free,aggregate,115
Transitive Transport Bridge,text-free,aggregate,2
Transitive Transport Bridge,text-free,aggregate,339
Transitive Transport Bridge,text-free,aggregate,19
Transitive Transport Bridge,text-free,aggregate,215
Transitive Transport Bridge,text-free,aggregate,156
Transitive Transport Bridge,text-free,aggregate,244
Transitive Transport Bridge,text-free,aggregate,11
Transitive Transport Bridge,text-free,aggregate,2
Transitive Transport Bridge,text-free,aggregate,18
Transitive Transport Bridge,text-free,aggregate,25
Transitive Transport Bridge,text-free,aggregate,92
Transitive Transport Bridge,text-free,aggregate,1
Transitive Transport Bridge,text-free,aggregate,98
Transitive Transport Bridge,text-free,aggregate,88
Transitive Transport Bridge,text-free,aggregate,166
Transitive Transport Bridge,text-free,aggregate,3
Transitive Transport Bridge,text-free,aggregate,42
Transitive Transport Bridge,text-free,aggregate,10
Transitive Transport Bridge,text-free,aggregate,29
Transitive Transport Bridge,text-free,aggregate,252
Transitive Transport Bridge,text-free,aggregate,243
Transitive Transport Bridge,text-free,aggregate,21
Transitive Transport Bridge,text-free,aggregate,45
Transitive Transport Bridge,text-free,aggregate,188
Transitive Transport Bridge,text-free,aggregate,128
Transitive Transport Bridge,text-free,aggregate,2
Transitive Transport Bridge,text-free,aggregate,38
Transitive Transport Bridge,text-free,aggregate,147
Transitive Transport Bridge,text-free,aggregate,351
Transitive Transport Bridge,text-free,aggregate,2
Transitive Transport Bridge,text-free,aggregate,60
Transitive Transport Bridge,text-free,aggregate,142
Transitive Transport Bridge,text-free,aggregate,388
Transitive Transport Bridge,text-free,aggregate,64
Transitive Transport Bridge,text-free,aggregate,57
Transitive Transport Bridge,text-free,aggregate,178
Transitive Transport Bridge,text-free,aggregate,72
Transitive Transport Bridge,text-free,aggregate,97
Transitive Transport Bridge,text-free,aggregate,131
Transitive Transport Bridge,text-free,aggregate,11
Transitive Transport Bridge,text-free,aggregate,3
Transitive Transport Bridge,text-free,aggregate,2
Transitive Transport Bridge,text-free,aggregate,2
Transitive Transport Bridge,text-free,aggregate,47
Transitive Transport Bridge,text-free,aggregate,225
Transitive Transport Bridge,text-free,aggregate,317
Transitive Transport Bridge,text-free,aggregate,164
Transitive Transport Bridge,text-free,aggregate,37
Transitive Transport Bridge,text-free,heldout,54
Transitive Transport Bridge,text-free,heldout,116
Transitive Transport Bridge,text-free,heldout,139
Transitive Transport Bridge,text-free,heldout,218
Transitive Transport Bridge,text-free,heldout,230
Transitive Transport Bridge,text-free,heldout,95
Transitive Transport Bridge,text-free,heldout,145
Transitive Transport Bridge,text-free,heldout,55
Transitive Transport Bridge,text-free,heldout,269
Transitive Transport Bridge,text-free,heldout,122
Transitive Transport Bridge,text-free,heldout,6
Transitive Transport Bridge,text-free,heldout,245
Transitive Transport Bridge,text-free,heldout,376
Transitive Transport Bridge,text-free,heldout,9
Transitive Transport Bridge,text-free,heldout,100
Transitive Transport Bridge,text-free,heldout,260
Transitive Transport Bridge,text-free,heldout,128
Transitive Transport Bridge,text-free,heldout,80
Transitive Transport Bridge,text-free,heldout,157
Transitive Transport Bridge,text-free,heldout,4
Transitive Transport Bridge,text-free,heldout,335
Transitive Transport Bridge,text-free,heldout,39
Transitive Transport Bridge,text-free,heldout,188
Transitive Transport Bridge,text-free,heldout,351
Transitive Transport Bridge,text-free,heldout,178
Transitive Transport Bridge,text-free,heldout,72
Caption Distance FGW,text-free,aggregate,63
Caption Distance FGW,text-free,aggregate,18
Caption Distance FGW,text-free,aggregate,5
Caption Distance FGW,text-free,aggregate,74
Caption Distance FGW,text-free,aggregate,109
Caption Distance FGW,text-free,aggregate,47
Caption Distance FGW,text-free,aggregate,11
Caption Distance FGW,text-free,aggregate,46
Caption Distance FGW,text-free,aggregate,11
Caption Distance FGW,text-free,aggregate,6
Caption Distance FGW,text-free,aggregate,19
Caption Distance FGW,text-free,aggregate,1
Caption Distance FGW,text-free,aggregate,63
Caption Distance FGW,text-free,aggregate,2
Caption Distance FGW,text-free,aggregate,278
Caption Distance FGW,text-free,aggregate,2
Caption Distance FGW,text-free,aggregate,123
Caption Distance FGW,text-free,aggregate,58
Caption Distance FGW,text-free,aggregate,20
Caption Distance FGW,text-free,aggregate,14
Caption Distance FGW,text-free,aggregate,182
Caption Distance FGW,text-free,aggregate,37
Caption Distance FGW,text-free,aggregate,31
Caption Distance FGW,text-free,aggregate,63
Caption Distance FGW,text-free,aggregate,22
Caption Distance FGW,text-free,aggregate,167
Caption Distance FGW,text-free,aggregate,15
Caption Distance FGW,text-free,aggregate,132
Caption Distance FGW,text-free,aggregate,6
Caption Distance FGW,text-free,aggregate,194
Caption Distance FGW,text-free,aggregate,7
Caption Distance FGW,text-free,aggregate,11
Caption Distance FGW,text-free,aggregate,25
Caption Distance FGW,text-free,aggregate,19
Caption Distance FGW,text-free,aggregate,193
Caption Distance FGW,text-free,aggregate,2
Caption Distance FGW,text-free,aggregate,49
Caption Distance FGW,text-free,aggregate,3
Caption Distance FGW,text-free,aggregate,23
Caption Distance FGW,text-free,aggregate,17
Caption Distance FGW,text-free,aggregate,12
Caption Distance FGW,text-free,aggregate,255
Caption Distance FGW,text-free,aggregate,160
Caption Distance FGW,text-free,aggregate,3
Caption Distance FGW,text-free,aggregate,71
Caption Distance FGW,text-free,aggregate,2
Caption Distance FGW,text-free,aggregate,31
Caption Distance FGW,text-free,aggregate,27
Caption Distance FGW,text-free,aggregate,84
Caption Distance FGW,text-free,aggregate,1
Caption Distance FGW,text-free,aggregate,1
Caption Distance FGW,text-free,aggregate,166
Caption Distance FGW,text-free,aggregate,16
Caption Distance FGW,text-free,aggregate,234
Caption Distance FGW,text-free,aggregate,3
Caption Distance FGW,text-free,aggregate,33
Caption Distance FGW,text-free,aggregate,278
Caption Distance FGW,text-free,aggregate,84
Caption Distance FGW,text-free,aggregate,283
Caption Distance FGW,text-free,aggregate,70
Caption Distance FGW,text-free,aggregate,104
Caption Distance FGW,text-free,aggregate,210
Caption Distance FGW,text-free,aggregate,327
Caption Distance FGW,text-free,aggregate,56
Caption Distance FGW,text-free,aggregate,9
Caption Distance FGW,text-free,aggregate,97
Caption Distance FGW,text-free,aggregate,18
Caption Distance FGW,text-free,aggregate,232
Caption Distance FGW,text-free,aggregate,127
Caption Distance FGW,text-free,aggregate,14
Caption Distance FGW,text-free,aggregate,23
Caption Distance FGW,text-free,aggregate,44
Caption Distance FGW,text-free,aggregate,22
Caption Distance FGW,text-free,aggregate,53
Caption Distance FGW,text-free,aggregate,16
Caption Distance FGW,text-free,aggregate,1
Caption Distance FGW,text-free,aggregate,3
Caption Distance FGW,text-free,aggregate,227
Caption Distance FGW,text-free,aggregate,44
Caption Distance FGW,text-free,aggregate,154
Caption Distance FGW,text-free,aggregate,54
Caption Distance FGW,text-free,aggregate,21
Caption Distance FGW,text-free,aggregate,132
Caption Distance FGW,text-free,aggregate,30
Caption Distance FGW,text-free,aggregate,340
Caption Distance FGW,text-free,aggregate,23
Caption Distance FGW,text-free,aggregate,136
Caption Distance FGW,text-free,aggregate,208
Caption Distance FGW,text-free,aggregate,13
Caption Distance FGW,text-free,aggregate,36
Caption Distance FGW,text-free,aggregate,90
Caption Distance FGW,text-free,aggregate,3
Caption Distance FGW,text-free,aggregate,229
Caption Distance FGW,text-free,aggregate,38
Caption Distance FGW,text-free,aggregate,103
Caption Distance FGW,text-free,aggregate,97
Caption Distance FGW,text-free,aggregate,222
Caption Distance FGW,text-free,aggregate,175
Caption Distance FGW,text-free,aggregate,91
Caption Distance FGW,text-free,aggregate,155
Caption Distance FGW,text-free,aggregate,309
Caption Distance FGW,text-free,aggregate,176
Caption Distance FGW,text-free,aggregate,21
Caption Distance FGW,text-free,aggregate,358
Caption Distance FGW,text-free,aggregate,213
Caption Distance FGW,text-free,aggregate,193
Caption Distance FGW,text-free,aggregate,67
Caption Distance FGW,text-free,aggregate,9
Caption Distance FGW,text-free,aggregate,146
Caption Distance FGW,text-free,aggregate,2
Caption Distance FGW,text-free,aggregate,255
Caption Distance FGW,text-free,aggregate,204
Caption Distance FGW,text-free,aggregate,337
Caption Distance FGW,text-free,aggregate,4
Caption Distance FGW,text-free,aggregate,28
Caption Distance FGW,text-free,aggregate,64
Caption Distance FGW,text-free,aggregate,3
Caption Distance FGW,text-free,aggregate,167
Caption Distance FGW,text-free,aggregate,8
Caption Distance FGW,text-free,aggregate,256
Caption Distance FGW,text-free,aggregate,22
Caption Distance FGW,text-free,aggregate,24
Caption Distance FGW,text-free,aggregate,13
Caption Distance FGW,text-free,aggregate,25
Caption Distance FGW,text-free,aggregate,87
Caption Distance FGW,text-free,aggregate,66
Caption Distance FGW,text-free,aggregate,9
Caption Distance FGW,text-free,aggregate,9
Caption Distance FGW,text-free,aggregate,39
Caption Distance FGW,text-free,aggregate,49
Caption Distance FGW,text-free,aggregate,70
Caption Distance FGW,text-free,aggregate,13
Caption Distance FGW,text-free,aggregate,18
Caption Distance FGW,text-free,aggregate,33
Caption Distance FGW,text-free,aggregate,27
Caption Distance FGW,text-free,aggregate,22
Caption Distance FGW,text-free,aggregate,1
Caption Distance FGW,text-free,aggregate,138
Caption Distance FGW,text-free,aggregate,136
Caption Distance FGW,text-free,aggregate,46
Caption Distance FGW,text-free,aggregate,1
Caption Distance FGW,text-free,aggregate,146
Caption Distance FGW,text-free,aggregate,8
Caption Distance FGW,text-free,aggregate,76
Caption Distance FGW,text-free,aggregate,37
Caption Distance FGW,text-free,aggregate,6
Caption Distance FGW,text-free,aggregate,22
Caption Distance FGW,text-free,aggregate,210
Caption Distance FGW,text-free,aggregate,4
Caption Distance FGW,text-free,aggregate,3
Caption Distance FGW,text-free,aggregate,280
Caption Distance FGW,text-free,aggregate,362
Caption Distance FGW,text-free,aggregate,17
Caption Distance FGW,text-free,aggregate,9
Caption Distance FGW,text-free,aggregate,26
Caption Distance FGW,text-free,aggregate,1
Caption Distance FGW,text-free,aggregate,68
Caption Distance FGW,text-free,aggregate,65
Caption Distance FGW,text-free,aggregate,12
Caption Distance FGW,text-free,aggregate,11
Caption Distance FGW,text-free,aggregate,2
Caption Distance FGW,text-free,aggregate,47
Caption Distance FGW,text-free,aggregate,47
Caption Distance FGW,text-free,aggregate,4
Caption Distance FGW,text-free,aggregate,4
Caption Distance FGW,text-free,aggregate,31
Caption Distance FGW,text-free,aggregate,102
Caption Distance FGW,text-free,aggregate,77
Caption Distance FGW,text-free,aggregate,131
Caption Distance FGW,text-free,aggregate,2
Caption Distance FGW,text-free,aggregate,60
Caption Distance FGW,text-free,aggregate,94
Caption Distance FGW,text-free,aggregate,10
Caption Distance FGW,text-free,aggregate,167
Caption Distance FGW,text-free,aggregate,118
Caption Distance FGW,text-free,aggregate,16
Caption Distance FGW,text-free,aggregate,172
Caption Distance FGW,text-free,aggregate,255
Caption Distance FGW,text-free,aggregate,65
Caption Distance FGW,text-free,aggregate,12
Caption Distance FGW,text-free,aggregate,89
Caption Distance FGW,text-free,aggregate,29
Caption Distance FGW,text-free,aggregate,5
Caption Distance FGW,text-free,aggregate,13
Caption Distance FGW,text-free,aggregate,42
Caption Distance FGW,text-free,aggregate,51
Caption Distance FGW,text-free,aggregate,73
Caption Distance FGW,text-free,aggregate,142
Caption Distance FGW,text-free,aggregate,16
Caption Distance FGW,text-free,aggregate,5
Caption Distance FGW,text-free,aggregate,19
Caption Distance FGW,text-free,aggregate,10
Caption Distance FGW,text-free,aggregate,71
Caption Distance FGW,text-free,aggregate,58
Caption Distance FGW,text-free,aggregate,1
Caption Distance FGW,text-free,aggregate,315
Caption Distance FGW,text-free,aggregate,8
Caption Distance FGW,text-free,aggregate,27
Caption Distance FGW,text-free,aggregate,25
Caption Distance FGW,text-free,aggregate,28
Caption Distance FGW,text-free,aggregate,204
Caption Distance FGW,text-free,aggregate,20
Caption Distance FGW,text-free,aggregate,33
Caption Distance FGW,text-free,aggregate,99
Caption Distance FGW,text-free,aggregate,92
Caption Distance FGW,text-free,aggregate,302
Caption Distance FGW,text-free,aggregate,24
Caption Distance FGW,text-free,aggregate,179
Caption Distance FGW,text-free,aggregate,2
Caption Distance FGW,text-free,aggregate,247
Caption Distance FGW,text-free,aggregate,8
Caption Distance FGW,text-free,aggregate,7
Caption Distance FGW,text-free,aggregate,49
Caption Distance FGW,text-free,aggregate,331
Caption Distance FGW,text-free,aggregate,1
Caption Distance FGW,text-free,aggregate,1
Caption Distance FGW,text-free,aggregate,70
Caption Distance FGW,text-free,aggregate,74
Caption Distance FGW,text-free,aggregate,57
Caption Distance FGW,text-free,aggregate,116
Caption Distance FGW,text-free,aggregate,132
Caption Distance FGW,text-free,aggregate,27
Caption Distance FGW,text-free,aggregate,179
Caption Distance FGW,text-free,aggregate,48
Caption Distance FGW,text-free,aggregate,56
Caption Distance FGW,text-free,aggregate,188
Caption Distance FGW,text-free,aggregate,12
Caption Distance FGW,text-free,aggregate,4
Caption Distance FGW,text-free,aggregate,179
Caption Distance FGW,text-free,aggregate,53
Caption Distance FGW,text-free,aggregate,13
Caption Distance FGW,text-free,aggregate,240
Caption Distance FGW,text-free,aggregate,12
Caption Distance FGW,text-free,aggregate,134
Caption Distance FGW,text-free,aggregate,1
Caption Distance FGW,text-free,aggregate,101
Caption Distance FGW,text-free,aggregate,241
Caption Distance FGW,text-free,aggregate,38
Caption Distance FGW,text-free,aggregate,157
Caption Distance FGW,text-free,aggregate,47
Caption Distance FGW,text-free,aggregate,82
Caption Distance FGW,text-free,aggregate,76
Caption Distance FGW,text-free,aggregate,1
Caption Distance FGW,text-free,aggregate,55
Caption Distance FGW,text-free,aggregate,11
Caption Distance FGW,text-free,aggregate,28
Caption Distance FGW,text-free,aggregate,230
Caption Distance FGW,text-free,aggregate,23
Caption Distance FGW,text-free,aggregate,4
Caption Distance FGW,text-free,aggregate,9
Caption Distance FGW,text-free,aggregate,33
Caption Distance FGW,text-free,aggregate,23
Caption Distance FGW,text-free,aggregate,350
Caption Distance FGW,text-free,aggregate,84
Caption Distance FGW,text-free,aggregate,3
Caption Distance FGW,text-free,aggregate,14
Caption Distance FGW,text-free,aggregate,8
Caption Distance FGW,text-free,aggregate,118
Caption Distance FGW,text-free,aggregate,15
Caption Distance FGW,text-free,aggregate,34
Caption Distance FGW,text-free,aggregate,63
Caption Distance FGW,text-free,aggregate,15
Caption Distance FGW,text-free,aggregate,1
Caption Distance FGW,text-free,aggregate,19
Caption Distance FGW,text-free,aggregate,22
Caption Distance FGW,text-free,aggregate,7
Caption Distance FGW,text-free,aggregate,6
Caption Distance FGW,text-free,aggregate,2
Caption Distance FGW,text-free,aggregate,228
Caption Distance FGW,text-free,aggregate,63
Caption Distance FGW,text-free,aggregate,6
Caption Distance FGW,text-free,aggregate,329
Caption Distance FGW,text-free,aggregate,108
Caption Distance FGW,text-free,aggregate,1
Caption Distance FGW,text-free,aggregate,131
Caption Distance FGW,text-free,aggregate,228
Caption Distance FGW,text-free,aggregate,64
Caption Distance FGW,text-free,aggregate,75
Caption Distance FGW,text-free,aggregate,31
Caption Distance FGW,text-free,aggregate,118
Caption Distance FGW,text-free,aggregate,10
Caption Distance FGW,text-free,aggregate,111
Caption Distance FGW,text-free,aggregate,88
Caption Distance FGW,text-free,aggregate,136
Caption Distance FGW,text-free,aggregate,25
Caption Distance FGW,text-free,aggregate,212
Caption Distance FGW,text-free,aggregate,1
Caption Distance FGW,text-free,aggregate,22
Caption Distance FGW,text-free,aggregate,2
Caption Distance FGW,text-free,aggregate,263
Caption Distance FGW,text-free,aggregate,25
Caption Distance FGW,text-free,aggregate,26
Caption Distance FGW,text-free,aggregate,1
Caption Distance FGW,text-free,aggregate,3
Caption Distance FGW,text-free,aggregate,33
Caption Distance FGW,text-free,aggregate,28
Caption Distance FGW,text-free,aggregate,169
Caption Distance FGW,text-free,aggregate,86
Caption Distance FGW,text-free,aggregate,1
Caption Distance FGW,text-free,aggregate,5
Caption Distance FGW,text-free,aggregate,17
Caption Distance FGW,text-free,aggregate,17
Caption Distance FGW,text-free,aggregate,50
Caption Distance FGW,text-free,aggregate,39
Caption Distance FGW,text-free,aggregate,82
Caption Distance FGW,text-free,aggregate,23
Caption Distance FGW,text-free,aggregate,4
Caption Distance FGW,text-free,aggregate,126
Caption Distance FGW,text-free,aggregate,19
Caption Distance FGW,text-free,aggregate,130
Caption Distance FGW,text-free,aggregate,99
Caption Distance FGW,text-free,aggregate,6
Caption Distance FGW,text-free,aggregate,27
Caption Distance FGW,text-free,aggregate,54
Caption Distance FGW,text-free,aggregate,62
Caption Distance FGW,text-free,aggregate,276
Caption Distance FGW,text-free,aggregate,194
Caption Distance FGW,text-free,aggregate,183
Caption Distance FGW,text-free,aggregate,25
Caption Distance FGW,text-free,aggregate,36
Caption Distance FGW,text-free,aggregate,8
Caption Distance FGW,text-free,aggregate,105
Caption Distance FGW,text-free,aggregate,3
Caption Distance FGW,text-free,aggregate,19
Caption Distance FGW,text-free,aggregate,8
Caption Distance FGW,text-free,aggregate,9
Caption Distance FGW,text-free,aggregate,4
Caption Distance FGW,text-free,aggregate,85
Caption Distance FGW,text-free,aggregate,89
Caption Distance FGW,text-free,aggregate,47
Caption Distance FGW,text-free,aggregate,222
Caption Distance FGW,text-free,aggregate,16
Caption Distance FGW,text-free,aggregate,55
Caption Distance FGW,text-free,aggregate,57
Caption Distance FGW,text-free,aggregate,5
Caption Distance FGW,text-free,aggregate,99
Caption Distance FGW,text-free,aggregate,85
Caption Distance FGW,text-free,aggregate,51
Caption Distance FGW,text-free,aggregate,205
Caption Distance FGW,text-free,aggregate,26
Caption Distance FGW,text-free,aggregate,34
Caption Distance FGW,text-free,aggregate,15
Caption Distance FGW,text-free,aggregate,155
Caption Distance FGW,text-free,aggregate,35
Caption Distance FGW,text-free,aggregate,6
Caption Distance FGW,text-free,aggregate,169
Caption Distance FGW,text-free,aggregate,143
Caption Distance FGW,text-free,aggregate,68
Caption Distance FGW,text-free,aggregate,126
Caption Distance FGW,text-free,aggregate,32
Caption Distance FGW,text-free,aggregate,57
Caption Distance FGW,text-free,aggregate,2
Caption Distance FGW,text-free,aggregate,294
Caption Distance FGW,text-free,aggregate,23
Caption Distance FGW,text-free,aggregate,31
Caption Distance FGW,text-free,aggregate,306
Caption Distance FGW,text-free,aggregate,114
Caption Distance FGW,text-free,aggregate,115
Caption Distance FGW,text-free,aggregate,16
Caption Distance FGW,text-free,aggregate,20
Caption Distance FGW,text-free,aggregate,2
Caption Distance FGW,text-free,aggregate,398
Caption Distance FGW,text-free,aggregate,275
Caption Distance FGW,text-free,aggregate,67
Caption Distance FGW,text-free,aggregate,6
Caption Distance FGW,text-free,aggregate,23
Caption Distance FGW,text-free,aggregate,3
Caption Distance FGW,text-free,aggregate,2
Caption Distance FGW,text-free,aggregate,77
Caption Distance FGW,text-free,aggregate,33
Caption Distance FGW,text-free,aggregate,161
Caption Distance FGW,text-free,aggregate,103
Caption Distance FGW,text-free,aggregate,75
Caption Distance FGW,text-free,aggregate,204
Caption Distance FGW,text-free,aggregate,4
Caption Distance FGW,text-free,aggregate,60
Caption Distance FGW,text-free,aggregate,16
Caption Distance FGW,text-free,aggregate,141
Caption Distance FGW,text-free,aggregate,134
Caption Distance FGW,text-free,aggregate,86
Caption Distance FGW,text-free,aggregate,162
Caption Distance FGW,text-free,aggregate,2
Caption Distance FGW,text-free,aggregate,102
Caption Distance FGW,text-free,aggregate,10
Caption Distance FGW,text-free,aggregate,48
Caption Distance FGW,text-free,aggregate,3
Caption Distance FGW,text-free,aggregate,8
Caption Distance FGW,text-free,aggregate,251
Caption Distance FGW,text-free,aggregate,129
Caption Distance FGW,text-free,aggregate,106
Caption Distance FGW,text-free,aggregate,24
Caption Distance FGW,text-free,aggregate,116
Caption Distance FGW,text-free,aggregate,338
Caption Distance FGW,text-free,aggregate,2
Caption Distance FGW,text-free,aggregate,1
Caption Distance FGW,text-free,aggregate,70
Caption Distance FGW,text-free,aggregate,191
Caption Distance FGW,text-free,aggregate,146
Caption Distance FGW,text-free,aggregate,91
Caption Distance FGW,text-free,aggregate,152
Caption Distance FGW,text-free,heldout,63
Caption Distance FGW,text-free,heldout,20
Caption Distance FGW,text-free,heldout,14
Caption Distance FGW,text-free,heldout,31
Caption Distance FGW,text-free,heldout,278
Caption Distance FGW,text-free,heldout,18
Caption Distance FGW,text-free,heldout,67
Caption Distance FGW,text-free,heldout,11
Caption Distance FGW,text-free,heldout,2
Caption Distance FGW,text-free,heldout,51
Caption Distance FGW,text-free,heldout,142
Caption Distance FGW,text-free,heldout,5
Caption Distance FGW,text-free,heldout,53
Caption Distance FGW,text-free,heldout,76
Caption Distance FGW,text-free,heldout,28
Caption Distance FGW,text-free,heldout,34
Caption Distance FGW,text-free,heldout,1
Caption Distance FGW,text-free,heldout,2
Caption Distance FGW,text-free,heldout,3
Caption Distance FGW,text-free,heldout,19
Caption Distance FGW,text-free,heldout,35
Caption Distance FGW,text-free,heldout,143
Caption Distance FGW,text-free,heldout,60
Caption Distance FGW,text-free,heldout,162
Caption Distance FGW,text-free,heldout,251
Caption Distance FGW,text-free,heldout,129
GW (intra-modal geometry),text-free,aggregate,190
GW (intra-modal geometry),text-free,aggregate,330
GW (intra-modal geometry),text-free,aggregate,51
GW (intra-modal geometry),text-free,aggregate,339
GW (intra-modal geometry),text-free,aggregate,324
GW (intra-modal geometry),text-free,aggregate,140
GW (intra-modal geometry),text-free,aggregate,231
GW (intra-modal geometry),text-free,aggregate,11
GW (intra-modal geometry),text-free,aggregate,257
GW (intra-modal geometry),text-free,aggregate,57
GW (intra-modal geometry),text-free,aggregate,66
GW (intra-modal geometry),text-free,aggregate,106
GW (intra-modal geometry),text-free,aggregate,233
GW (intra-modal geometry),text-free,aggregate,199
GW (intra-modal geometry),text-free,aggregate,196
GW (intra-modal geometry),text-free,aggregate,34
GW (intra-modal geometry),text-free,aggregate,263
GW (intra-modal geometry),text-free,aggregate,35
GW (intra-modal geometry),text-free,aggregate,183
GW (intra-modal geometry),text-free,aggregate,140
GW (intra-modal geometry),text-free,aggregate,204
GW (intra-modal geometry),text-free,aggregate,87
GW (intra-modal geometry),text-free,aggregate,78
GW (intra-modal geometry),text-free,aggregate,261
GW (intra-modal geometry),text-free,aggregate,226
GW (intra-modal geometry),text-free,aggregate,230
GW (intra-modal geometry),text-free,aggregate,78
GW (intra-modal geometry),text-free,aggregate,292
GW (intra-modal geometry),text-free,aggregate,268
GW (intra-modal geometry),text-free,aggregate,33
GW (intra-modal geometry),text-free,aggregate,27
GW (intra-modal geometry),text-free,aggregate,193
GW (intra-modal geometry),text-free,aggregate,242
GW (intra-modal geometry),text-free,aggregate,274
GW (intra-modal geometry),text-free,aggregate,241
GW (intra-modal geometry),text-free,aggregate,52
GW (intra-modal geometry),text-free,aggregate,335
GW (intra-modal geometry),text-free,aggregate,55
GW (intra-modal geometry),text-free,aggregate,117
GW (intra-modal geometry),text-free,aggregate,249
GW (intra-modal geometry),text-free,aggregate,51
GW (intra-modal geometry),text-free,aggregate,130
GW (intra-modal geometry),text-free,aggregate,362
GW (intra-modal geometry),text-free,aggregate,122
GW (intra-modal geometry),text-free,aggregate,290
GW (intra-modal geometry),text-free,aggregate,214
GW (intra-modal geometry),text-free,aggregate,273
GW (intra-modal geometry),text-free,aggregate,246
GW (intra-modal geometry),text-free,aggregate,125
GW (intra-modal geometry),text-free,aggregate,181
GW (intra-modal geometry),text-free,aggregate,23
GW (intra-modal geometry),text-free,aggregate,5
GW (intra-modal geometry),text-free,aggregate,149
GW (intra-modal geometry),text-free,aggregate,300
GW (intra-modal geometry),text-free,aggregate,193
GW (intra-modal geometry),text-free,aggregate,244
GW (intra-modal geometry),text-free,aggregate,246
GW (intra-modal geometry),text-free,aggregate,28
GW (intra-modal geometry),text-free,aggregate,134
GW (intra-modal geometry),text-free,aggregate,159
GW (intra-modal geometry),text-free,aggregate,223
GW (intra-modal geometry),text-free,aggregate,132
GW (intra-modal geometry),text-free,aggregate,318
GW (intra-modal geometry),text-free,aggregate,317
GW (intra-modal geometry),text-free,aggregate,9
GW (intra-modal geometry),text-free,aggregate,101
GW (intra-modal geometry),text-free,aggregate,35
GW (intra-modal geometry),text-free,aggregate,25
GW (intra-modal geometry),text-free,aggregate,175
GW (intra-modal geometry),text-free,aggregate,147
GW (intra-modal geometry),text-free,aggregate,8
GW (intra-modal geometry),text-free,aggregate,320
GW (intra-modal geometry),text-free,aggregate,39
GW (intra-modal geometry),text-free,aggregate,71
GW (intra-modal geometry),text-free,aggregate,371
GW (intra-modal geometry),text-free,aggregate,20
GW (intra-modal geometry),text-free,aggregate,283
GW (intra-modal geometry),text-free,aggregate,91
GW (intra-modal geometry),text-free,aggregate,65
GW (intra-modal geometry),text-free,aggregate,77
GW (intra-modal geometry),text-free,aggregate,133
GW (intra-modal geometry),text-free,aggregate,282
GW (intra-modal geometry),text-free,aggregate,199
GW (intra-modal geometry),text-free,aggregate,193
GW (intra-modal geometry),text-free,aggregate,189
GW (intra-modal geometry),text-free,aggregate,285
GW (intra-modal geometry),text-free,aggregate,86
GW (intra-modal geometry),text-free,aggregate,346
GW (intra-modal geometry),text-free,aggregate,124
GW (intra-modal geometry),text-free,aggregate,79
GW (intra-modal geometry),text-free,aggregate,212
GW (intra-modal geometry),text-free,aggregate,181
GW (intra-modal geometry),text-free,aggregate,318
GW (intra-modal geometry),text-free,aggregate,168
GW (intra-modal geometry),text-free,aggregate,240
GW (intra-modal geometry),text-free,aggregate,354
GW (intra-modal geometry),text-free,aggregate,30
GW (intra-modal geometry),text-free,aggregate,361
GW (intra-modal geometry),text-free,aggregate,81
GW (intra-modal geometry),text-free,aggregate,216
GW (intra-modal geometry),text-free,aggregate,287
GW (intra-modal geometry),text-free,aggregate,178
GW (intra-modal geometry),text-free,aggregate,82
GW (intra-modal geometry),text-free,aggregate,232
GW (intra-modal geometry),text-free,aggregate,391
GW (intra-modal geometry),text-free,aggregate,380
GW (intra-modal geometry),text-free,aggregate,50
GW (intra-modal geometry),text-free,aggregate,57
GW (intra-modal geometry),text-free,aggregate,55
GW (intra-modal geometry),text-free,aggregate,158
GW (intra-modal geometry),text-free,aggregate,1
GW (intra-modal geometry),text-free,aggregate,105
GW (intra-modal geometry),text-free,aggregate,182
GW (intra-modal geometry),text-free,aggregate,10
GW (intra-modal geometry),text-free,aggregate,111
GW (intra-modal geometry),text-free,aggregate,278
GW (intra-modal geometry),text-free,aggregate,4
GW (intra-modal geometry),text-free,aggregate,131
GW (intra-modal geometry),text-free,aggregate,88
GW (intra-modal geometry),text-free,aggregate,220
GW (intra-modal geometry),text-free,aggregate,118
GW (intra-modal geometry),text-free,aggregate,71
GW (intra-modal geometry),text-free,aggregate,158
GW (intra-modal geometry),text-free,aggregate,382
GW (intra-modal geometry),text-free,aggregate,309
GW (intra-modal geometry),text-free,aggregate,138
GW (intra-modal geometry),text-free,aggregate,94
GW (intra-modal geometry),text-free,aggregate,72
GW (intra-modal geometry),text-free,aggregate,85
GW (intra-modal geometry),text-free,aggregate,11
GW (intra-modal geometry),text-free,aggregate,16
GW (intra-modal geometry),text-free,aggregate,366
GW (intra-modal geometry),text-free,aggregate,32
GW (intra-modal geometry),text-free,aggregate,4
GW (intra-modal geometry),text-free,aggregate,57
GW (intra-modal geometry),text-free,aggregate,21
GW (intra-modal geometry),text-free,aggregate,87
GW (intra-modal geometry),text-free,aggregate,31
GW (intra-modal geometry),text-free,aggregate,110
GW (intra-modal geometry),text-free,aggregate,60
GW (intra-modal geometry),text-free,aggregate,87
GW (intra-modal geometry),text-free,aggregate,316
GW (intra-modal geometry),text-free,aggregate,205
GW (intra-modal geometry),text-free,aggregate,49
GW (intra-modal geometry),text-free,aggregate,237
GW (intra-modal geometry),text-free,aggregate,205
GW (intra-modal geometry),text-free,aggregate,101
GW (intra-modal geometry),text-free,aggregate,308
GW (intra-modal geometry),text-free,aggregate,158
GW (intra-modal geometry),text-free,aggregate,13
GW (intra-modal geometry),text-free,aggregate,217
GW (intra-modal geometry),text-free,aggregate,157
GW (intra-modal geometry),text-free,aggregate,15
GW (intra-modal geometry),text-free,aggregate,74
GW (intra-modal geometry),text-free,aggregate,32
GW (intra-modal geometry),text-free,aggregate,22
GW (intra-modal geometry),text-free,aggregate,105
GW (intra-modal geometry),text-free,aggregate,211
GW (intra-modal geometry),text-free,aggregate,314
GW (intra-modal geometry),text-free,aggregate,35
GW (intra-modal geometry),text-free,aggregate,77
GW (intra-modal geometry),text-free,aggregate,78
GW (intra-modal geometry),text-free,aggregate,58
GW (intra-modal geometry),text-free,aggregate,277
GW (intra-modal geometry),text-free,aggregate,208
GW (intra-modal geometry),text-free,aggregate,52
GW (intra-modal geometry),text-free,aggregate,169
GW (intra-modal geometry),text-free,aggregate,6
GW (intra-modal geometry),text-free,aggregate,152
GW (intra-modal geometry),text-free,aggregate,5
GW (intra-modal geometry),text-free,aggregate,399
GW (intra-modal geometry),text-free,aggregate,22
GW (intra-modal geometry),text-free,aggregate,45
GW (intra-modal geometry),text-free,aggregate,315
GW (intra-modal geometry),text-free,aggregate,311
GW (intra-modal geometry),text-free,aggregate,126
GW (intra-modal geometry),text-free,aggregate,124
GW (intra-modal geometry),text-free,aggregate,372
GW (intra-modal geometry),text-free,aggregate,59
GW (intra-modal geometry),text-free,aggregate,20
GW (intra-modal geometry),text-free,aggregate,179
GW (intra-modal geometry),text-free,aggregate,11
GW (intra-modal geometry),text-free,aggregate,110
GW (intra-modal geometry),text-free,aggregate,34
GW (intra-modal geometry),text-free,aggregate,173
GW (intra-modal geometry),text-free,aggregate,303
GW (intra-modal geometry),text-free,aggregate,354
GW (intra-modal geometry),text-free,aggregate,323
GW (intra-modal geometry),text-free,aggregate,272
GW (intra-modal geometry),text-free,aggregate,186
GW (intra-modal geometry),text-free,aggregate,152
GW (intra-modal geometry),text-free,aggregate,57
GW (intra-modal geometry),text-free,aggregate,185
GW (intra-modal geometry),text-free,aggregate,226
GW (intra-modal geometry),text-free,aggregate,203
GW (intra-modal geometry),text-free,aggregate,248
GW (intra-modal geometry),text-free,aggregate,102
GW (intra-modal geometry),text-free,aggregate,153
GW (intra-modal geometry),text-free,aggregate,204
GW (intra-modal geometry),text-free,aggregate,114
GW (intra-modal geometry),text-free,aggregate,220
GW (intra-modal geometry),text-free,aggregate,261
GW (intra-modal geometry),text-free,aggregate,351
GW (intra-modal geometry),text-free,aggregate,114
GW (intra-modal geometry),text-free,aggregate,279
GW (intra-modal geometry),text-free,aggregate,32
GW (intra-modal geometry),text-free,aggregate,81
GW (intra-modal geometry),text-free,aggregate,63
GW (intra-modal geometry),text-free,aggregate,41
GW (intra-modal geometry),text-free,aggregate,204
GW (intra-modal geometry),text-free,aggregate,175
GW (intra-modal geometry),text-free,aggregate,346
GW (intra-modal geometry),text-free,aggregate,284
GW (intra-modal geometry),text-free,aggregate,400
GW (intra-modal geometry),text-free,aggregate,21
GW (intra-modal geometry),text-free,aggregate,9
GW (intra-modal geometry),text-free,aggregate,170
GW (intra-modal geometry),text-free,aggregate,109
GW (intra-modal geometry),text-free,aggregate,237
GW (intra-modal geometry),text-free,aggregate,129
GW (intra-modal geometry),text-free,aggregate,318
GW (intra-modal geometry),text-free,aggregate,55
GW (intra-modal geometry),text-free,aggregate,338
GW (intra-modal geometry),text-free,aggregate,275
GW (intra-modal geometry),text-free,aggregate,43
GW (intra-modal geometry),text-free,aggregate,146
GW (intra-modal geometry),text-free,aggregate,42
GW (intra-modal geometry),text-free,aggregate,211
GW (intra-modal geometry),text-free,aggregate,15
GW (intra-modal geometry),text-free,aggregate,58
GW (intra-modal geometry),text-free,aggregate,365
GW (intra-modal geometry),text-free,aggregate,139
GW (intra-modal geometry),text-free,aggregate,268
GW (intra-modal geometry),text-free,aggregate,397
GW (intra-modal geometry),text-free,aggregate,17
GW (intra-modal geometry),text-free,aggregate,283
GW (intra-modal geometry),text-free,aggregate,140
GW (intra-modal geometry),text-free,aggregate,80
GW (intra-modal geometry),text-free,aggregate,51
GW (intra-modal geometry),text-free,aggregate,11
GW (intra-modal geometry),text-free,aggregate,362
GW (intra-modal geometry),text-free,aggregate,175
GW (intra-modal geometry),text-free,aggregate,199
GW (intra-modal geometry),text-free,aggregate,164
GW (intra-modal geometry),text-free,aggregate,151
GW (intra-modal geometry),text-free,aggregate,10
GW (intra-modal geometry),text-free,aggregate,268
GW (intra-modal geometry),text-free,aggregate,4
GW (intra-modal geometry),text-free,aggregate,245
GW (intra-modal geometry),text-free,aggregate,2
GW (intra-modal geometry),text-free,aggregate,184
GW (intra-modal geometry),text-free,aggregate,255
GW (intra-modal geometry),text-free,aggregate,330
GW (intra-modal geometry),text-free,aggregate,293
GW (intra-modal geometry),text-free,aggregate,103
GW (intra-modal geometry),text-free,aggregate,39
GW (intra-modal geometry),text-free,aggregate,198
GW (intra-modal geometry),text-free,aggregate,84
GW (intra-modal geometry),text-free,aggregate,43
GW (intra-modal geometry),text-free,aggregate,335
GW (intra-modal geometry),text-free,aggregate,323
GW (intra-modal geometry),text-free,aggregate,3
GW (intra-modal geometry),text-free,aggregate,377
GW (intra-modal geometry),text-free,aggregate,176
GW (intra-modal geometry),text-free,aggregate,363
GW (intra-modal geometry),text-free,aggregate,57
GW (intra-modal geometry),text-free,aggregate,39
GW (intra-modal geometry),text-free,aggregate,170
GW (intra-modal geometry),text-free,aggregate,337
GW (intra-modal geometry),text-free,aggregate,30
GW (intra-modal geometry),text-free,aggregate,261
GW (intra-modal geometry),text-free,aggregate,283
GW (intra-modal geometry),text-free,aggregate,161
GW (intra-modal geometry),text-free,aggregate,145
GW (intra-modal geometry),text-free,aggregate,99
GW (intra-modal geometry),text-free,aggregate,87
GW (intra-modal geometry),text-free,aggregate,1
GW (intra-modal geometry),text-free,aggregate,249
GW (intra-modal geometry),text-free,aggregate,317
GW (intra-modal geometry),text-free,aggregate,211
GW (intra-modal geometry),text-free,aggregate,193
GW (intra-modal geometry),text-free,aggregate,266
GW (intra-modal geometry),text-free,aggregate,301
GW (intra-modal geometry),text-free,aggregate,168
GW (intra-modal geometry),text-free,aggregate,72
GW (intra-modal geometry),text-free,aggregate,320
GW (intra-modal geometry),text-free,aggregate,287
GW (intra-modal geometry),text-free,aggregate,290
GW (intra-modal geometry),text-free,aggregate,142
GW (intra-modal geometry),text-free,aggregate,61
GW (intra-modal geometry),text-free,aggregate,334
GW (intra-modal geometry),text-free,aggregate,136
GW (intra-modal geometry),text-free,aggregate,135
GW (intra-modal geometry),text-free,aggregate,26
GW (intra-modal geometry),text-free,aggregate,153
GW (intra-modal geometry),text-free,aggregate,297
GW (intra-modal geometry),text-free,aggregate,395
GW (intra-modal geometry),text-free,aggregate,248
GW (intra-modal geometry),text-free,aggregate,66
GW (intra-modal geometry),text-free,aggregate,326
GW (intra-modal geometry),text-free,aggregate,104
GW (intra-modal geometry),text-free,aggregate,69
GW (intra-modal geometry),text-free,aggregate,361
GW (intra-modal geometry),text-free,aggregate,1
GW (intra-modal geometry),text-free,aggregate,42
GW (intra-modal geometry),text-free,aggregate,118
GW (intra-modal geometry),text-free,aggregate,211
GW (intra-modal geometry),text-free,aggregate,234
GW (intra-modal geometry),text-free,aggregate,314
GW (intra-modal geometry),text-free,aggregate,144
GW (intra-modal geometry),text-free,aggregate,50
GW (intra-modal geometry),text-free,aggregate,130
GW (intra-modal geometry),text-free,aggregate,118
GW (intra-modal geometry),text-free,aggregate,23
GW (intra-modal geometry),text-free,aggregate,116
GW (intra-modal geometry),text-free,aggregate,374
GW (intra-modal geometry),text-free,aggregate,2
GW (intra-modal geometry),text-free,aggregate,22
GW (intra-modal geometry),text-free,aggregate,1
GW (intra-modal geometry),text-free,aggregate,65
GW (intra-modal geometry),text-free,aggregate,55
GW (intra-modal geometry),text-free,aggregate,222
GW (intra-modal geometry),text-free,aggregate,2
GW (intra-modal geometry),text-free,aggregate,246
GW (intra-modal geometry),text-free,aggregate,39
GW (intra-modal geometry),text-free,aggregate,296
GW (intra-modal geometry),text-free,aggregate,322
GW (intra-modal geometry),text-free,aggregate,72
GW (intra-modal geometry),text-free,aggregate,67
GW (intra-modal geometry),text-free,aggregate,26
GW (intra-modal geometry),text-free,aggregate,61
GW (intra-modal geometry),text-free,aggregate,10
GW (intra-modal geometry),text-free,aggregate,49
GW (intra-modal geometry),text-free,aggregate,47
GW (intra-modal geometry),text-free,aggregate,42
GW (intra-modal geometry),text-free,aggregate,355
GW (intra-modal geometry),text-free,aggregate,4
GW (intra-modal geometry),text-free,aggregate,159
GW (intra-modal geometry),text-free,aggregate,362
GW (intra-modal geometry),text-free,aggregate,7
GW (intra-modal geometry),text-free,aggregate,36
GW (intra-modal geometry),text-free,aggregate,133
GW (intra-modal geometry),text-free,aggregate,386
GW (intra-modal geometry),text-free,aggregate,63
GW (intra-modal geometry),text-free,aggregate,304
GW (intra-modal geometry),text-free,aggregate,329
GW (intra-modal geometry),text-free,aggregate,203
GW (intra-modal geometry),text-free,aggregate,79
GW (intra-modal geometry),text-free,aggregate,348
GW (intra-modal geometry),text-free,aggregate,226
GW (intra-modal geometry),text-free,aggregate,228
GW (intra-modal geometry),text-free,aggregate,195
GW (intra-modal geometry),text-free,aggregate,394
GW (intra-modal geometry),text-free,aggregate,186
GW (intra-modal geometry),text-free,aggregate,60
GW (intra-modal geometry),text-free,aggregate,42
GW (intra-modal geometry),text-free,aggregate,213
GW (intra-modal geometry),text-free,aggregate,111
GW (intra-modal geometry),text-free,aggregate,177
GW (intra-modal geometry),text-free,aggregate,74
GW (intra-modal geometry),text-free,aggregate,19
GW (intra-modal geometry),text-free,aggregate,98
GW (intra-modal geometry),text-free,aggregate,247
GW (intra-modal geometry),text-free,aggregate,45
GW (intra-modal geometry),text-free,aggregate,330
GW (intra-modal geometry),text-free,aggregate,31
GW (intra-modal geometry),text-free,aggregate,133
GW (intra-modal geometry),text-free,aggregate,23
GW (intra-modal geometry),text-free,aggregate,207
GW (intra-modal geometry),text-free,aggregate,247
GW (intra-modal geometry),text-free,aggregate,58
GW (intra-modal geometry),text-free,aggregate,329
GW (intra-modal geometry),text-free,aggregate,149
GW (intra-modal geometry),text-free,aggregate,141
GW (intra-modal geometry),text-free,aggregate,324
GW (intra-modal geometry),text-free,aggregate,93
GW (intra-modal geometry),text-free,aggregate,340
GW (intra-modal geometry),text-free,aggregate,95
GW (intra-modal geometry),text-free,aggregate,4
GW (intra-modal geometry),text-free,aggregate,29
GW (intra-modal geometry),text-free,aggregate,285
GW (intra-modal geometry),text-free,aggregate,70
GW (intra-modal geometry),text-free,aggregate,394
GW (intra-modal geometry),text-free,aggregate,99
GW (intra-modal geometry),text-free,aggregate,10
GW (intra-modal geometry),text-free,aggregate,26
GW (intra-modal geometry),text-free,aggregate,172
GW (intra-modal geometry),text-free,aggregate,114
GW (intra-modal geometry),text-free,aggregate,154
GW (intra-modal geometry),text-free,aggregate,37
GW (intra-modal geometry),text-free,aggregate,16
GW (intra-modal geometry),text-free,aggregate,130
GW (intra-modal geometry),text-free,aggregate,222
GW (intra-modal geometry),text-free,aggregate,39
GW (intra-modal geometry),text-free,aggregate,20
GW (intra-modal geometry),text-free,aggregate,300
GW (intra-modal geometry),text-free,aggregate,237
GW (intra-modal geometry),text-free,aggregate,158
GW (intra-modal geometry),text-free,aggregate,83
GW (intra-modal geometry),text-free,aggregate,44
GW (intra-modal geometry),text-free,heldout,190
GW (intra-modal geometry),text-free,heldout,183
GW (intra-modal geometry),text-free,heldout,140
GW (intra-modal geometry),text-free,heldout,273
GW (intra-modal geometry),text-free,heldout,246
GW (intra-modal geometry),text-free,heldout,35
GW (intra-modal geometry),text-free,heldout,50
GW (intra-modal geometry),text-free,heldout,35
GW (intra-modal geometry),text-free,heldout,77
GW (intra-modal geometry),text-free,heldout,303
GW (intra-modal geometry),text-free,heldout,323
GW (intra-modal geometry),text-free,heldout,186
GW (intra-modal geometry),text-free,heldout,58
GW (intra-modal geometry),text-free,heldout,175
GW (intra-modal geometry),text-free,heldout,10
GW (intra-modal geometry),text-free,heldout,335
GW (intra-modal geometry),text-free,heldout,287
GW (intra-modal geometry),text-free,heldout,142
GW (intra-modal geometry),text-free,heldout,26
GW (intra-modal geometry),text-free,heldout,246
GW (intra-modal geometry),text-free,heldout,63
GW (intra-modal geometry),text-free,heldout,203
GW (intra-modal geometry),text-free,heldout,93
GW (intra-modal geometry),text-free,heldout,285
GW (intra-modal geometry),text-free,heldout,114
GW (intra-modal geometry),text-free,heldout,154
Raw caption cosine (ceiling),text-free,aggregate,151
Raw caption cosine (ceiling),text-free,aggregate,1
Raw caption cosine (ceiling),text-free,aggregate,12
Raw caption cosine (ceiling),text-free,aggregate,125
Raw caption cosine (ceiling),text-free,aggregate,172
Raw caption cosine (ceiling),text-free,aggregate,47
Raw caption cosine (ceiling),text-free,aggregate,4
Raw caption cosine (ceiling),text-free,aggregate,158
Raw caption cosine (ceiling),text-free,aggregate,82
Raw caption cosine (ceiling),text-free,aggregate,2
Raw caption cosine (ceiling),text-free,aggregate,15
Raw caption cosine (ceiling),text-free,aggregate,1
Raw caption cosine (ceiling),text-free,aggregate,207
Raw caption cosine (ceiling),text-free,aggregate,1
Raw caption cosine (ceiling),text-free,aggregate,102
Raw caption cosine (ceiling),text-free,aggregate,8
Raw caption cosine (ceiling),text-free,aggregate,98
Raw caption cosine (ceiling),text-free,aggregate,80
Raw caption cosine (ceiling),text-free,aggregate,6
Raw caption cosine (ceiling),text-free,aggregate,16
Raw caption cosine (ceiling),text-free,aggregate,143
Raw caption cosine (ceiling),text-free,aggregate,78
Raw caption cosine (ceiling),text-free,aggregate,33
Raw caption cosine (ceiling),text-free,aggregate,2
Raw caption cosine (ceiling),text-free,aggregate,141
Raw caption cosine (ceiling),text-free,aggregate,146
Raw caption cosine (ceiling),text-free,aggregate,3
Raw caption cosine (ceiling),text-free,aggregate,49
Raw caption cosine (ceiling),text-free,aggregate,16
Raw caption cosine (ceiling),text-free,aggregate,271
Raw caption cosine (ceiling),text-free,aggregate,5
Raw caption cosine (ceiling),text-free,aggregate,1
Raw caption cosine (ceiling),text-free,aggregate,29
Raw caption cosine (ceiling),text-free,aggregate,10
Raw caption cosine (ceiling),text-free,aggregate,118
Raw caption cosine (ceiling),text-free,aggregate,3
Raw caption cosine (ceiling),text-free,aggregate,17
Raw caption cosine (ceiling),text-free,aggregate,1
Raw caption cosine (ceiling),text-free,aggregate,19
Raw caption cosine (ceiling),text-free,aggregate,11
Raw caption cosine (ceiling),text-free,aggregate,24
Raw caption cosine (ceiling),text-free,aggregate,297
Raw caption cosine (ceiling),text-free,aggregate,12
Raw caption cosine (ceiling),text-free,aggregate,3
Raw caption cosine (ceiling),text-free,aggregate,123
Raw caption cosine (ceiling),text-free,aggregate,1
Raw caption cosine (ceiling),text-free,aggregate,167
Raw caption cosine (ceiling),text-free,aggregate,25
Raw caption cosine (ceiling),text-free,aggregate,108
Raw caption cosine (ceiling),text-free,aggregate,1
Raw caption cosine (ceiling),text-free,aggregate,24
Raw caption cosine (ceiling),text-free,aggregate,120
Raw caption cosine (ceiling),text-free,aggregate,19
Raw caption cosine (ceiling),text-free,aggregate,216
Raw caption cosine (ceiling),text-free,aggregate,6
Raw caption cosine (ceiling),text-free,aggregate,45
Raw caption cosine (ceiling),text-free,aggregate,311
Raw caption cosine (ceiling),text-free,aggregate,140
Raw caption cosine (ceiling),text-free,aggregate,324
Raw caption cosine (ceiling),text-free,aggregate,74
Raw caption cosine (ceiling),text-free,aggregate,80
Raw caption cosine (ceiling),text-free,aggregate,173
Raw caption cosine (ceiling),text-free,aggregate,188
Raw caption cosine (ceiling),text-free,aggregate,162
Raw caption cosine (ceiling),text-free,aggregate,16
Raw caption cosine (ceiling),text-free,aggregate,258
Raw caption cosine (ceiling),text-free,aggregate,25
Raw caption cosine (ceiling),text-free,aggregate,99
Raw caption cosine (ceiling),text-free,aggregate,141
Raw caption cosine (ceiling),text-free,aggregate,81
Raw caption cosine (ceiling),text-free,aggregate,20
Raw caption cosine (ceiling),text-free,aggregate,39
Raw caption cosine (ceiling),text-free,aggregate,42
Raw caption cosine (ceiling),text-free,aggregate,213
Raw caption cosine (ceiling),text-free,aggregate,82
Raw caption cosine (ceiling),text-free,aggregate,1
Raw caption cosine (ceiling),text-free,aggregate,3
Raw caption cosine (ceiling),text-free,aggregate,348
Raw caption cosine (ceiling),text-free,aggregate,3
Raw caption cosine (ceiling),text-free,aggregate,298
Raw caption cosine (ceiling),text-free,aggregate,300
Raw caption cosine (ceiling),text-free,aggregate,25
Raw caption cosine (ceiling),text-free,aggregate,201
Raw caption cosine (ceiling),text-free,aggregate,95
Raw caption cosine (ceiling),text-free,aggregate,219
Raw caption cosine (ceiling),text-free,aggregate,24
Raw caption cosine (ceiling),text-free,aggregate,48
Raw caption cosine (ceiling),text-free,aggregate,325
Raw caption cosine (ceiling),text-free,aggregate,2
Raw caption cosine (ceiling),text-free,aggregate,166
Raw caption cosine (ceiling),text-free,aggregate,76
Raw caption cosine (ceiling),text-free,aggregate,19
Raw caption cosine (ceiling),text-free,aggregate,316
Raw caption cosine (ceiling),text-free,aggregate,137
Raw caption cosine (ceiling),text-free,aggregate,24
Raw caption cosine (ceiling),text-free,aggregate,21
Raw caption cosine (ceiling),text-free,aggregate,154
Raw caption cosine (ceiling),text-free,aggregate,113
Raw caption cosine (ceiling),text-free,aggregate,112
Raw caption cosine (ceiling),text-free,aggregate,297
Raw caption cosine (ceiling),text-free,aggregate,370
Raw caption cosine (ceiling),text-free,aggregate,180
Raw caption cosine (ceiling),text-free,aggregate,28
Raw caption cosine (ceiling),text-free,aggregate,214
Raw caption cosine (ceiling),text-free,aggregate,151
Raw caption cosine (ceiling),text-free,aggregate,55
Raw caption cosine (ceiling),text-free,aggregate,64
Raw caption cosine (ceiling),text-free,aggregate,13
Raw caption cosine (ceiling),text-free,aggregate,187
Raw caption cosine (ceiling),text-free,aggregate,150
Raw caption cosine (ceiling),text-free,aggregate,225
Raw caption cosine (ceiling),text-free,aggregate,313
Raw caption cosine (ceiling),text-free,aggregate,170
Raw caption cosine (ceiling),text-free,aggregate,9
Raw caption cosine (ceiling),text-free,aggregate,7
Raw caption cosine (ceiling),text-free,aggregate,127
Raw caption cosine (ceiling),text-free,aggregate,4
Raw caption cosine (ceiling),text-free,aggregate,159
Raw caption cosine (ceiling),text-free,aggregate,38
Raw caption cosine (ceiling),text-free,aggregate,392
Raw caption cosine (ceiling),text-free,aggregate,6
Raw caption cosine (ceiling),text-free,aggregate,39
Raw caption cosine (ceiling),text-free,aggregate,3
Raw caption cosine (ceiling),text-free,aggregate,9
Raw caption cosine (ceiling),text-free,aggregate,72
Raw caption cosine (ceiling),text-free,aggregate,35
Raw caption cosine (ceiling),text-free,aggregate,4
Raw caption cosine (ceiling),text-free,aggregate,156
Raw caption cosine (ceiling),text-free,aggregate,25
Raw caption cosine (ceiling),text-free,aggregate,84
Raw caption cosine (ceiling),text-free,aggregate,46
Raw caption cosine (ceiling),text-free,aggregate,8
Raw caption cosine (ceiling),text-free,aggregate,82
Raw caption cosine (ceiling),text-free,aggregate,157
Raw caption cosine (ceiling),text-free,aggregate,5
Raw caption cosine (ceiling),text-free,aggregate,168
Raw caption cosine (ceiling),text-free,aggregate,2
Raw caption cosine (ceiling),text-free,aggregate,280
Raw caption cosine (ceiling),text-free,aggregate,140
Raw caption cosine (ceiling),text-free,aggregate,4
Raw caption cosine (ceiling),text-free,aggregate,1
Raw caption cosine (ceiling),text-free,aggregate,138
Raw caption cosine (ceiling),text-free,aggregate,74
Raw caption cosine (ceiling),text-free,aggregate,53
Raw caption cosine (ceiling),text-free,aggregate,85
Raw caption cosine (ceiling),text-free,aggregate,2
Raw caption cosine (ceiling),text-free,aggregate,9
Raw caption cosine (ceiling),text-free,aggregate,277
Raw caption cosine (ceiling),text-free,aggregate,7
Raw caption cosine (ceiling),text-free,aggregate,3
Raw caption cosine (ceiling),text-free,aggregate,204
Raw caption cosine (ceiling),text-free,aggregate,320
Raw caption cosine (ceiling),text-free,aggregate,25
Raw caption cosine (ceiling),text-free,aggregate,13
Raw caption cosine (ceiling),text-free,aggregate,36
Raw caption cosine (ceiling),text-free,aggregate,1
Raw caption cosine (ceiling),text-free,aggregate,26
Raw caption cosine (ceiling),text-free,aggregate,5
Raw caption cosine (ceiling),text-free,aggregate,22
Raw caption cosine (ceiling),text-free,aggregate,7
Raw caption cosine (ceiling),text-free,aggregate,6
Raw caption cosine (ceiling),text-free,aggregate,64
Raw caption cosine (ceiling),text-free,aggregate,16
Raw caption cosine (ceiling),text-free,aggregate,7
Raw caption cosine (ceiling),text-free,aggregate,28
Raw caption cosine (ceiling),text-free,aggregate,234
Raw caption cosine (ceiling),text-free,aggregate,114
Raw caption cosine (ceiling),text-free,aggregate,162
Raw caption cosine (ceiling),text-free,aggregate,105
Raw caption cosine (ceiling),text-free,aggregate,2
Raw caption cosine (ceiling),text-free,aggregate,24
Raw caption cosine (ceiling),text-free,aggregate,100
Raw caption cosine (ceiling),text-free,aggregate,13
Raw caption cosine (ceiling),text-free,aggregate,154
Raw caption cosine (ceiling),text-free,aggregate,271
Raw caption cosine (ceiling),text-free,aggregate,79
Raw caption cosine (ceiling),text-free,aggregate,156
Raw caption cosine (ceiling),text-free,aggregate,177
Raw caption cosine (ceiling),text-free,aggregate,235
Raw caption cosine (ceiling),text-free,aggregate,42
Raw caption cosine (ceiling),text-free,aggregate,340
Raw caption cosine (ceiling),text-free,aggregate,106
Raw caption cosine (ceiling),text-free,aggregate,2
Raw caption cosine (ceiling),text-free,aggregate,39
Raw caption cosine (ceiling),text-free,aggregate,63
Raw caption cosine (ceiling),text-free,aggregate,33
Raw caption cosine (ceiling),text-free,aggregate,261
Raw caption cosine (ceiling),text-free,aggregate,24
Raw caption cosine (ceiling),text-free,aggregate,28
Raw caption cosine (ceiling),text-free,aggregate,18
Raw caption cosine (ceiling),text-free,aggregate,101
Raw caption cosine (ceiling),text-free,aggregate,10
Raw caption cosine (ceiling),text-free,aggregate,158
Raw caption cosine (ceiling),text-free,aggregate,168
Raw caption cosine (ceiling),text-free,aggregate,1
Raw caption cosine (ceiling),text-free,aggregate,338
Raw caption cosine (ceiling),text-free,aggregate,51
Raw caption cosine (ceiling),text-free,aggregate,58
Raw caption cosine (ceiling),text-free,aggregate,7
Raw caption cosine (ceiling),text-free,aggregate,11
Raw caption cosine (ceiling),text-free,aggregate,267
Raw caption cosine (ceiling),text-free,aggregate,28
Raw caption cosine (ceiling),text-free,aggregate,101
Raw caption cosine (ceiling),text-free,aggregate,90
Raw caption cosine (ceiling),text-free,aggregate,232
Raw caption cosine (ceiling),text-free,aggregate,123
Raw caption cosine (ceiling),text-free,aggregate,35
Raw caption cosine (ceiling),text-free,aggregate,253
Raw caption cosine (ceiling),text-free,aggregate,1
Raw caption cosine (ceiling),text-free,aggregate,304
Raw caption cosine (ceiling),text-free,aggregate,2
Raw caption cosine (ceiling),text-free,aggregate,14
Raw caption cosine (ceiling),text-free,aggregate,69
Raw caption cosine (ceiling),text-free,aggregate,129
Raw caption cosine (ceiling),text-free,aggregate,2
Raw caption cosine (ceiling),text-free,aggregate,2
Raw caption cosine (ceiling),text-free,aggregate,106
Raw caption cosine (ceiling),text-free,aggregate,84
Raw caption cosine (ceiling),text-free,aggregate,103
Raw caption cosine (ceiling),text-free,aggregate,64
Raw caption cosine (ceiling),text-free,aggregate,61
Raw caption cosine (ceiling),text-free,aggregate,76
Raw caption cosine (ceiling),text-free,aggregate,343
Raw caption cosine (ceiling),text-free,aggregate,3
Raw caption cosine (ceiling),text-free,aggregate,58
Raw caption cosine (ceiling),text-free,aggregate,18
Raw caption cosine (ceiling),text-free,aggregate,9
Raw caption cosine (ceiling),text-free,aggregate,4
Raw caption cosine (ceiling),text-free,aggregate,378
Raw caption cosine (ceiling),text-free,aggregate,360
Raw caption cosine (ceiling),text-free,aggregate,2
Raw caption cosine (ceiling),text-free,aggregate,236
Raw caption cosine (ceiling),text-free,aggregate,11
Raw caption cosine (ceiling),text-free,aggregate,9
Raw caption cosine (ceiling),text-free,aggregate,4
Raw caption cosine (ceiling),text-free,aggregate,20
Raw caption cosine (ceiling),text-free,aggregate,148
Raw caption cosine (ceiling),text-free,aggregate,45
Raw caption cosine (ceiling),text-free,aggregate,94
Raw caption cosine (ceiling),text-free,aggregate,307
Raw caption cosine (ceiling),text-free,aggregate,87
Raw caption cosine (ceiling),text-free,aggregate,28
Raw caption cosine (ceiling),text-free,aggregate,1
Raw caption cosine (ceiling),text-free,aggregate,86
Raw caption cosine (ceiling),text-free,aggregate,13
Raw caption cosine (ceiling),text-free,aggregate,154
Raw caption cosine (ceiling),text-free,aggregate,270
Raw caption cosine (ceiling),text-free,aggregate,2
Raw caption cosine (ceiling),text-free,aggregate,24
Raw caption cosine (ceiling),text-free,aggregate,66
Raw caption cosine (ceiling),text-free,aggregate,158
Raw caption cosine (ceiling),text-free,aggregate,24
Raw caption cosine (ceiling),text-free,aggregate,171
Raw caption cosine (ceiling),text-free,aggregate,3
Raw caption cosine (ceiling),text-free,aggregate,8
Raw caption cosine (ceiling),text-free,aggregate,20
Raw caption cosine (ceiling),text-free,aggregate,23
Raw caption cosine (ceiling),text-free,aggregate,173
Raw caption cosine (ceiling),text-free,aggregate,21
Raw caption cosine (ceiling),text-free,aggregate,20
Raw caption cosine (ceiling),text-free,aggregate,97
Raw caption cosine (ceiling),text-free,aggregate,70
Raw caption cosine (ceiling),text-free,aggregate,1
Raw caption cosine (ceiling),text-free,aggregate,89
Raw caption cosine (ceiling),text-free,aggregate,2
Raw caption cosine (ceiling),text-free,aggregate,1
Raw caption cosine (ceiling),text-free,aggregate,6
Raw caption cosine (ceiling),text-free,aggregate,3
Raw caption cosine (ceiling),text-free,aggregate,259
Raw caption cosine (ceiling),text-free,aggregate,187
Raw caption cosine (ceiling),text-free,aggregate,2
Raw caption cosine (ceiling),text-free,aggregate,301
Raw caption cosine (ceiling),text-free,aggregate,114
Raw caption cosine (ceiling),text-free,aggregate,1
Raw caption cosine (ceiling),text-free,aggregate,204
Raw caption cosine (ceiling),text-free,aggregate,56
Raw caption cosine (ceiling),text-free,aggregate,332
Raw caption cosine (ceiling),text-free,aggregate,126
Raw caption cosine (ceiling),text-free,aggregate,61
Raw caption cosine (ceiling),text-free,aggregate,385
Raw caption cosine (ceiling),text-free,aggregate,210
Raw caption cosine (ceiling),text-free,aggregate,77
Raw caption cosine (ceiling),text-free,aggregate,11
Raw caption cosine (ceiling),text-free,aggregate,101
Raw caption cosine (ceiling),text-free,aggregate,15
Raw caption cosine (ceiling),text-free,aggregate,208
Raw caption cosine (ceiling),text-free,aggregate,1
Raw caption cosine (ceiling),text-free,aggregate,7
Raw caption cosine (ceiling),text-free,aggregate,5
Raw caption cosine (ceiling),text-free,aggregate,222
Raw caption cosine (ceiling),text-free,aggregate,15
Raw caption cosine (ceiling),text-free,aggregate,131
Raw caption cosine (ceiling),text-free,aggregate,1
Raw caption cosine (ceiling),text-free,aggregate,59
Raw caption cosine (ceiling),text-free,aggregate,2
Raw caption cosine (ceiling),text-free,aggregate,128
Raw caption cosine (ceiling),text-free,aggregate,80
Raw caption cosine (ceiling),text-free,aggregate,31
Raw caption cosine (ceiling),text-free,aggregate,2
Raw caption cosine (ceiling),text-free,aggregate,8
Raw caption cosine (ceiling),text-free,aggregate,1
Raw caption cosine (ceiling),text-free,aggregate,36
Raw caption cosine (ceiling),text-free,aggregate,108
Raw caption cosine (ceiling),text-free,aggregate,65
Raw caption cosine (ceiling),text-free,aggregate,248
Raw caption cosine (ceiling),text-free,aggregate,42
Raw caption cosine (ceiling),text-free,aggregate,5
Raw caption cosine (ceiling),text-free,aggregate,275
Raw caption cosine (ceiling),text-free,aggregate,13
Raw caption cosine (ceiling),text-free,aggregate,307
Raw caption cosine (ceiling),text-free,aggregate,36
Raw caption cosine (ceiling),text-free,aggregate,8
Raw caption cosine (ceiling),text-free,aggregate,37
Raw caption cosine (ceiling),text-free,aggregate,143
Raw caption cosine (ceiling),text-free,aggregate,87
Raw caption cosine (ceiling),text-free,aggregate,218
Raw caption cosine (ceiling),text-free,aggregate,297
Raw caption cosine (ceiling),text-free,aggregate,310
Raw caption cosine (ceiling),text-free,aggregate,6
Raw caption cosine (ceiling),text-free,aggregate,60
Raw caption cosine (ceiling),text-free,aggregate,193
Raw caption cosine (ceiling),text-free,aggregate,152
Raw caption cosine (ceiling),text-free,aggregate,24
Raw caption cosine (ceiling),text-free,aggregate,64
Raw caption cosine (ceiling),text-free,aggregate,8
Raw caption cosine (ceiling),text-free,aggregate,24
Raw caption cosine (ceiling),text-free,aggregate,6
Raw caption cosine (ceiling),text-free,aggregate,147
Raw caption cosine (ceiling),text-free,aggregate,130
Raw caption cosine (ceiling),text-free,aggregate,51
Raw caption cosine (ceiling),text-free,aggregate,104
Raw caption cosine (ceiling),text-free,aggregate,32
Raw caption cosine (ceiling),text-free,aggregate,312
Raw caption cosine (ceiling),text-free,aggregate,145
Raw caption cosine (ceiling),text-free,aggregate,16
Raw caption cosine (ceiling),text-free,aggregate,149
Raw caption cosine (ceiling),text-free,aggregate,67
Raw caption cosine (ceiling),text-free,aggregate,68
Raw caption cosine (ceiling),text-free,aggregate,51
Raw caption cosine (ceiling),text-free,aggregate,208
Raw caption cosine (ceiling),text-free,aggregate,44
Raw caption cosine (ceiling),text-free,aggregate,4
Raw caption cosine (ceiling),text-free,aggregate,97
Raw caption cosine (ceiling),text-free,aggregate,95
Raw caption cosine (ceiling),text-free,aggregate,1
Raw caption cosine (ceiling),text-free,aggregate,135
Raw caption cosine (ceiling),text-free,aggregate,226
Raw caption cosine (ceiling),text-free,aggregate,11
Raw caption cosine (ceiling),text-free,aggregate,125
Raw caption cosine (ceiling),text-free,aggregate,59
Raw caption cosine (ceiling),text-free,aggregate,35
Raw caption cosine (ceiling),text-free,aggregate,1
Raw caption cosine (ceiling),text-free,aggregate,133
Raw caption cosine (ceiling),text-free,aggregate,116
Raw caption cosine (ceiling),text-free,aggregate,12
Raw caption cosine (ceiling),text-free,aggregate,23
Raw caption cosine (ceiling),text-free,aggregate,39
Raw caption cosine (ceiling),text-free,aggregate,142
Raw caption cosine (ceiling),text-free,aggregate,60
Raw caption cosine (ceiling),text-free,aggregate,34
Raw caption cosine (ceiling),text-free,aggregate,1
Raw caption cosine (ceiling),text-free,aggregate,391
Raw caption cosine (ceiling),text-free,aggregate,301
Raw caption cosine (ceiling),text-free,aggregate,86
Raw caption cosine (ceiling),text-free,aggregate,13
Raw caption cosine (ceiling),text-free,aggregate,71
Raw caption cosine (ceiling),text-free,aggregate,1
Raw caption cosine (ceiling),text-free,aggregate,5
Raw caption cosine (ceiling),text-free,aggregate,198
Raw caption cosine (ceiling),text-free,aggregate,54
Raw caption cosine (ceiling),text-free,aggregate,330
Raw caption cosine (ceiling),text-free,aggregate,147
Raw caption cosine (ceiling),text-free,aggregate,221
Raw caption cosine (ceiling),text-free,aggregate,325
Raw caption cosine (ceiling),text-free,aggregate,1
Raw caption cosine (ceiling),text-free,aggregate,46
Raw caption cosine (ceiling),text-free,aggregate,89
Raw caption cosine (ceiling),text-free,aggregate,253
Raw caption cosine (ceiling),text-free,aggregate,232
Raw caption cosine (ceiling),text-free,aggregate,101
Raw caption cosine (ceiling),text-free,aggregate,116
Raw caption cosine (ceiling),text-free,aggregate,5
Raw caption cosine (ceiling),text-free,aggregate,129
Raw caption cosine (ceiling),text-free,aggregate,28
Raw caption cosine (ceiling),text-free,aggregate,260
Raw caption cosine (ceiling),text-free,aggregate,12
Raw caption cosine (ceiling),text-free,aggregate,4
Raw caption cosine (ceiling),text-free,aggregate,38
Raw caption cosine (ceiling),text-free,aggregate,15
Raw caption cosine (ceiling),text-free,aggregate,114
Raw caption cosine (ceiling),text-free,aggregate,99
Raw caption cosine (ceiling),text-free,aggregate,223
Raw caption cosine (ceiling),text-free,aggregate,122
Raw caption cosine (ceiling),text-free,aggregate,4
Raw caption cosine (ceiling),text-free,aggregate,1
Raw caption cosine (ceiling),text-free,aggregate,22
Raw caption cosine (ceiling),text-free,aggregate,132
Raw caption cosine (ceiling),text-free,aggregate,71
Raw caption cosine (ceiling),text-free,aggregate,169
Raw caption cosine (ceiling),text-free,aggregate,344
Raw caption cosine (ceiling),text-free,heldout,151
Raw caption cosine (ceiling),text-free,heldout,6
Raw caption cosine (ceiling),text-free,heldout,16
Raw caption cosine (ceiling),text-free,heldout,167
Raw caption cosine (ceiling),text-free,heldout,311
Raw caption cosine (ceiling),text-free,heldout,25
Raw caption cosine (ceiling),text-free,heldout,64
Raw caption cosine (ceiling),text-free,heldout,7
Raw caption cosine (ceiling),text-free,heldout,6
Raw caption cosine (ceiling),text-free,heldout,33
Raw caption cosine (ceiling),text-free,heldout,24
Raw caption cosine (ceiling),text-free,heldout,18
Raw caption cosine (ceiling),text-free,heldout,360
Raw caption cosine (ceiling),text-free,heldout,28
Raw caption cosine (ceiling),text-free,heldout,154
Raw caption cosine (ceiling),text-free,heldout,20
Raw caption cosine (ceiling),text-free,heldout,1
Raw caption cosine (ceiling),text-free,heldout,5
Raw caption cosine (ceiling),text-free,heldout,59
Raw caption cosine (ceiling),text-free,heldout,64
Raw caption cosine (ceiling),text-free,heldout,95
Raw caption cosine (ceiling),text-free,heldout,226
Raw caption cosine (ceiling),text-free,heldout,46
Raw caption cosine (ceiling),text-free,heldout,116
Raw caption cosine (ceiling),text-free,heldout,38
Raw caption cosine (ceiling),text-free,heldout,15
