experiment,image_encoder,audio_encoder,K,alpha,scope,R@1,R@5,R@10,R@20,routes_correct,routes_total,knn_overlap,pearson_r,nmi,ami,ari,v_measure,homogeneity,completeness,cap_cos_argmax,cap_cos_planmass,cap_cos_chance,cap_cos_identity,cap_cos_lift,cat_precision_10
a,clip-base,—,300,0.5,aggregate,0.74,0.905,0.94,0.9575,7,10,0.15200000000000002,0.6276618242263794,0.3539123790558441,0.31914009426233775,0.22043204523316925,0.3539123790558441,0.3539352624272532,0.35388949864325203,nan,nan,nan,nan,nan,0.64125
a,clip-base,—,300,0.5,heldout,0.42,0.73,0.81,0.86,9,10,0.10600000000000001,0.6221083402633667,0.44220591813645255,0.3033883829336406,0.198480491609487,0.4422059181364525,0.43384311633050704,0.4508974611398547,nan,nan,nan,nan,nan,0.519
a,clip-large,—,300,0.5,aggregate,0.83,0.915,0.945,0.965,8,10,0.147,0.5870242714881897,0.30020292727894277,0.2624529780285595,0.15623445856524704,0.30020292727894277,0.30234926748638113,0.29808684548029357,nan,nan,nan,nan,nan,0.67625
a,clip-large,—,300,0.5,heldout,0.5,0.69,0.78,0.86,7,10,0.086,0.6173869967460632,0.4064364369780622,0.2586921409939585,0.1581066519446925,0.4064364369780622,0.4072436298764365,0.4056324376052922,nan,nan,nan,nan,nan,0.615
a,dinov2-base,—,300,0.5,aggregate,0.795,0.8675,0.895,0.9325,9,10,0.15100000000000002,0.5690942406654358,0.3144336708822786,0.2773237265792817,0.13405748763897685,0.31443367088227864,0.31547813262242697,0.31339610217502,nan,nan,nan,nan,nan,0.6359999999999999
a,dinov2-base,—,300,0.5,heldout,0.23,0.48,0.59,0.73,9,10,0.052000000000000005,0.423495352268219,0.32318840442424795,0.151099384726892,0.0912265507952159,0.323188404424248,0.32189887431374864,0.32448830783132115,nan,nan,nan,nan,nan,0.41600000000000004
a,dinov2-large,—,300,0.5,aggregate,0.825,0.8825,0.915,0.945,10,10,0.17300000000000001,0.5616315603256226,0.3487279406054825,0.3141571709822499,0.1866540286217618,0.3487279406054825,0.3456558152186378,0.3518551646714098,nan,nan,nan,nan,nan,0.6515000000000001
a,dinov2-large,—,300,0.5,heldout,0.34,0.54,0.66,0.78,4,10,0.06,0.5461316704750061,0.3496660724859978,0.17862175966771365,0.1947099303693276,0.3496660724859978,0.3467352725452163,0.3526468402950144,nan,nan,nan,nan,nan,0.397
a,dinov2-small,—,300,0.5,aggregate,0.7725,0.865,0.905,0.93,9,10,0.145,0.5817029476165771,0.34933486259211843,0.31469514156650485,0.1758155039390656,0.34933486259211843,0.34609071882255743,0.35264040098868393,nan,nan,nan,nan,nan,0.6182500000000001
a,dinov2-small,—,300,0.5,heldout,0.24,0.46,0.62,0.72,7,10,0.07,0.5456169247627258,0.35003756840955663,0.1852571969124953,0.10335416265464277,0.35003756840955663,0.34567040369474394,0.3545164937258995,nan,nan,nan,nan,nan,0.385
a,vit-mae-base,—,300,0.5,aggregate,0.2525,0.4425,0.53,0.6225,8,10,0.0755,0.48149773478507996,0.18459116611717266,0.14177501780211338,0.07785704539875202,0.18459116611717263,0.18480974627365948,0.18437310239279897,nan,nan,nan,nan,nan,0.38825000000000004
a,vit-mae-base,—,300,0.5,heldout,0.02,0.11,0.16,0.28,5,10,0.046,0.3752714991569519,0.3103238946776226,0.13469317253383223,0.05379816073732461,0.3103238946776226,0.30849582023634586,0.31217376375631184,nan,nan,nan,nan,nan,0.267
b,—,clap-fused,300,0.5,aggregate,0.295,0.51,0.6275,0.72,11,20,0.105,0.5744014382362366,0.41468865226122487,0.29475948075786623,0.13704581358609794,0.41468865226122487,0.41018120781009176,0.4192962612155382,nan,nan,nan,nan,nan,0.36375
b,—,clap-fused,300,0.5,heldout,0.04,0.17,0.35,0.45,11,20,0.07,0.5256679058074951,0.5370244185448574,0.19727520162494927,0.11248772913632368,0.5370244185448574,0.5227046531724341,0.5521508785505874,nan,nan,nan,nan,nan,0.275
b,—,clap-larger,300,0.5,aggregate,0.4075,0.655,0.7475,0.8275,11,20,0.107,0.5350586175918579,0.3866836942238638,0.26293531139571724,0.11567604076674139,0.3866836942238639,0.3851318850419508,0.38824805938502926,nan,nan,nan,nan,nan,0.42025000000000007
b,—,clap-larger,300,0.5,heldout,0.09,0.31,0.47,0.64,10,20,0.07,0.6042425036430359,0.5722055503771073,0.20895213236314736,0.14490853545410692,0.5722055503771072,0.5749434446731472,0.5694936083307615,nan,nan,nan,nan,nan,0.34299999999999997
b,—,clap-unfused,300,0.5,aggregate,0.3275,0.515,0.635,0.7275,14,20,0.1105,0.5963510870933533,0.44589040352244724,0.33191238258706307,0.16284967988025126,0.44589040352244724,0.4410981798445201,0.4507878992346187,nan,nan,nan,nan,nan,0.37875
b,—,clap-unfused,300,0.5,heldout,0.08,0.19,0.34,0.49,7,20,0.07600000000000001,0.5704059600830078,0.5619827435490714,0.1994123981522817,0.1122307197780548,0.5619827435490714,0.5534018633467706,0.5708339198938638,nan,nan,nan,nan,nan,0.294
b,—,mert-330m,300,0.5,aggregate,0.0875,0.22,0.2925,0.39,8,20,0.10899999999999999,0.5928901433944702,0.39193096966450314,0.2685626983579587,0.12098455335482868,0.39193096966450314,0.3876806879792935,0.39627547911103317,nan,nan,nan,nan,nan,0.24025000000000005
b,—,mert-330m,300,0.5,heldout,0.01,0.05,0.08,0.2,3,20,0.062,0.4961691200733185,0.5076181967587657,0.18009385766992694,0.07926817844841198,0.5076181967587657,0.4782911812372396,0.5407765819310466,nan,nan,nan,nan,nan,0.157
b,—,mert-95m,300,0.5,aggregate,0.18,0.3275,0.43,0.515,9,20,0.0765,0.5658867955207825,0.32446038430490187,0.20091227830164476,0.08112905550194595,0.32446038430490187,0.3332130399199154,0.31615577936465084,nan,nan,nan,nan,nan,0.27375
b,—,mert-95m,300,0.5,heldout,0.02,0.08,0.2,0.24,3,20,0.06,0.511527419090271,0.5107653357818047,0.13711211642776067,0.06950092501936045,0.5107653357818046,0.50514989276926,0.5165070291470227,nan,nan,nan,nan,nan,0.171
c-transitive,clip-base,clap-fused,300,0.5,aggregate,0.2375,0.42,0.4975,0.6075,8,15,0.0335,0.2024465799331665,0.21307461030353053,0.12469779697752169,0.05228327427292078,0.21307461030353056,0.2208489674590209,0.20582898860653315,0.3277611259594801,0.32167869178639635,0.21744189226661895,0.38759736589986515,0.11031923369286115,0.26075000000000004
c-transitive,clip-base,clap-fused,300,0.5,heldout,0.043478260869565216,0.08695652173913043,0.13043478260869565,0.17391304347826086,3,15,0.0,0.0015340615063905716,0.7982285569932235,0.06278185312087801,0.05689621345889739,0.7982285569932234,0.7764871444147756,0.8212225477605037,0.21028632091631125,0.23419243253297672,0.1843226838319145,0.5509992236268333,0.02596363708439675,0.1956521739130435
d,clip-base,clap-fused,0,0.7,aggregate,0.07,0.1725,0.2475,0.3525,9,15,0.0325,0.41919800639152527,0.2210588752791033,0.13359493195587818,0.05841848120745965,0.2210588752791033,0.22887372617948507,0.21376007712067194,0.5276128832013615,0.4895339436955328,0.21744189226661895,0.38759736589986515,0.31017099093474254,0.19
d,clip-base,clap-fused,0,0.7,heldout,0.21739130434782608,0.2608695652173913,0.30434782608695654,0.34782608695652173,5,15,0.008695652173913044,0.1774476021528244,0.7451159714939897,-0.056711155778824414,-0.047705814146099056,0.7451159714939898,0.7077484155871024,0.7866493212605656,0.420284320923263,0.4026676449097712,0.1843226838319145,0.5509992236268333,0.23596163709134851,0.18695652173913044
unsup,clip-base,clap-fused,0,1.0,aggregate,0.01,0.0425,0.07,0.0975,3,15,0.09899999999999999,0.6557573676109314,0.3718542898461808,0.30200745109522087,0.17299185622226892,0.3718542898461808,0.3798041860377277,0.36423037784076046,0.27426218388117574,0.24398730461792645,0.21744189226661895,0.38759736589986515,0.05682029161455679,0.12975
unsup,clip-base,clap-fused,0,1.0,heldout,0.0,0.0,0.0,0.0,2,15,0.043478260869565216,0.5473647117614746,0.5884276801113618,-0.09385630872219218,-0.06069996354356544,0.5884276801113619,0.4968766471498145,0.7213360383587136,0.24326061537621296,0.22527706799363834,0.1843226838319145,0.5509992236268333,0.058937931544298466,0.1565217391304348
text,clip-base,clap-fused,0,nan,aggregate,0.0625,0.1675,0.2325,0.32,4,15,0.034,0.3169291913509369,0.2904306744098206,0.21174090977296633,0.11361490682887325,0.2904306744098206,0.2927666018869902,0.28813172768771506,0.6260784439604461,0.36467121365230853,0.21744189226661895,0.38759736589986515,0.4086365516938272,0.16524999999999998
text,clip-base,clap-fused,0,nan,heldout,0.0,0.08695652173913043,0.13043478260869565,0.21739130434782608,1,15,0.026086956521739136,0.4564850628376007,0.7084914517167762,0.07198081592366404,0.044503419414106356,0.7084914517167761,0.6287378642981414,0.8114174139156012,0.5509992236268333,0.29813103974991845,0.1843226838319145,0.5509992236268333,0.36667653979491877,0.06521739130434784
random,clip-base,clap-fused,0,nan,aggregate,0.0,0.01,0.025,0.04,1,15,0.011000000000000001,0.0005941544659435749,0.10763559562357161,0.0072933690444314594,3.1379829912503187e-05,0.1076355956235716,0.11131174549899726,0.10419449793103161,0.20074966403018457,0.2182743484366396,0.21744189226661895,0.38759736589986515,-0.016692228236434375,0.06849999999999999
random,clip-base,clap-fused,0,nan,heldout,0.0,0.043478260869565216,0.043478260869565216,0.08695652173913043,2,15,0.017391304347826087,0.17854532599449158,0.7297956168045305,-0.057593739000966905,-0.04878826530612245,0.7297956168045305,0.6848355059778778,0.7810738688845039,0.12558125159970937,0.18247291616070052,0.1843226838319145,0.5509992236268333,-0.058741432232205126,0.07391304347826089
procrustes,clip-base,clap-fused,300,nan,aggregate,0.4225,0.55,0.605,0.6775,3,15,0.133,0.5347340703010559,0.33940957294458773,0.26666484566666215,0.12646559385346598,0.3394095729445878,0.3247472720420313,0.35545848131133123,0.3416968972985889,0.23129819059961193,0.21744189226661895,0.38759736589986515,0.12425500503196993,0.25625
procrustes,clip-base,clap-fused,300,nan,heldout,0.0,0.0,0.0,0.0,2,15,0.12173913043478264,0.2622547745704651,0.6288157558982216,0.207903998538167,0.1222896790980052,0.6288157558982216,0.49011630239793985,0.8770007873474381,0.27596613446262813,0.19583173920888322,0.1843226838319145,0.5509992236268333,0.09164345063071364,0.08260869565217392
direct,clip-base,clap-fused,300,nan,aggregate,0.2925,0.4325,0.5175,0.615,3,15,0.115,0.5509088039398193,0.3647298103443471,0.2961153558592617,0.13415572868774514,0.3647298103443471,0.34949339661911827,0.38135526492787886,0.3259755674947483,0.23329178142860926,0.21744189226661895,0.38759736589986515,0.10853367522812937,0.3095
direct,clip-base,clap-fused,300,nan,heldout,0.0,0.0,0.0,0.0,3,15,0.11304347826086959,0.3434407413005829,0.6444998025932173,0.10388276238150689,0.06008722338879018,0.6444998025932173,0.534054131817161,0.8125375533914398,0.2744062805707444,0.1975875644052854,0.1843226838319145,0.5509992236268333,0.0900835967388299,0.13043478260869565
c-transitive,clip-base,clap-larger,300,0.5,aggregate,0.3325,0.54,0.6375,0.73,10,15,0.0345,0.17152291536331177,0.22276026149356265,0.1356147673419802,0.051254013136464716,0.2227602614935627,0.22930372026280735,0.21657989252543863,0.34232292657297125,0.33155689920402226,0.21744189226661895,0.38759736589986515,0.1248810343063523,0.2665
c-transitive,clip-base,clap-larger,300,0.5,heldout,0.0,0.1,0.1,0.25,7,15,0.02,0.029165932908654213,0.8215217589963366,0.27476725459134954,0.19383653416703886,0.8215217589963366,0.7532928161370611,0.903341226258602,0.20531558870203032,0.24961617905291827,0.21078756176840815,0.6177341696020362,-0.005471973066377839,0.155
d,clip-base,clap-larger,0,0.7,aggregate,0.0625,0.1725,0.23,0.3525,8,15,0.0395,0.4099447429180145,0.22194470587354076,0.13451937947491632,0.06220716898082087,0.2219447058735408,0.22848763219164026,0.21576607162942119,0.5284374798591615,0.4885770015220408,0.21744189226661895,0.38759736589986515,0.31099558759254253,0.18175
d,clip-base,clap-larger,0,0.7,heldout,0.05,0.15,0.15,0.3,7,15,0.01,0.2233128398656845,0.8336972773037123,0.1995942745763265,0.14595452141723955,0.8336972773037122,0.7916432745485871,0.8804699685840793,0.5129048793907192,0.4686957788907925,0.21078756176840815,0.6177341696020362,0.302117317622311,0.21999999999999997
unsup,clip-base,clap-larger,0,1.0,aggregate,0.015,0.035,0.0675,0.1225,2,15,0.099,0.6810665130615234,0.3934808930002444,0.32599838234347844,0.18650471420940398,0.3934808930002444,0.39975018617492686,0.38740520648193755,0.2775745669026806,0.2429362652292565,0.21744189226661895,0.38759736589986515,0.06013267463606167,0.135
unsup,clip-base,clap-larger,0,1.0,heldout,0.0,0.0,0.05,0.2,3,15,0.16,0.6053490042686462,0.785948439079963,0.2324850944964134,0.1553923463471202,0.7859484390799629,0.6995572267056774,0.8966836020355188,0.23839241327940094,0.23440229159420953,0.21078756176840815,0.6177341696020362,0.02760485151099279,0.22000000000000003
text,clip-base,clap-larger,0,nan,aggregate,0.0625,0.1675,0.2325,0.32,4,15,0.024000000000000004,0.3074186444282532,0.289125914353456,0.20865169308225806,0.09211952066308454,0.289125914353456,0.2879037326043138,0.29035851692126263,0.6260784439604461,0.36467121365230853,0.21744189226661895,0.38759736589986515,0.4086365516938272,0.17725000000000002
text,clip-base,clap-larger,0,nan,heldout,0.05,0.1,0.15,0.35,6,15,0.01,0.4455699622631073,0.8634735441331755,0.4771626384122192,0.468,0.8634735441331755,0.7801606108527532,0.9667077459352039,0.6177341696020362,0.32056671281382815,0.21078756176840815,0.6177341696020362,0.406946607833628,0.17
random,clip-base,clap-larger,0,nan,aggregate,0.0,0.01,0.025,0.04,3,15,0.015500000000000003,0.0069251833483576775,0.10246928057122855,0.0018179659079188464,-0.0020783311409466885,0.10246928057122855,0.10601772798735881,0.09915067560453435,0.20074966403018457,0.2182743484366396,0.21744189226661895,0.38759736589986515,-0.016692228236434375,0.06575
random,clip-base,clap-larger,0,nan,heldout,0.0,0.0,0.0,0.05,5,15,0.0,0.03764764592051506,0.7662406169881945,-0.0701170074451131,-0.05499735589635114,0.7662406169881946,0.721180971622296,0.8173062011158313,0.14383908858317263,0.20632201025970304,0.21078756176840815,0.6177341696020362,-0.06694847318523553,0.05500000000000001
procrustes,clip-base,clap-larger,300,nan,aggregate,0.5675,0.66,0.6975,0.745,2,15,0.0825,0.45120516419410706,0.3108174714874394,0.23573638253713483,0.11870900126990597,0.31081747148743943,0.3118918095482403,0.30975050931874504,0.37667740727082444,0.22908165803297073,0.21744189226661895,0.38759736589986515,0.1592355150042055,0.2975
procrustes,clip-base,clap-larger,300,nan,heldout,0.0,0.05,0.1,0.15,5,15,0.09,0.41199031472206116,0.7094545920725261,0.09936430633737815,0.06601123595505617,0.7094545920725263,0.6088127613378168,0.8499600886867965,0.33613473200834687,0.2197351350380498,0.21078756176840815,0.6177341696020362,0.12534717023993872,0.24499999999999994
direct,clip-base,clap-larger,300,nan,aggregate,0.29,0.4775,0.5725,0.66,5,15,0.08100000000000002,0.4726467728614807,0.3699112761697242,0.30444632757061935,0.15553793738651514,0.3699112761697242,0.36207615294583445,0.37809299479495256,0.35914731041085285,0.23002154510968142,0.21744189226661895,0.38759736589986515,0.1417054181442339,0.3345
direct,clip-base,clap-larger,300,nan,heldout,0.0,0.05,0.05,0.05,5,15,0.030000000000000006,0.3963354825973511,0.7525813440855427,0.23304906319422924,0.199438202247191,0.7525813440855427,0.6458216372742935,0.901627973249604,0.33420657102667006,0.2190886034176584,0.21078756176840815,0.6177341696020362,0.12341900925826191,0.23499999999999996
c-transitive,clip-base,clap-unfused,300,0.5,aggregate,0.2375,0.4225,0.51,0.605,9,15,0.0365,0.18798653781414032,0.21742174720133475,0.12945132347152333,0.04975999478095385,0.21742174720133478,0.22500730417847384,0.21033096615469968,0.335259000436369,0.32871036426334466,0.21744189226661895,0.38759736589986515,0.11781710816975008,0.295
c-transitive,clip-base,clap-unfused,300,0.5,heldout,0.0,0.0,0.043478260869565216,0.21739130434782608,6,15,0.034782608695652174,0.01620537042617798,0.7665100255691774,0.12012973215005358,0.09344990683674932,0.7665100255691774,0.712220551849267,0.8297589391293969,0.2617692560184021,0.27711125400650777,0.1959103363806153,0.5599622336571964,0.06585891963778681,0.23478260869565212
d,clip-base,clap-unfused,0,0.7,aggregate,0.0625,0.175,0.26,0.3575,9,15,0.0325,0.4115369915962219,0.23911829120443182,0.15356359734987046,0.06909916329869455,0.2391182912044318,0.24721439942408802,0.23153565161487089,0.5281655015118085,0.4886883587562786,0.21744189226661895,0.38759736589986515,0.3107236092451896,0.20450000000000002
d,clip-base,clap-unfused,0,0.7,heldout,0.08695652173913043,0.08695652173913043,0.21739130434782608,0.391304347826087,5,15,0.0,0.1901141107082367,0.7321956652833894,0.10358013960634734,0.0827178729689808,0.7321956652833893,0.6619225963686536,0.8191620770828782,0.474945502785479,0.4424225300201122,0.1959103363806153,0.5599622336571964,0.2790351664048637,0.2130434782608695
unsup,clip-base,clap-unfused,0,1.0,aggregate,0.0025,0.02,0.05,0.0925,2,15,0.09450000000000001,0.6867650747299194,0.3962441089427063,0.3286796273446674,0.22020228496233787,0.39624410894270634,0.40207350312480916,0.39058133204503415,0.26471914138932157,0.24592395174891685,0.21744189226661895,0.38759736589986515,0.04727724912270262,0.1065
unsup,clip-base,clap-unfused,0,1.0,heldout,0.0,0.0,0.08695652173913043,0.17391304347826086,1,15,0.06956521739130435,0.40401795506477356,0.7442091703309431,0.10706171329206744,0.0827178729689808,0.7442091703309432,0.6792192654708583,0.8229518783117484,0.2888017581939235,0.22215331440053115,0.1959103363806153,0.5599622336571964,0.0928914218133082,0.1
text,clip-base,clap-unfused,0,nan,aggregate,0.0625,0.1675,0.2325,0.32,3,15,0.023000000000000003,0.3356451988220215,0.28300829994133475,0.2009139694733155,0.10571776667463258,0.2830082999413348,0.28238456512650384,0.2836347962835135,0.6260784439604461,0.36467121365230853,0.21744189226661895,0.38759736589986515,0.4086365516938272,0.18875
text,clip-base,clap-unfused,0,nan,heldout,0.043478260869565216,0.08695652173913043,0.17391304347826086,0.21739130434782608,4,15,0.034782608695652174,0.2555527985095978,0.7569685775599202,0.11112585456431141,0.0827178729689808,0.7569685775599201,0.6979559767911448,0.8268819472549638,0.5599622336571964,0.29294931904737537,0.1959103363806153,0.5599622336571964,0.36405189727658116,0.16521739130434784
random,clip-base,clap-unfused,0,nan,aggregate,0.0,0.01,0.025,0.04,1,15,0.012000000000000002,-0.01798917166888714,0.09616278543198027,-0.004976523732163195,-0.0022796054621345334,0.09616278543198029,0.09880445110501813,0.09365869816509027,0.20074966403018457,0.2182743484366396,0.21744189226661895,0.38759736589986515,-0.016692228236434375,0.06675
random,clip-base,clap-unfused,0,nan,heldout,0.0,0.0,0.043478260869565216,0.08695652173913043,3,15,0.008695652173913044,-0.0196320079267025,0.7297956168045309,-0.05759373900096624,-0.04878826530612245,0.7297956168045308,0.684835505977878,0.7810738688845044,0.12259767949147511,0.19742587628399647,0.1959103363806153,0.5599622336571964,-0.0733126568891402,0.056521739130434796
procrustes,clip-base,clap-unfused,300,nan,aggregate,0.36,0.49,0.5425,0.6275,2,15,0.11,0.5375173091888428,0.35822277070431674,0.28785632273253337,0.13146713955268063,0.3582227707043168,0.3419954222077245,0.37606677141750006,0.35745214800448677,0.23688306908446508,0.21744189226661895,0.38759736589986515,0.14001025573786782,0.25875
procrustes,clip-base,clap-unfused,300,nan,heldout,0.0,0.0,0.0,0.0,3,15,0.08695652173913042,0.33262211084365845,0.6321779378801257,0.0806977640028553,0.03828400760249796,0.6321779378801257,0.5191248361795142,0.8081805271658813,0.3146318509156095,0.21505994672902987,0.1959103363806153,0.5599622336571964,0.11872151453499422,0.1956521739130435
direct,clip-base,clap-unfused,300,nan,aggregate,0.2575,0.44,0.5375,0.6325,2,15,0.10899999999999999,0.5346159338951111,0.3890001678255218,0.3244823516260992,0.17184705057258615,0.3890001678255217,0.37824483619400767,0.40038505299294747,0.3503622816817223,0.24347395054870133,0.21744189226661895,0.38759736589986515,0.13292038941510334,0.3390000000000001
direct,clip-base,clap-unfused,300,nan,heldout,0.0,0.0,0.0,0.08695652173913043,3,15,0.026086956521739136,0.2096470445394516,0.7185829082964417,0.11549908395468567,0.11969380654140571,0.7185829082964417,0.637865582514574,0.8226882160118215,0.3172788450635095,0.21887368793070572,0.1959103363806153,0.5599622336571964,0.1213685086828942,0.17391304347826086
c-transitive,clip-base,mert-330m,300,0.5,aggregate,0.085,0.195,0.26,0.32,5,15,0.0165,0.11265522241592407,0.18123535884858472,0.08934457851632348,0.03076948572194873,0.18123535884858472,0.18785552781379244,0.1750659057090948,0.31047544001612687,0.28827399449166435,0.21744189226661895,0.38759736589986515,0.09303354774950792,0.1825
c-transitive,clip-base,mert-330m,300,0.5,heldout,0.0,0.05,0.05,0.05,2,15,0.01,-0.056690119206905365,0.767345644480788,0.05211697318435228,0.037753222836095765,0.767345644480788,0.6945257261437509,0.8572242437567087,0.19668684910356876,0.2264544897912458,0.19768180143828906,0.5833116496478549,-0.0009949523347203004,0.10500000000000001
d,clip-base,mert-330m,0,0.7,aggregate,0.055,0.15,0.2175,0.3325,7,15,0.020500000000000004,0.4648492634296417,0.20127418907815972,0.11176652941140693,0.04532492200505019,0.20127418907815975,0.2074274425964956,0.19547548566242826,0.5257521099201959,0.48610396243213544,0.21744189226661895,0.38759736589986515,0.308310217653577,0.1305
d,clip-base,mert-330m,0,0.7,heldout,0.0,0.15,0.35,0.5,2,15,0.030000000000000006,0.09638411551713943,0.7336177826048839,-0.062079036085180374,-0.04896783485357657,0.7336177826048838,0.6616226593257056,0.8231945059929655,0.48045867812638987,0.4292109002004067,0.19768180143828906,0.5833116496478549,0.2827768766881008,0.155
unsup,clip-base,mert-330m,0,1.0,aggregate,0.0025,0.02,0.035,0.07,2,15,0.10100000000000002,0.7887922525405884,0.3892292764037584,0.3209854904122526,0.19115106521219893,0.3892292764037584,0.39137417774511735,0.38710775691099913,0.2202460653340232,0.21615949019338615,0.21744189226661895,0.38759736589986515,0.002804173067404242,0.07350000000000001
unsup,clip-base,mert-330m,0,1.0,heldout,0.0,0.0,0.05,0.05,1,15,0.07,0.6039016246795654,0.8203983712406583,0.30758543288518164,0.24841772151898733,0.8203983712406583,0.7322452607074682,0.932681478994197,0.15616018224176334,0.17640754654888685,0.19768180143828906,0.5833116496478549,-0.04152161919652572,0.065
text,clip-base,mert-330m,0,nan,aggregate,0.0625,0.1675,0.2325,0.32,4,15,0.011500000000000002,0.32479405403137207,0.19046636844378936,0.10329954289011141,0.0627439208951981,0.1904663684437894,0.18405768426538038,0.19733743893316533,0.6260784439604461,0.36467121365230853,0.21744189226661895,0.38759736589986515,0.4086365516938272,0.13574999999999998
text,clip-base,mert-330m,0,nan,heldout,0.0,0.1,0.25,0.3,5,15,0.01,0.16948774456977844,0.7182751889587147,0.03267430476330539,0.022943037974683545,0.7182751889587146,0.6252226361481283,0.8438691335373719,0.5833116496478549,0.3088439469585726,0.19768180143828906,0.5833116496478549,0.3856298482095658,0.18
random,clip-base,mert-330m,0,nan,aggregate,0.0,0.01,0.025,0.04,4,15,0.0155,-0.0024350988678634167,0.09671142583445198,-0.004260899172810491,0.0016641540711000587,0.096711425834452,0.09898044481925053,0.09454410510977145,0.20074966403018457,0.2182743484366396,0.21744189226661895,0.38759736589986515,-0.016692228236434375,0.076
random,clip-base,mert-330m,0,nan,heldout,0.0,0.0,0.0,0.0,3,15,0.01,-0.12349000573158264,0.8054022004404618,0.07928140635571249,0.06485234510712218,0.8054022004404618,0.7521937504760229,0.8667113619521855,0.14502884008825506,0.19244301842556935,0.19768180143828906,0.5833116496478549,-0.052652961350034,0.085
procrustes,clip-base,mert-330m,300,nan,aggregate,0.5925,0.6575,0.685,0.71,2,15,0.057,0.43652305006980896,0.30210487261697094,0.22400731861344766,0.12744946814062155,0.30210487261697105,0.3065909654422324,0.2977481691394741,0.3796220513312642,0.22143186786642147,0.21744189226661895,0.38759736589986515,0.16218015906464525,0.281
procrustes,clip-base,mert-330m,300,nan,heldout,0.0,0.05,0.05,0.05,2,15,0.02,0.46202194690704346,0.7638234301464315,0.05815075201681892,0.04714142427281846,0.7638234301464315,0.6893679490051456,0.85630950575993,0.3318726187169994,0.19483291986412482,0.19768180143828906,0.5833116496478549,0.13419081727871035,0.215
direct,clip-base,mert-330m,300,nan,aggregate,0.0625,0.145,0.1725,0.29,1,15,0.1325,0.5369481444358826,0.2884672201170436,0.22270852606332894,0.10512948517499394,0.2884672201170436,0.25164980827398625,0.33790397464156774,0.25759971663907943,0.22010226092072624,0.21744189226661895,0.38759736589986515,0.04015782437246049,0.199
direct,clip-base,mert-330m,300,nan,heldout,0.0,0.0,0.0,0.0,0,15,0.05,0.4668082594871521,0.5896239893193458,0.03180868317704065,0.011726877246075278,0.5896239893193457,0.45537421011791124,0.8361231116442351,0.19493753962631508,0.1935619814300136,0.19768180143828906,0.5833116496478549,-0.002744261811973986,0.125
c-transitive,clip-base,mert-95m,300,0.5,aggregate,0.13,0.2575,0.32,0.4475,6,15,0.021500000000000005,0.17497365176677704,0.16531969571052796,0.07247674396104413,0.029521849133646832,0.165319695710528,0.16979322786565487,0.16107584005757014,0.3044521753552627,0.29253697817727903,0.21744189226661895,0.38759736589986515,0.08701028308864375,0.17175
c-transitive,clip-base,mert-95m,300,0.5,heldout,0.0,0.0,0.038461538461538464,0.23076923076923078,3,15,0.02307692307692308,-0.050521280616521835,0.6909919291906059,-0.0165266087187814,-0.013270445279398833,0.6909919291906059,0.6595530635746484,0.7255780004402858,0.288772419828379,0.2802127545537021,0.22090678392279223,0.6076263127174166,0.06786563590558675,0.15384615384615385
d,clip-base,mert-95m,0,0.7,aggregate,0.0525,0.1325,0.2225,0.3175,5,15,0.020500000000000004,0.5099044442176819,0.18587355736792258,0.09575376622369282,0.0341948458160529,0.1858735573679226,0.18951229331631625,0.18237192034519906,0.5263461313964125,0.48628640528825173,0.21744189226661895,0.38759736589986515,0.3089042391297936,0.12325
d,clip-base,mert-95m,0,0.7,heldout,0.07692307692307693,0.2692307692307692,0.4230769230769231,0.5384615384615384,3,15,0.015384615384615385,0.4071499705314636,0.6957388405492031,-0.07010550563747218,-0.05686146985041345,0.6957388405492032,0.6775897713267468,0.7148869039574608,0.4964248628382121,0.46613391726091485,0.22090678392279223,0.6076263127174166,0.27551807891541985,0.1576923076923077
unsup,clip-base,mert-95m,0,1.0,aggregate,0.005,0.0125,0.0225,0.05,2,15,0.09549999999999999,0.7933485507965088,0.3462460188288822,0.27297032515532627,0.18352058770736296,0.3462460188288822,0.34580498190368547,0.34668818218069186,0.21361184227388352,0.22546190693234266,0.21744189226661895,0.38759736589986515,-0.0038300499927354237,0.083
unsup,clip-base,mert-95m,0,1.0,heldout,0.0,0.038461538461538464,0.038461538461538464,0.11538461538461539,1,15,0.05384615384615385,0.6446001529693604,0.6839733240300265,0.1415424602489496,0.09912407140481207,0.6839733240300265,0.6128826745056443,0.7737201376054514,0.2523848186332085,0.2262574735161354,0.22090678392279223,0.6076263127174166,0.03147803471041627,0.1076923076923077
text,clip-base,mert-95m,0,nan,aggregate,0.0625,0.1675,0.2325,0.32,4,15,0.0175,0.2899489402770996,0.21351474282054192,0.1306208323513224,0.0626926223664017,0.21351474282054192,0.2113342255486462,0.21574072575127975,0.6260784439604461,0.36467121365230853,0.21744189226661895,0.38759736589986515,0.4086365516938272,0.126
text,clip-base,mert-95m,0,nan,heldout,0.07692307692307693,0.23076923076923078,0.3076923076923077,0.38461538461538464,3,15,0.06153846153846154,0.27430278062820435,0.7302387377932708,0.260717004729083,0.24195924380063835,0.7302387377932709,0.6587835716432725,0.8190805677646307,0.6076263127174166,0.32112605436839253,0.22090678392279223,0.6076263127174166,0.3867195287946244,0.14615384615384613
random,clip-base,mert-95m,0,nan,aggregate,0.0,0.01,0.025,0.04,3,15,0.0155,-0.05518769472837448,0.10544887439256417,0.007042875897131786,0.0011683702764694133,0.10544887439256417,0.1072911349208049,0.10366881157823032,0.20074966403018457,0.2182743484366396,0.21744189226661895,0.38759736589986515,-0.016692228236434375,0.0785
random,clip-base,mert-95m,0,nan,heldout,0.0,0.038461538461538464,0.038461538461538464,0.038461538461538464,1,15,0.007692307692307693,-0.036168552935123444,0.7155003749041593,0.05575233653966561,0.03869214165800623,0.7155003749041593,0.684397923059493,0.7495643121819051,0.19953540316743779,0.21997149717897535,0.22090678392279223,0.6076263127174166,-0.02137138075535444,0.08846153846153847
procrustes,clip-base,mert-95m,300,nan,aggregate,0.7,0.735,0.75,0.7675,3,15,0.038,0.28081685304641724,0.22335228378976005,0.13873540860191058,0.07060831545230556,0.22335228378976008,0.22503303367974656,0.22169645448597008,0.383148208591728,0.2206620984246026,0.21744189226661895,0.38759736589986515,0.16570631632510904,0.29450000000000004
procrustes,clip-base,mert-95m,300,nan,heldout,0.038461538461538464,0.07692307692307693,0.11538461538461539,0.11538461538461539,3,15,0.03076923076923077,0.23593133687973022,0.6846130257028652,0.1438057153203054,0.10266523919535696,0.6846130257028651,0.6137542241414607,0.7739688325801618,0.34933497260778373,0.2228765987838879,0.22090678392279223,0.6076263127174166,0.1284281886849915,0.21538461538461537
direct,clip-base,mert-95m,300,nan,aggregate,0.11,0.2075,0.255,0.3325,2,15,0.13449999999999998,0.4049704074859619,0.25355872752675596,0.1891505811835738,0.09986677797987883,0.253558727526756,0.21449493766515343,0.31001942435108615,0.26374609196379967,0.21951111167145498,0.21744189226661895,0.38759736589986515,0.04630419969718072,0.21050000000000002
direct,clip-base,mert-95m,300,nan,heldout,0.0,0.0,0.0,0.0,3,15,0.1153846153846154,0.129831925034523,0.5182507084375003,0.04275705317195342,0.02869097429766886,0.5182507084375002,0.4124469052873055,0.6970673703999551,0.24122529378273427,0.2216932320250486,0.22090678392279223,0.6076263127174166,0.020318509859942047,0.18846153846153849
c-transitive,clip-large,clap-fused,300,0.5,aggregate,0.2475,0.46,0.56,0.65,7,15,0.0315,0.17640793323516846,0.21394768201523373,0.12034890446800241,0.04704490053924084,0.21394768201523376,0.21786934910349345,0.21016469928863313,0.33843195052981856,0.3256174239427173,0.21744189226661895,0.38759736589986515,0.12099005826319961,0.2645
c-transitive,clip-large,clap-fused,300,0.5,heldout,0.043478260869565216,0.21739130434782608,0.30434782608695654,0.4782608695652174,5,15,0.026086956521739136,0.05605859309434891,0.7656236582620937,-0.054558909288569525,-0.04677100197877316,0.7656236582620937,0.7457592351072105,0.7865752783517916,0.326555646294384,0.3098340356671664,0.20932962666657925,0.6059222010324534,0.11722601962780474,0.2391304347826087
d,clip-large,clap-fused,0,0.7,aggregate,0.05,0.16,0.2375,0.335,5,15,0.0385,0.42832693457603455,0.21096262429725843,0.11709330723595131,0.043977843569501116,0.21096262429725843,0.21472490169247385,0.20732991726180192,0.5259529860086847,0.48975738528063123,0.21744189226661895,0.38759736589986515,0.30851109374206576,0.18125
d,clip-large,clap-fused,0,0.7,heldout,0.08695652173913043,0.17391304347826086,0.34782608695652173,0.391304347826087,3,15,0.034782608695652174,0.37527525424957275,0.7672644614901728,0.25237912765004034,0.19010096035459245,0.7672644614901729,0.690809860764974,0.8627481366036046,0.5202718209970871,0.4852469198379908,0.20932962666657925,0.6059222010324534,0.31094219433050785,0.23478260869565218
unsup,clip-large,clap-fused,0,1.0,aggregate,0.01,0.0275,0.045,0.0825,6,15,0.085,0.6492103934288025,0.35166436640184423,0.2744415933493562,0.154912719857222,0.35166436640184423,0.3529384188918537,0.35039947908741975,0.23665419142258062,0.23396951130487714,0.21744189226661895,0.38759736589986515,0.019212299155961676,0.09825
unsup,clip-large,clap-fused,0,1.0,heldout,0.043478260869565216,0.08695652173913043,0.08695652173913043,0.08695652173913043,2,15,0.08695652173913043,0.35271430015563965,0.7571742708632717,0.028862697118394443,0.021713265913146935,0.7571742708632717,0.7184338077716989,0.8003309121984489,0.2198259894856434,0.2108195747857971,0.20932962666657925,0.6059222010324534,0.010496362819064159,0.15217391304347824
text,clip-large,clap-fused,0,nan,aggregate,0.0625,0.1675,0.2325,0.32,2,15,0.0435,0.29838818311691284,0.25250361845705455,0.16503586505814305,0.08256351155908788,0.2525036184570545,0.2501848122752574,0.25486580987100577,0.6260784439604461,0.36467121365230853,0.21744189226661895,0.38759736589986515,0.4086365516938272,0.16524999999999998
text,clip-large,clap-fused,0,nan,heldout,0.13043478260869565,0.17391304347826086,0.21739130434782608,0.34782608695652173,4,15,0.043478260869565216,0.21857678890228271,0.8363089413424362,0.3329622691107063,0.2722914669223394,0.8363089413424363,0.7976500640817853,0.8789059639122928,0.6059222010324534,0.310580397597254,0.20932962666657925,0.6059222010324534,0.39659257436587414,0.1826086956521739
random,clip-large,clap-fused,0,nan,aggregate,0.0,0.01,0.025,0.04,0,15,0.012000000000000002,0.004409068264067173,0.11994103254086633,0.015050389029398387,0.007445356492740301,0.11994103254086631,0.12186513736296764,0.1180767419530407,0.20074966403018457,0.2182743484366396,0.21744189226661895,0.38759736589986515,-0.016692228236434375,0.06849999999999999
random,clip-large,clap-fused,0,nan,heldout,0.0,0.043478260869565216,0.043478260869565216,0.043478260869565216,4,15,0.017391304347826087,-0.02599593997001648,0.6751677496515183,-0.07252851195223149,-0.05747126436781609,0.6751677496515183,0.6127476896143018,0.7517476071826164,0.18933322588998389,0.2056024991254915,0.20932962666657925,0.6059222010324534,-0.01999640077659537,0.05217391304347827
procrustes,clip-large,clap-fused,300,nan,aggregate,0.4575,0.5875,0.64,0.7075,0,15,0.1045,0.41704627871513367,0.2856280070111088,0.20103576651583585,0.0995935241661425,0.2856280070111088,0.2684856006259176,0.30510874682571915,0.339493068718816,0.2305742422499111,0.21744189226661895,0.38759736589986515,0.12205117645219707,0.25049999999999994
procrustes,clip-large,clap-fused,300,nan,heldout,0.0,0.0,0.0,0.0,4,15,0.15652173913043482,0.6017348766326904,0.6639917494289336,0.22323417307754254,0.12968696250429995,0.6639917494289336,0.5314576974255372,0.8845891445909005,0.2578546193826631,0.21633716296956843,0.20932962666657925,0.6059222010324534,0.04852499271608382,0.1391304347826087
direct,clip-large,clap-fused,300,nan,aggregate,0.325,0.48,0.5775,0.685,0,15,0.1015,0.42399460077285767,0.2978078981429055,0.21682942836581934,0.11764545444184536,0.2978078981429054,0.2794717727088031,0.31871903391698986,0.33351203773609384,0.23285728124832775,0.21744189226661895,0.38759736589986515,0.11607014546947489,0.29925
direct,clip-large,clap-fused,300,nan,heldout,0.0,0.0,0.0,0.043478260869565216,4,15,0.12173913043478261,0.5012835264205933,0.6732795314242068,0.13965693839103835,0.11514662362119989,0.6732795314242068,0.5705496804924106,0.8211268468396314,0.26881125497846897,0.2200397438365372,0.20932962666657925,0.6059222010324534,0.05948162831188972,0.16086956521739132
c-transitive,clip-large,clap-larger,300,0.5,aggregate,0.355,0.5775,0.66,0.7525,6,15,0.0345,0.16227519512176514,0.20968304244216698,0.11581035590407479,0.04480403691618533,0.209683042442167,0.21305557798790917,0.2064156133525279,0.3495523140468104,0.3359787013939659,0.21744189226661895,0.38759736589986515,0.13211042178019147,0.28
c-transitive,clip-large,clap-larger,300,0.5,heldout,0.06451612903225806,0.22580645161290322,0.2903225806451613,0.5161290322580645,10,15,0.019354838709677424,0.08588456362485886,0.6568981494170256,0.03604628292679241,0.019021269237420025,0.6568981494170257,0.650803468711488,0.6631080608549296,0.36220974757840174,0.3619764203434842,0.22612159460164155,0.6597689602621222,0.1360881529767602,0.26129032258064516
d,clip-large,clap-larger,0,0.7,aggregate,0.07,0.155,0.24,0.35,8,15,0.035500000000000004,0.4012644588947296,0.17812333352178744,0.08009107411797643,0.03285235707220138,0.1781233335217874,0.1800245180884942,0.17626188498692147,0.5261588940936279,0.4875987308808974,0.21744189226661895,0.38759736589986515,0.308717001827009,0.1795
d,clip-large,clap-larger,0,0.7,heldout,0.12903225806451613,0.22580645161290322,0.2903225806451613,0.3870967741935484,4,15,0.0064516129032258064,0.2622484564781189,0.637396312772816,0.02727152046901037,0.01380239017000505,0.637396312772816,0.622444673871386,0.6530839321479969,0.5764730582793626,0.5350826188459135,0.22612159460164155,0.6597689602621222,0.350351463677721,0.21612903225806443
unsup,clip-large,clap-larger,0,1.0,aggregate,0.0075,0.0225,0.0575,0.105,4,15,0.10400000000000001,0.6799560189247131,0.38767047355581336,0.31534079882727606,0.18535242065544738,0.38767047355581336,0.3876487658219679,0.3876921837209943,0.2825638411144864,0.24058288089292687,0.21744189226661895,0.38759736589986515,0.06512194884786746,0.11975
unsup,clip-large,clap-larger,0,1.0,heldout,0.0,0.03225806451612903,0.0967741935483871,0.16129032258064516,1,15,0.08387096774193549,0.48754724860191345,0.729981338253208,0.28316209097790646,0.24732923276141147,0.729981338253208,0.7090890042846533,0.7521421747806408,0.3100374866961154,0.24851390247645902,0.22612159460164155,0.6597689602621222,0.08391589209447387,0.11290322580645162
text,clip-large,clap-larger,0,nan,aggregate,0.0625,0.1675,0.2325,0.32,2,15,0.026000000000000006,0.29019954800605774,0.24603952828771486,0.15603487460402765,0.081777493568911,0.24603952828771491,0.24086350769522194,0.251442893908179,0.6260784439604461,0.36467121365230853,0.21744189226661895,0.38759736589986515,0.4086365516938272,0.17725000000000002
text,clip-large,clap-larger,0,nan,heldout,0.0967741935483871,0.22580645161290322,0.2903225806451613,0.3870967741935484,8,15,0.025806451612903226,0.38273924589157104,0.7414699571318814,0.2675305951008375,0.18986666666666666,0.7414699571318814,0.7374477991247554,0.7455362307360831,0.6597689602621222,0.3342009748425782,0.22612159460164155,0.6597689602621222,0.4336473656604806,0.22903225806451613
random,clip-large,clap-larger,0,nan,aggregate,0.0,0.01,0.025,0.04,0,15,0.013000000000000001,0.002554189180955291,0.10817210505552344,0.0021877559511989638,0.00035422332631480485,0.10817210505552342,0.10995712590233732,0.10644411370950681,0.20074966403018457,0.2182743484366396,0.21744189226661895,0.38759736589986515,-0.016692228236434375,0.06575
random,clip-large,clap-larger,0,nan,heldout,0.0,0.03225806451612903,0.06451612903225806,0.06451612903225806,2,15,0.025806451612903226,-0.10863292962312698,0.6492042740315589,-0.002260176457006196,-0.003658313517468447,0.649204274031559,0.6481842590760453,0.6502275043393388,0.19471977975731472,0.22752486835792202,0.22612159460164155,0.6597689602621222,-0.03140181484432683,0.05483870967741936
procrustes,clip-large,clap-larger,300,nan,aggregate,0.6275,0.6925,0.73,0.795,0,15,0.056999999999999995,0.32769662141799927,0.24992119770777568,0.16152432899493466,0.07387691918694174,0.2499211977077757,0.2499494990404994,0.24989290278334456,0.36862480067135556,0.22805568407459575,0.21744189226661895,0.38759736589986515,0.1511829084047366,0.29150000000000004
procrustes,clip-large,clap-larger,300,nan,heldout,0.0,0.0,0.03225806451612903,0.0967741935483871,2,15,0.05806451612903226,0.2341357171535492,0.6552710086901955,0.18200156393530822,0.11254560763401628,0.6552710086901956,0.6099405370726186,0.7078803149683478,0.39391358579016045,0.23493341018694397,0.22612159460164155,0.6597689602621222,0.1677919911885189,0.2161290322580645
direct,clip-large,clap-larger,300,nan,aggregate,0.315,0.565,0.64,0.7025,1,15,0.064,0.37015342712402344,0.28273489253999806,0.2007943039090537,0.092086074472567,0.28273489253999806,0.27642539861801435,0.2893391466953442,0.3563963568393986,0.2293153838144223,0.21744189226661895,0.38759736589986515,0.13895446457277963,0.35475
direct,clip-large,clap-larger,300,nan,heldout,0.0,0.0,0.03225806451612903,0.06451612903225806,2,15,0.025806451612903226,0.3400377035140991,0.7243767539106307,0.3224271522080493,0.3005534269902086,0.7243767539106308,0.6820717104656339,0.7722767018517238,0.3471810335568584,0.23715302614777412,0.22612159460164155,0.6597689602621222,0.12105943895521687,0.25161290322580643
c-transitive,clip-large,clap-unfused,300,0.5,aggregate,0.2625,0.4625,0.5625,0.65,8,15,0.035500000000000004,0.15354788303375244,0.21409440339281657,0.12054578022348805,0.045166525109143214,0.21409440339281655,0.2171267484030394,0.2111455899425985,0.34081166134530677,0.3324928308852648,0.21744189226661895,0.38759736589986515,0.12336976907868782,0.31425000000000003
c-transitive,clip-large,clap-unfused,300,0.5,heldout,0.06666666666666667,0.13333333333333333,0.26666666666666666,0.4,7,15,0.04000000000000001,0.1343521773815155,0.7401971216216057,0.2620646769888263,0.15397504562999312,0.7401971216216057,0.7863825243179335,0.6991358447845855,0.33492562283545707,0.34575249801734104,0.22755996447907997,0.6457622410422182,0.1073656583563771,0.27999999999999997
d,clip-large,clap-unfused,0,0.7,aggregate,0.0575,0.1675,0.225,0.3325,7,15,0.04,0.42670607566833496,0.22390042616947534,0.13152884220606328,0.053954883336921104,0.2239004261694753,0.22780632517533597,0.22012620814935374,0.5251081305111819,0.48849859228330383,0.21744189226661895,0.38759736589986515,0.30766623824456296,0.19225
d,clip-large,clap-unfused,0,0.7,heldout,0.13333333333333333,0.2,0.26666666666666666,0.43333333333333335,7,15,0.03333333333333333,0.37443581223487854,0.7359608524834746,0.29501842991222754,0.18872651356993736,0.7359608524834745,0.7600599538128111,0.7133429983094779,0.5600826186673586,0.526755668352368,0.22755996447907997,0.6457622410422182,0.33252265418827864,0.25
unsup,clip-large,clap-unfused,0,1.0,aggregate,0.0,0.0075,0.02,0.065,3,15,0.1,0.6721245646476746,0.3737089662972356,0.2988125466335536,0.15772414143806887,0.37370896629723566,0.37236514967225637,0.3750625173658208,0.22440486939129678,0.23511618597344922,0.21744189226661895,0.38759736589986515,0.006962977124677833,0.0925
unsup,clip-large,clap-unfused,0,1.0,heldout,0.0,0.03333333333333333,0.06666666666666667,0.1,2,15,0.060000000000000005,0.564187228679657,0.7154148348485944,0.29082918339541,0.1736709256030602,0.7154148348485942,0.7157041303759982,0.7151257730995999,0.1615359815083259,0.2214458094594884,0.22755996447907997,0.6457622410422182,-0.06602398297075407,0.16999999999999998
text,clip-large,clap-unfused,0,nan,aggregate,0.0625,0.1675,0.2325,0.32,2,15,0.025500000000000002,0.3150421977043152,0.25784025710385416,0.1681126152666673,0.08192784244562584,0.25784025710385416,0.2529199586554781,0.26295579240699746,0.6260784439604461,0.36467121365230853,0.21744189226661895,0.38759736589986515,0.4086365516938272,0.18875
text,clip-large,clap-unfused,0,nan,heldout,0.1,0.23333333333333334,0.3,0.3333333333333333,5,15,0.013333333333333334,0.34686052799224854,0.6831085595068951,0.20866563068051666,0.14584285983269227,0.6831085595068952,0.6877067606055727,0.6785714397365727,0.6457622410422182,0.3273016151088771,0.22755996447907997,0.6457622410422182,0.41820227656313824,0.22999999999999998
random,clip-large,clap-unfused,0,nan,aggregate,0.0,0.01,0.025,0.04,0,15,0.012000000000000002,-0.022341884672641754,0.11477795821322562,0.009955816366287598,0.00668555313288338,0.11477795821322563,0.11587819596177978,0.11369841698222513,0.20074966403018457,0.2182743484366396,0.21744189226661895,0.38759736589986515,-0.016692228236434375,0.06675
random,clip-large,clap-unfused,0,nan,heldout,0.0,0.0,0.03333333333333333,0.03333333333333333,4,15,0.02666666666666667,-0.1192600280046463,0.5865588343019308,-0.0338877382065865,-0.03298745547467864,0.5865588343019308,0.5870936767708902,0.5860249654292393,0.23115170504485366,0.22795711816828043,0.22755996447907997,0.6457622410422182,0.003591740565773688,0.06666666666666667
procrustes,clip-large,clap-unfused,300,nan,aggregate,0.3475,0.525,0.5975,0.67,0,15,0.1045,0.37719517946243286,0.299727943654374,0.22647380636631237,0.10518012160900507,0.299727943654374,0.2824885586978732,0.3192082132061889,0.34839389453882347,0.2357314298673223,0.21744189226661895,0.38759736589986515,0.13095200227220452,0.25575
procrustes,clip-large,clap-unfused,300,nan,heldout,0.0,0.0,0.0,0.06666666666666667,4,15,0.18000000000000005,0.24986261129379272,0.5958272825324077,0.2047620404128245,0.11277744451109778,0.5958272825324077,0.528054198932993,0.683558564317922,0.33800653201659075,0.2460519665247441,0.22755996447907997,0.6457622410422182,0.11044656753751078,0.15999999999999998
direct,clip-large,clap-unfused,300,nan,aggregate,0.2775,0.4825,0.59,0.685,1,15,0.0885,0.4106188416481018,0.32770507127896475,0.2516572774480604,0.12339777366910608,0.3277050712789647,0.3162261378475558,0.3400487602245393,0.3433235487537101,0.2423991846305475,0.21744189226661895,0.38759736589986515,0.12588165648709113,0.33724999999999994
direct,clip-large,clap-unfused,300,nan,heldout,0.0,0.03333333333333333,0.03333333333333333,0.06666666666666667,5,15,0.08000000000000002,0.3432849049568176,0.6018756913286919,0.1822227369478669,0.12434047422287203,0.6018756913286918,0.5461799572737259,0.6702202105843919,0.34602429040163096,0.2556282223362049,0.22755996447907997,0.6457622410422182,0.11846432592255099,0.15333333333333335
c-transitive,clip-large,mert-330m,300,0.5,aggregate,0.0875,0.2,0.285,0.36,3,15,0.025,0.09205195307731628,0.17429286844205416,0.07603714444060033,0.03341831292610404,0.1742928684420542,0.17729275699320568,0.17139281015621557,0.3070001060235969,0.2905493176692579,0.21744189226661895,0.38759736589986515,0.08955821375697795,0.1815
c-transitive,clip-large,mert-330m,300,0.5,heldout,0.0,0.0,0.043478260869565216,0.13043478260869565,3,15,0.008695652173913044,0.09048882871866226,0.788253401578899,0.20634741707729426,0.16164817749603805,0.7882534015788991,0.7412347235460354,0.841641151886155,0.3094853036176048,0.3005133742982222,0.23657518390364918,0.6727731084528221,0.07291011971395561,0.08695652173913046
d,clip-large,mert-330m,0,0.7,aggregate,0.055,0.1375,0.22,0.31,3,15,0.020499999999999997,0.4889619052410126,0.16379721180807094,0.06424695400632788,0.02597106486801602,0.1637972118080709,0.16562412457111667,0.16201016276037644,0.5233066106635705,0.4853238698698299,0.21744189226661895,0.38759736589986515,0.3058647183969516,0.1265
d,clip-large,mert-330m,0,0.7,heldout,0.13043478260869565,0.13043478260869565,0.391304347826087,0.43478260869565216,3,15,0.017391304347826087,0.41042783856391907,0.778629945209199,0.12292529701474207,0.09508196721311475,0.778629945209199,0.7412347235460356,0.8199988074523418,0.5730241412301408,0.537838145775402,0.23657518390364918,0.6727731084528221,0.3364489573264916,0.14347826086956528
unsup,clip-large,mert-330m,0,1.0,aggregate,0.005,0.01,0.0225,0.035,3,15,0.0955,0.7791025638580322,0.385443256913684,0.3151175928120783,0.16133237124698274,0.3854432569136839,0.37604070602287315,0.39532807055874863,0.22763443708236386,0.21610449753342678,0.21744189226661895,0.38759736589986515,0.010192544815744914,0.075
unsup,clip-large,mert-330m,0,1.0,heldout,0.0,0.0,0.0,0.0,0,15,0.0782608695652174,0.7549400329589844,0.6997060916269672,0.10203894674582804,0.04757709251101322,0.6997060916269673,0.6131628561392707,0.8146938867739187,0.2281805445620876,0.22805058230091993,0.23657518390364918,0.6727731084528221,-0.008394639341561566,0.13478260869565217
text,clip-large,mert-330m,0,nan,aggregate,0.0625,0.1675,0.2325,0.32,3,15,0.021500000000000005,0.294872522354126,0.19725904529539406,0.10657701537723366,0.059969378986824064,0.1972590452953941,0.18750261904614088,0.20808652518196358,0.6260784439604461,0.36467121365230853,0.21744189226661895,0.38759736589986515,0.4086365516938272,0.13574999999999998
text,clip-large,mert-330m,0,nan,heldout,0.08695652173913043,0.21739130434782608,0.30434782608695654,0.391304347826087,2,15,0.008695652173913044,-0.07672423124313354,0.6953901454203638,0.08466242481605381,0.084070796460177,0.6953901454203638,0.6150781670345233,0.7998248675740796,0.6727731084528221,0.5619216358511692,0.23657518390364918,0.6727731084528221,0.43619792454917294,0.16086956521739132
random,clip-large,mert-330m,0,nan,aggregate,0.0,0.01,0.025,0.04,3,15,0.013000000000000003,-0.01346541941165924,0.12073864662069976,0.016804526701157976,0.006585090799729302,0.12073864662069976,0.12142839086875712,0.12005669396112799,0.20074966403018457,0.2182743484366396,0.21744189226661895,0.38759736589986515,-0.016692228236434375,0.076
random,clip-large,mert-330m,0,nan,heldout,0.0,0.0,0.0,0.0,1,15,0.017391304347826087,0.14758847653865814,0.7068502046707098,-0.00838428713236469,-0.007509386733416771,0.7068502046707099,0.648256794460955,0.7770881829906869,0.22015085206891644,0.23585454897076888,0.23657518390364918,0.6727731084528221,-0.01642433183473274,0.10434782608695654
procrustes,clip-large,mert-330m,300,nan,aggregate,0.635,0.69,0.72,0.76,4,15,0.045,0.33587053418159485,0.2389966062618706,0.14873440634815505,0.0809591719484916,0.23899660626187058,0.2380510946829267,0.23994965871888418,0.3677917982442821,0.22109942411402414,0.21744189226661895,0.38759736589986515,0.15034990597766315,0.29475
procrustes,clip-large,mert-330m,300,nan,heldout,0.0,0.08695652173913043,0.08695652173913043,0.17391304347826086,3,15,0.034782608695652174,0.6592034101486206,0.7232361450871323,0.25077863928447175,0.14652711703139867,0.7232361450871325,0.6191286987449665,0.869432574489012,0.3541906130827884,0.23745515921282753,0.23657518390364918,0.6727731084528221,0.1176154291791392,0.23043478260869565
direct,clip-large,mert-330m,300,nan,aggregate,0.0625,0.125,0.1875,0.2625,3,15,0.126,0.41940557956695557,0.2767823855185918,0.20401416627915422,0.08131303377776276,0.2767823855185918,0.23733844504686416,0.331950102082813,0.25799310897885575,0.22016037610941974,0.21744189226661895,0.38759736589986515,0.0405512167122368,0.20975
direct,clip-large,mert-330m,300,nan,heldout,0.0,0.0,0.0,0.043478260869565216,2,15,0.09565217391304348,0.3219074010848999,0.570277136975751,0.036056453177982284,0.011896893588896233,0.570277136975751,0.454502011950823,0.7651949583256397,0.2674158120864661,0.2362869545873286,0.23657518390364918,0.6727731084528221,0.03084062818281691,0.2391304347826087
c-transitive,clip-large,mert-95m,300,0.5,aggregate,0.15,0.3,0.3625,0.4775,9,15,0.019500000000000003,0.1510285884141922,0.15406079329712705,0.05538610759811963,0.02330827412253566,0.15406079329712705,0.1544675778098172,0.15365614566025396,0.31120550208051784,0.2955830205707412,0.21744189226661895,0.38759736589986515,0.09376360981389889,0.18350000000000002
c-transitive,clip-large,mert-95m,300,0.5,heldout,0.0,0.03225806451612903,0.06451612903225806,0.1935483870967742,3,15,0.0064516129032258064,0.18957601487636566,0.6288199799664183,0.06701155896671146,0.06459838504037399,0.6288199799664181,0.6348622409747146,0.622891648312587,0.4227623125381858,0.35750145381407783,0.2560114331963932,0.6688296756511004,0.1667508793417926,0.13548387096774195
d,clip-large,mert-95m,0,0.7,aggregate,0.045,0.145,0.225,0.335,5,15,0.02,0.5359627604484558,0.1699406723507158,0.07365192751956175,0.023640175755880097,0.16994067235071578,0.16979763909083675,0.17008394678899763,0.5251454837013746,0.48592878661333766,0.21744189226661895,0.38759736589986515,0.3077035914347557,0.11650000000000002
d,clip-large,mert-95m,0,0.7,heldout,0.06451612903225806,0.1935483870967742,0.3225806451612903,0.3870967741935484,3,15,0.0064516129032258064,0.5997019410133362,0.6846583683109314,0.16310286996844606,0.1055234954657873,0.6846583683109315,0.7005749356008891,0.6694489611569241,0.5621068633894829,0.5251759645136157,0.2560114331963932,0.6688296756511004,0.3060954301930897,0.11935483870967743
unsup,clip-large,mert-95m,0,1.0,aggregate,0.005,0.0125,0.02,0.045,1,15,0.085,0.7799853086471558,0.29861066502514694,0.21569921727620003,0.12113431257788015,0.298610665025147,0.2923095399884234,0.3051894334783073,0.21282184288582764,0.22354086995400707,0.21744189226661895,0.38759736589986515,-0.004620049380791302,0.0695
unsup,clip-large,mert-95m,0,1.0,heldout,0.0,0.0,0.0,0.03225806451612903,0,15,0.03225806451612903,0.8208731412887573,0.6424045422885526,0.1948635472659986,0.21727574750830564,0.6424045422885527,0.6095986430524424,0.678942204922271,0.24392555628231533,0.25617196891281324,0.2560114331963932,0.6688296756511004,-0.012085876914077864,0.11290322580645161
text,clip-large,mert-95m,0,nan,aggregate,0.0625,0.1675,0.2325,0.32,7,15,0.025500000000000002,0.28563636541366577,0.21415067807869292,0.12692260585378057,0.06384396902851813,0.21415067807869295,0.208407212896212,0.22021968142647977,0.6260784439604461,0.36467121365230853,0.21744189226661895,0.38759736589986515,0.4086365516938272,0.126
text,clip-large,mert-95m,0,nan,heldout,0.06451612903225806,0.3225806451612903,0.3870967741935484,0.5161290322580645,3,15,0.03870967741935484,0.1352594941854477,0.6371859880367348,0.10313393165102144,0.09443777511004402,0.6371859880367348,0.6360700496026197,0.6383058490175877,0.6688296756511004,0.3524324540679373,0.2560114331963932,0.6688296756511004,0.4128182424547072,0.15161290322580642
random,clip-large,mert-95m,0,nan,aggregate,0.0,0.01,0.025,0.04,4,15,0.015,-0.03654338791966438,0.11762810792827157,0.015134081364392775,0.003128788911220591,0.11762810792827155,0.11761925639033219,0.11763696079857133,0.20074966403018457,0.2182743484366396,0.21744189226661895,0.38759736589986515,-0.016692228236434375,0.0785
random,clip-large,mert-95m,0,nan,heldout,0.0,0.06451612903225806,0.0967741935483871,0.0967741935483871,1,15,0.0,0.14600437879562378,0.6040697113806985,0.0612844598097734,0.03872824807012953,0.6040697113806985,0.5938835749057918,0.614611365524363,0.2408950884578623,0.2549450446343891,0.2560114331963932,0.6688296756511004,-0.015116344738530879,0.11612903225806454
procrustes,clip-large,mert-95m,300,nan,aggregate,0.735,0.7575,0.7725,0.8,5,15,0.037000000000000005,0.21248559653759003,0.20321193815918154,0.11186365943368677,0.058507279875209324,0.20321193815918154,0.20194568304582308,0.2044941730072704,0.37291127467199436,0.2203633316062816,0.21744189226661895,0.38759736589986515,0.15546938240537542,0.309
procrustes,clip-large,mert-95m,300,nan,heldout,0.0,0.06451612903225806,0.0967741935483871,0.12903225806451613,4,15,0.0774193548387097,0.37125149369239807,0.6247992259418422,0.19506799002719558,0.16615594143684032,0.6247992259418423,0.5848662007225454,0.6705848825473357,0.37659091626333846,0.25810298588705083,0.2560114331963932,0.6688296756511004,0.12057948306694527,0.16451612903225804
direct,clip-large,mert-95m,300,nan,aggregate,0.125,0.22,0.2825,0.36,4,15,0.135,0.26395875215530396,0.2190835986566809,0.14680425234676897,0.07016017342979157,0.21908359865668087,0.18569627747711367,0.26710844664550426,0.2659172379597879,0.2194929412894538,0.21744189226661895,0.38759736589986515,0.04847534569316894,0.21850000000000003
direct,clip-large,mert-95m,300,nan,heldout,0.0,0.0,0.0,0.0,3,15,0.0774193548387097,0.3433503210544586,0.48032441990179797,0.13009583149715367,0.1087378640776699,0.480324419901798,0.3779976208882009,0.6586169937853377,0.29618692398768304,0.2569987227256145,0.2560114331963932,0.6688296756511004,0.04017549079128985,0.18387096774193545
c-transitive,dinov2-base,clap-fused,300,0.5,aggregate,0.2475,0.425,0.5175,0.6025,6,15,0.024000000000000004,0.2296464741230011,0.2245611784647808,0.1314504250067504,0.05736851249350419,0.22456117846478085,0.22610826690826022,0.22303511726793263,0.3380557267489931,0.3232755848041883,0.21744189226661895,0.38759736589986515,0.12061383448237414,0.25425000000000003
c-transitive,dinov2-base,clap-fused,300,0.5,heldout,0.02857142857142857,0.08571428571428572,0.14285714285714285,0.2,3,15,0.022857142857142857,0.09459888190031052,0.6447865328075154,-0.003741408172517497,-0.004020050622859695,0.6447865328075153,0.6319896631235191,0.6581123488082138,0.18715226479954308,0.18900707424131016,0.15271206662767292,0.5241085706524904,0.03444019817187016,0.1457142857142857
d,dinov2-base,clap-fused,0,0.7,aggregate,0.05,0.15,0.235,0.355,6,15,0.0425,0.3893112540245056,0.2766598016447651,0.18973364134194662,0.08311878401596756,0.2766598016447652,0.27864926220775504,0.2746985478330933,0.5323436666153556,0.4925624203629689,0.21744189226661895,0.38759736589986515,0.3149017743487367,0.18575000000000003
d,dinov2-base,clap-fused,0,0.7,heldout,0.14285714285714285,0.17142857142857143,0.2571428571428571,0.2857142857142857,7,15,0.011428571428571429,0.18502277135849,0.6604571393850209,0.16310037503949565,0.09590956056646205,0.6604571393850209,0.6176100458296913,0.7096925132526936,0.4141877452083608,0.38262234763895553,0.15271206662767292,0.5241085706524904,0.2614756785806879,0.1942857142857143
unsup,dinov2-base,clap-fused,0,1.0,aggregate,0.0125,0.03,0.065,0.1175,4,15,0.0885,0.6358662247657776,0.3638289103326079,0.2871031475323647,0.12513851339271628,0.3638289103326079,0.3644493172577954,0.36321061207175115,0.28364885823367864,0.24995350205743144,0.21744189226661895,0.38759736589986515,0.06620696596705969,0.1355
unsup,dinov2-base,clap-fused,0,1.0,heldout,0.05714285714285714,0.05714285714285714,0.14285714285714285,0.2,3,15,0.04,0.08557164669036865,0.5281375777037948,-0.06948271185282028,-0.04024476347375853,0.5281375777037949,0.47663022286097045,0.5921260658964788,0.19470654695199816,0.1627764123966422,0.15271206662767292,0.5241085706524904,0.041994480324325234,0.11428571428571431
text,dinov2-base,clap-fused,0,nan,aggregate,0.0625,0.1675,0.2325,0.32,5,15,0.0345,0.29495716094970703,0.2664643294305458,0.17985009817647285,0.06718424948882047,0.2664643294305458,0.2610288049039341,0.27213104099647084,0.6260784439604461,0.36467121365230853,0.21744189226661895,0.38759736589986515,0.4086365516938272,0.16524999999999998
text,dinov2-base,clap-fused,0,nan,heldout,0.08571428571428572,0.14285714285714285,0.17142857142857143,0.22857142857142856,3,15,0.022857142857142857,0.20918013155460358,0.6361300059446185,0.06751357773695306,0.04441030654283919,0.6361300059446184,0.6054287956924206,0.670111254722295,0.5241085706524904,0.31111762555750944,0.15271206662767292,0.5241085706524904,0.3713965040248175,0.12285714285714283
random,dinov2-base,clap-fused,0,nan,aggregate,0.0,0.01,0.025,0.04,0,15,0.008,0.03757413104176521,0.11241409997975961,0.005625968925137615,0.004746650977633163,0.11241409997975962,0.11289188700067855,0.1119403401458169,0.20074966403018457,0.2182743484366396,0.21744189226661895,0.38759736589986515,-0.016692228236434375,0.06849999999999999
random,dinov2-base,clap-fused,0,nan,heldout,0.0,0.0,0.0,0.05714285714285714,0,15,0.011428571428571429,0.006975533440709114,0.5995652065565568,-0.01787344285577803,-0.013536532739785142,0.5995652065565569,0.5686895602860725,0.6339859657658353,0.12954155084483926,0.15144841496917494,0.15271206662767292,0.5241085706524904,-0.02317051578283366,0.06285714285714286
procrustes,dinov2-base,clap-fused,300,nan,aggregate,0.71,0.7625,0.7775,0.795,5,15,0.066,0.2745278477668762,0.27304423140655953,0.18647406054832077,0.07946886744511106,0.2730442314065596,0.2732319061799556,0.2728568142725063,0.38342077456003665,0.24397611855030504,0.21744189226661895,0.38759736589986515,0.1659788822934177,0.34475
procrustes,dinov2-base,clap-fused,300,nan,heldout,0.0,0.05714285714285714,0.05714285714285714,0.05714285714285714,4,15,0.04,0.2906910181045532,0.6121039660753682,-0.01224154804033477,-0.009662974310629272,0.6121039660753681,0.5858278100419443,0.6408479420891162,0.21302389784061718,0.17010242755113789,0.15271206662767292,0.5241085706524904,0.060311831212944256,0.12857142857142856
direct,dinov2-base,clap-fused,300,nan,aggregate,0.61,0.7075,0.735,0.76,6,15,0.0785,0.28617414832115173,0.26512374907179737,0.179145555482583,0.07377058740551762,0.26512374907179737,0.2596273801177347,0.2708578699754616,0.365500519902465,0.2352867894618537,0.21744189226661895,0.38759736589986515,0.14805862763584607,0.36475
direct,dinov2-base,clap-fused,300,nan,heldout,0.0,0.0,0.0,0.0,2,15,0.05714285714285714,0.16316884756088257,0.5275255329800294,-0.04438235728866257,-0.02666666666666667,0.5275255329800294,0.47045761920976287,0.600349750012024,0.17629154082204232,0.16004595307868763,0.15271206662767292,0.5241085706524904,0.0235794741943694,0.09142857142857143
c-transitive,dinov2-base,clap-larger,300,0.5,aggregate,0.3175,0.5375,0.63,0.715,9,15,0.0355,0.1837690770626068,0.20736990788970183,0.11245739913796753,0.04487954747790487,0.20736990788970183,0.20782073669710605,0.20692103082845265,0.3416801847508888,0.3331314858617388,0.21744189226661895,0.38759736589986515,0.12423829248426985,0.26375
c-transitive,dinov2-base,clap-larger,300,0.5,heldout,0.034482758620689655,0.1724137931034483,0.20689655172413793,0.2413793103448276,1,15,0.034482758620689655,0.0397067591547966,0.6290515648145347,-0.09139120826376378,-0.06535300524804435,0.6290515648145348,0.5951439006081155,0.6670563618052041,0.19043804906978243,0.18979846763700103,0.15548378124574422,0.5033821795531639,0.03495426782403821,0.22068965517241376
d,dinov2-base,clap-larger,0,0.7,aggregate,0.065,0.1525,0.2325,0.345,5,15,0.045,0.35414355993270874,0.23988619164865235,0.14848920015580205,0.06654429497550308,0.23988619164865235,0.24029502034330008,0.2394787517220051,0.5270117109777935,0.4925661202213005,0.21744189226661895,0.38759736589986515,0.3095698187111746,0.17575000000000002
d,dinov2-base,clap-larger,0,0.7,heldout,0.034482758620689655,0.10344827586206896,0.13793103448275862,0.2413793103448276,4,15,0.020689655172413796,0.08641944825649261,0.6670291247716922,-0.026884151097531322,-0.02031413612565445,0.6670291247716922,0.6398400579454442,0.6966314590719116,0.4026854830602306,0.37603493353611955,0.15548378124574422,0.5033821795531639,0.2472017018144864,0.18275862068965518
unsup,dinov2-base,clap-larger,0,1.0,aggregate,0.01,0.03,0.0575,0.0975,2,15,0.094,0.6560856699943542,0.430339449442607,0.36219321333130977,0.2224698165658593,0.43033944944260705,0.42825401428950616,0.4324452945460924,0.26785531038743293,0.2370121277549198,0.21744189226661895,0.38759736589986515,0.050413418120813985,0.09899999999999999
unsup,dinov2-base,clap-larger,0,1.0,heldout,0.10344827586206896,0.13793103448275862,0.1724137931034483,0.2413793103448276,0,15,0.020689655172413796,0.030178232118487358,0.5925734616419274,-0.007434966738821691,0.011483392688422123,0.5925734616419274,0.5276699796434091,0.6756825051794507,0.16422106808172424,0.1532352730559644,0.15548378124574422,0.5033821795531639,0.008737286835980018,0.11379310344827585
text,dinov2-base,clap-larger,0,nan,aggregate,0.0625,0.1675,0.2325,0.32,4,15,0.023,0.2680774927139282,0.2507827671103102,0.16029271149787452,0.054441071703524434,0.2507827671103102,0.24276225355327355,0.25935136076353804,0.6260784439604461,0.36467121365230853,0.21744189226661895,0.38759736589986515,0.4086365516938272,0.17725000000000002
text,dinov2-base,clap-larger,0,nan,heldout,0.034482758620689655,0.13793103448275862,0.1724137931034483,0.2413793103448276,6,15,0.034482758620689655,0.12813659012317657,0.6530641788529882,0.06514478762787519,0.044132582402363583,0.6530641788529882,0.6020939083142506,0.7134623465121548,0.5033821795531639,0.38492913939662604,0.15548378124574422,0.5033821795531639,0.34789839830741964,0.1310344827586207
random,dinov2-base,clap-larger,0,nan,aggregate,0.0,0.01,0.025,0.04,2,15,0.0085,0.029529474675655365,0.10800004400423155,0.0010497923632008489,0.002046026139922814,0.10800004400423154,0.10850757117315436,0.10749724248948163,0.20074966403018457,0.2182743484366396,0.21744189226661895,0.38759736589986515,-0.016692228236434375,0.06575
random,dinov2-base,clap-larger,0,nan,heldout,0.0,0.0,0.0,0.034482758620689655,5,15,0.034482758620689655,-0.01107987854629755,0.6897263301657061,-0.01047001372811701,-0.008755324183625178,0.6897263301657061,0.6730728628889812,0.7072247998119244,0.10848974863693019,0.15542414548175335,0.15548378124574422,0.5033821795531639,-0.04699403260881403,0.06206896551724138
procrustes,dinov2-base,clap-larger,300,nan,aggregate,0.735,0.76,0.775,0.7975,5,15,0.066,0.25875118374824524,0.28005194939370787,0.19387299730696667,0.08248887497341942,0.28005194939370787,0.28049105634540045,0.2796142151313183,0.3781060899741334,0.24029188404703994,0.21744189226661895,0.38759736589986515,0.16066419770751447,0.34900000000000003
procrustes,dinov2-base,clap-larger,300,nan,heldout,0.0,0.0,0.06896551724137931,0.13793103448275862,4,15,0.034482758620689655,0.02531009539961815,0.6594314430344105,0.022701819159447877,0.015050995148034459,0.6594314430344104,0.6199094642583801,0.7043359872359336,0.21400958388793084,0.16343310185795878,0.15548378124574422,0.5033821795531639,0.058525802642186625,0.1724137931034483
direct,dinov2-base,clap-larger,300,nan,aggregate,0.6175,0.72,0.735,0.7575,2,15,0.07600000000000001,0.2647774815559387,0.24804245562775604,0.15884524763119737,0.06612048727092136,0.24804245562775606,0.24525600057858016,0.2508929544455968,0.3699485123328736,0.22820898431190165,0.21744189226661895,0.38759736589986515,0.15250662006625468,0.40149999999999997
direct,dinov2-base,clap-larger,300,nan,heldout,0.0,0.0,0.0,0.034482758620689655,4,15,0.07586206896551725,0.10879019647836685,0.5993855060995806,-0.02389552047098787,-0.01679434295816146,0.5993855060995805,0.5393060161525395,0.6745290416071916,0.19548741321545535,0.1612899070577736,0.15548378124574422,0.5033821795531639,0.04000363196971113,0.12413793103448277
c-transitive,dinov2-base,clap-unfused,300,0.5,aggregate,0.2425,0.4425,0.535,0.635,8,15,0.0345,0.2256118506193161,0.21256246424245287,0.11805604118138091,0.04972973514849568,0.21256246424245284,0.21382292516475998,0.21131677676932345,0.34185444677710286,0.32917163747198347,0.21744189226661895,0.38759736589986515,0.12441255451048391,0.29424999999999996
c-transitive,dinov2-base,clap-unfused,300,0.5,heldout,0.03225806451612903,0.06451612903225806,0.0967741935483871,0.25806451612903225,5,15,0.0064516129032258064,-0.05515884980559349,0.6186740892917388,-0.09574047580901435,-0.06501662356852604,0.6186740892917387,0.586334654692407,0.6547891486339295,0.18848393872051003,0.18591705581826265,0.15692911644119215,0.5050524861527003,0.031554822279317885,0.16774193548387098
d,dinov2-base,clap-unfused,0,0.7,aggregate,0.0525,0.1675,0.24,0.345,6,15,0.043500000000000004,0.3935774564743042,0.25742315634025864,0.16809948878071396,0.07352948717902502,0.25742315634025864,0.2587976081919037,0.25606322655445085,0.5264048721088597,0.49191516350854775,0.21744189226661895,0.38759736589986515,0.30896297984224075,0.19775
d,dinov2-base,clap-unfused,0,0.7,heldout,0.12903225806451613,0.16129032258064516,0.16129032258064516,0.1935483870967742,2,15,0.012903225806451613,0.08671301603317261,0.6108959696151878,-0.08955958851848626,-0.06374866554826902,0.6108959696151878,0.5757212803826144,0.6506484650271537,0.4182894884950078,0.3763095144928226,0.15692911644119215,0.5050524861527003,0.2613603720538157,0.17741935483870966
unsup,dinov2-base,clap-unfused,0,1.0,aggregate,0.0125,0.0475,0.075,0.125,1,15,0.11,0.6655682325363159,0.41835262515619576,0.3488866754982852,0.1851046176580232,0.41835262515619576,0.41500092759265444,0.4217589025694633,0.27982899372091735,0.26003663450338976,0.21744189226661895,0.38759736589986515,0.062387101454298405,0.12075
unsup,dinov2-base,clap-unfused,0,1.0,heldout,0.06451612903225806,0.0967741935483871,0.16129032258064516,0.16129032258064516,1,15,0.0774193548387097,0.1798388957977295,0.6723421839468539,0.1233204101085831,0.10676025120059106,0.6723421839468537,0.6251629386551981,0.7272236575603392,0.19538888787410996,0.16129848724670479,0.15692911644119215,0.5050524861527003,0.038459771432917816,0.12903225806451615
text,dinov2-base,clap-unfused,0,nan,aggregate,0.0625,0.1675,0.2325,0.32,3,15,0.025,0.3116725981235504,0.2614211549134422,0.17095187941138723,0.058561832915869035,0.26142115491344226,0.2535597067283413,0.26978567843927576,0.6260784439604461,0.36467121365230853,0.21744189226661895,0.38759736589986515,0.4086365516938272,0.18875
text,dinov2-base,clap-unfused,0,nan,heldout,0.0967741935483871,0.16129032258064516,0.1935483870967742,0.22580645161290322,1,15,0.012903225806451613,0.18137522041797638,0.6272973858301903,0.03376607792053013,0.018861892583120203,0.6272973858301903,0.5748700242778517,0.6902469670841147,0.5050524861527003,0.31815193835440575,0.15692911644119215,0.5050524861527003,0.34812336971150815,0.13548387096774198
random,dinov2-base,clap-unfused,0,nan,aggregate,0.0,0.01,0.025,0.04,0,15,0.009000000000000001,0.01446008775383234,0.11758560364281126,0.012191509636201801,0.004385617492499287,0.11758560364281126,0.1173435506383791,0.11782865731176331,0.20074966403018457,0.2182743484366396,0.21744189226661895,0.38759736589986515,-0.016692228236434375,0.06675
random,dinov2-base,clap-unfused,0,nan,heldout,0.0,0.0,0.03225806451612903,0.0967741935483871,1,15,0.025806451612903226,-0.03690708056092262,0.6494594422145469,0.020670300355111172,0.014830508474576272,0.649459442214547,0.6131448297248067,0.6903464610757883,0.11601695725158978,0.1552838368045045,0.15692911644119215,0.5050524861527003,-0.040912159189602365,0.06774193548387099
procrustes,dinov2-base,clap-unfused,300,nan,aggregate,0.665,0.74,0.7575,0.79,3,15,0.08149999999999999,0.32815685868263245,0.2760363458180372,0.18919252864965008,0.09009313602511522,0.2760363458180372,0.2759187412036916,0.2761540507281647,0.37725108711415134,0.25487374270292973,0.21744189226661895,0.38759736589986515,0.1598091948475324,0.35275000000000006
procrustes,dinov2-base,clap-unfused,300,nan,heldout,0.0,0.0,0.06451612903225806,0.0967741935483871,1,15,0.07096774193548387,0.2656652629375458,0.703809571948499,0.2323183564895772,0.20994769630542692,0.703809571948499,0.646033008000608,0.7729353743972966,0.21849549153616013,0.18358188448319587,0.15692911644119215,0.5050524861527003,0.061566375094967984,0.14193548387096774
direct,dinov2-base,clap-unfused,300,nan,aggregate,0.53,0.6625,0.715,0.7525,1,15,0.08800000000000001,0.34031543135643005,0.25686524473817307,0.16930633141053558,0.07751442148749825,0.25686524473817307,0.2525192751079851,0.2613634261623745,0.3651084451996195,0.24385256807001268,0.21744189226661895,0.38759736589986515,0.14766655293300054,0.40074999999999994
direct,dinov2-base,clap-unfused,300,nan,heldout,0.0,0.0,0.03225806451612903,0.03225806451612903,1,15,0.03225806451612903,0.25770074129104614,0.7182225931363856,0.22264469425978048,0.1670249355116079,0.7182225931363854,0.6726229941756783,0.7704545552313724,0.21137638209533519,0.19363341976486104,0.15692911644119215,0.5050524861527003,0.05444726565414304,0.12903225806451613
c-transitive,dinov2-base,mert-330m,300,0.5,aggregate,0.07,0.18,0.245,0.3175,8,15,0.012000000000000002,0.16894003748893738,0.18279702863051303,0.08459335139252845,0.03035283734554624,0.18279702863051303,0.18390910250146617,0.18169832304873307,0.30021353396284434,0.28711099988547095,0.21744189226661895,0.38759736589986515,0.08277164169622539,0.18375
c-transitive,dinov2-base,mert-330m,300,0.5,heldout,0.0,0.04,0.04,0.12,1,15,0.016,0.015428451821208,0.7231030303436464,0.0009181144553960301,0.0,0.7231030303436463,0.683103536584218,0.7680782648680772,0.15542637395732145,0.1737342411624958,0.15147936099048062,0.5130383687426999,0.003947012966840829,0.136
d,dinov2-base,mert-330m,0,0.7,aggregate,0.05,0.1475,0.2275,0.345,7,15,0.022500000000000006,0.37467923760414124,0.1876415987341586,0.09030490768375195,0.03585550076072518,0.18764159873415853,0.18767238070297046,0.1876108268613897,0.5324850243024405,0.49061045288050065,0.21744189226661895,0.38759736589986515,0.31504313203582157,0.131
d,dinov2-base,mert-330m,0,0.7,heldout,0.0,0.08,0.12,0.24,1,15,0.0,0.1311085820198059,0.7424882102196256,0.007714801897458426,0.0048250904704463205,0.7424882102196256,0.7122290854036961,0.7754325402133224,0.4222988399290248,0.38592723034731513,0.15147936099048062,0.5130383687426999,0.2708194789385442,0.064
unsup,dinov2-base,mert-330m,0,1.0,aggregate,0.0025,0.0075,0.04,0.0825,7,15,0.1285,0.6651207804679871,0.3985021054233459,0.32790819968468843,0.14782983737023456,0.3985021054233459,0.3853945169225635,0.41253268564470363,0.2486801172329448,0.2394178921442303,0.21744189226661895,0.38759736589986515,0.03123822496632586,0.143
unsup,dinov2-base,mert-330m,0,1.0,heldout,0.0,0.0,0.0,0.04,2,15,0.11200000000000002,0.4039221405982971,0.6537788120160385,0.09351925155100543,0.06015037593984962,0.6537788120160384,0.5652724323535472,0.7751456656856297,0.16098707196148013,0.15364151960137842,0.15147936099048062,0.5130383687426999,0.009507710970999506,0.024000000000000004
text,dinov2-base,mert-330m,0,nan,aggregate,0.0625,0.1675,0.2325,0.32,5,15,0.015,0.26153701543807983,0.19224835028686307,0.10013338459323583,0.031135549206415123,0.1922483502868631,0.1807605387225758,0.20529541852234662,0.6260784439604461,0.36467121365230853,0.21744189226661895,0.38759736589986515,0.4086365516938272,0.13574999999999998
text,dinov2-base,mert-330m,0,nan,heldout,0.0,0.04,0.16,0.28,1,15,0.008,0.17153744399547577,0.7218651310176756,0.12438364016041374,0.07932011331444759,0.7218651310176757,0.6573895058357476,0.8003633870680742,0.5130383687426999,0.6218063413687772,0.15147936099048062,0.5130383687426999,0.3615590077522193,0.10799999999999998
random,dinov2-base,mert-330m,0,nan,aggregate,0.0,0.01,0.025,0.04,1,15,0.014000000000000002,0.026057370007038116,0.11100641464747334,0.005012109138737954,0.0022711607853983904,0.11100641464747331,0.1103577917546863,0.111662707120869,0.20074966403018457,0.2182743484366396,0.21744189226661895,0.38759736589986515,-0.016692228236434375,0.076
random,dinov2-base,mert-330m,0,nan,heldout,0.0,0.0,0.04,0.04,2,15,0.008,-0.1604602336883545,0.6887199469635766,-0.07742664184123765,-0.05714285714285714,0.6887199469635765,0.6446681675115347,0.7392336189362705,0.10823153762826752,0.14775442130133784,0.15147936099048062,0.5130383687426999,-0.0432478233622131,0.068
procrustes,dinov2-base,mert-330m,300,nan,aggregate,0.6675,0.7075,0.73,0.75,7,15,0.030500000000000003,0.29143673181533813,0.24225346434471207,0.15099945360132266,0.0584374389658656,0.24225346434471207,0.24228043681151873,0.24222649788278955,0.3734651530155916,0.2226911746602043,0.21744189226661895,0.38759736589986515,0.15602326074897263,0.29275
procrustes,dinov2-base,mert-330m,300,nan,heldout,0.0,0.0,0.04,0.04,1,15,0.024000000000000004,0.26640698313713074,0.6874628274833487,0.06246498818761534,0.046610169491525424,0.6874628274833487,0.6207254336101944,0.770279556726612,0.17908025749628823,0.1505183017627128,0.15147936099048062,0.5130383687426999,0.027600896505807604,0.055999999999999994
direct,dinov2-base,mert-330m,300,nan,aggregate,0.2325,0.3375,0.395,0.465,1,15,0.09799999999999999,0.4463198482990265,0.22678467384140924,0.1397292195518392,0.047551367005705426,0.2267846738414092,0.21166196972448162,0.24423460940596825,0.30699715015380824,0.21139646988873628,0.21744189226661895,0.38759736589986515,0.0895552578871893,0.26225000000000004
direct,dinov2-base,mert-330m,300,nan,heldout,0.0,0.0,0.0,0.04,2,15,0.05600000000000001,0.15541495382785797,0.6962045809946387,0.061237291137328564,0.04343329886246122,0.6962045809946386,0.6328333502457085,0.773680043611293,0.2074236120120593,0.15020188285107305,0.15147936099048062,0.5130383687426999,0.055944251021578684,0.08400000000000002
c-transitive,dinov2-base,mert-95m,300,0.5,aggregate,0.1125,0.2575,0.3375,0.4525,6,15,0.02,0.18110305070877075,0.18765993719022628,0.0908433175232208,0.034439795899762975,0.18765993719022633,0.18724100852464703,0.18808074466185437,0.30183351409402787,0.29259966043880375,0.21744189226661895,0.38759736589986515,0.08439162182740892,0.17625000000000005
c-transitive,dinov2-base,mert-95m,300,0.5,heldout,0.0,0.0,0.045454545454545456,0.09090909090909091,0,15,0.018181818181818184,0.09962642937898636,0.7063011219962275,0.06997087071494938,0.044137931034482755,0.7063011219962274,0.6315524585112574,0.8011191985947539,0.21300832127618782,0.20062088670444808,0.1783646001134975,0.5367982482700835,0.03464372116269032,0.06818181818181819
d,dinov2-base,mert-95m,0,0.7,aggregate,0.04,0.14,0.235,0.3325,5,15,0.022000000000000002,0.39259788393974304,0.18844172804743062,0.09416464262221744,0.03576902669216074,0.1884417280474306,0.18649933501314628,0.19042500700731801,0.5321168337138719,0.490654074442637,0.21744189226661895,0.38759736589986515,0.31467494144725294,0.127
d,dinov2-base,mert-95m,0,0.7,heldout,0.09090909090909091,0.22727272727272727,0.3181818181818182,0.4090909090909091,4,15,0.03636363636363637,0.2518201470375061,0.7925848268179427,0.05001831500159054,0.0392156862745098,0.7925848268179428,0.7754876834154454,0.8104528456391145,0.4497814192705831,0.4129140454893106,0.1783646001134975,0.5367982482700835,0.2714168191570856,0.11818181818181818
unsup,dinov2-base,mert-95m,0,1.0,aggregate,0.0,0.015,0.0225,0.0425,1,15,0.11,0.6562589406967163,0.34542915004686936,0.26646044024526727,0.10311663253084145,0.3454291500468694,0.3239961716132632,0.36989866811841277,0.22435650573769228,0.22490730934468683,0.21744189226661895,0.38759736589986515,0.006914613471073333,0.07425
unsup,dinov2-base,mert-95m,0,1.0,heldout,0.0,0.09090909090909091,0.13636363636363635,0.13636363636363635,1,15,0.045454545454545456,0.38963669538497925,0.6563440963514527,-0.03760006341228781,-0.026221692491060787,0.6563440963514529,0.5770710643849203,0.7608651734604586,0.20707413199495683,0.17677368427390602,0.1783646001134975,0.5367982482700835,0.028709531881459333,0.08636363636363638
text,dinov2-base,mert-95m,0,nan,aggregate,0.0625,0.1675,0.2325,0.32,6,15,0.018000000000000002,0.26707786321640015,0.1980060601120586,0.10826735376086072,0.03672296764250396,0.1980060601120586,0.19055466226071782,0.20606392808962093,0.6260784439604461,0.36467121365230853,0.21744189226661895,0.38759736589986515,0.4086365516938272,0.126
text,dinov2-base,mert-95m,0,nan,heldout,0.045454545454545456,0.18181818181818182,0.2727272727272727,0.2727272727272727,2,15,0.018181818181818184,0.20287451148033142,0.7815617492594169,0.22993915895067688,0.20949263502454993,0.7815617492594169,0.7202930793319485,0.8542225614538861,0.5367982482700835,0.37829038714615193,0.1783646001134975,0.5367982482700835,0.35843364815658596,0.12727272727272732
random,dinov2-base,mert-95m,0,nan,aggregate,0.0,0.01,0.025,0.04,4,15,0.0125,-0.009900720790028572,0.11201777480958343,0.008106302227307903,0.0018137929033850736,0.11201777480958343,0.11072970383128207,0.11333616563604297,0.20074966403018457,0.2182743484366396,0.21744189226661895,0.38759736589986515,-0.016692228236434375,0.0785
random,dinov2-base,mert-95m,0,nan,heldout,0.0,0.0,0.0,0.0,1,15,0.009090909090909092,-0.15208593010902405,0.7478719856399714,-0.07121139981627897,-0.056338028169014086,0.7478719856399715,0.7202930793319483,0.77764688014274,0.14724611556741982,0.17666514409756673,0.1783646001134975,0.5367982482700835,-0.031118484546077685,0.05454545454545456
procrustes,dinov2-base,mert-95m,300,nan,aggregate,0.7275,0.7525,0.7625,0.77,4,15,0.029500000000000002,0.2467428296804428,0.18781891016751948,0.09057074636476245,0.030112300303803716,0.18781891016751948,0.1873897339681353,0.18825005675266115,0.3693601360857612,0.22100098696381396,0.21744189226661895,0.38759736589986515,0.15191824381914223,0.30125
procrustes,dinov2-base,mert-95m,300,nan,heldout,0.0,0.0,0.0,0.0,4,15,0.02727272727272728,0.4020409882068634,0.7412676791045911,0.024505726425614854,0.018691588785046728,0.741267679104591,0.6957087415151644,0.7932116583620897,0.24437840217864204,0.17811986645780345,0.1783646001134975,0.5367982482700835,0.06601380206514454,0.05
direct,dinov2-base,mert-95m,300,nan,aggregate,0.3725,0.4775,0.55,0.6125,2,15,0.09849999999999999,0.36238986253738403,0.20792930916000138,0.11681854898192821,0.04565732869974202,0.20792930916000138,0.1912974416113187,0.22772858985968916,0.32153798287132146,0.21963705700358258,0.21744189226661895,0.38759736589986515,0.10409609060470251,0.27425
direct,dinov2-base,mert-95m,300,nan,heldout,0.0,0.0,0.0,0.0,3,15,0.1,0.40476101636886597,0.742049339789965,0.1640305475052107,0.10764872521246459,0.742049339789965,0.6678711274648819,0.8347637584379732,0.1650886722651263,0.1773373386674182,0.1783646001134975,0.5367982482700835,-0.0132759278483712,0.03636363636363637
c-transitive,dinov2-large,clap-fused,300,0.5,aggregate,0.2425,0.4425,0.545,0.625,7,15,0.024000000000000004,0.1943911612033844,0.2277743979150562,0.13472393522637835,0.048570853423079124,0.2277743979150562,0.2327153617740886,0.22303888302769515,0.3349146655227206,0.323594632699302,0.21744189226661895,0.38759736589986515,0.11747277325610164,0.2685
c-transitive,dinov2-large,clap-fused,300,0.5,heldout,0.03333333333333333,0.13333333333333333,0.23333333333333334,0.3,3,15,0.0,0.18522417545318604,0.7002583936531067,0.15468892854210425,0.09722222222222222,0.7002583936531068,0.6785488405523097,0.723403015285401,0.23466135734063975,0.2190581051048808,0.16725885402839208,0.5588590867256505,0.06740250331224767,0.19666666666666666
d,dinov2-large,clap-fused,0,0.7,aggregate,0.05,0.16,0.2375,0.355,6,15,0.036000000000000004,0.3813641667366028,0.2694662520570099,0.1814048641977828,0.07897465071205154,0.2694662520570099,0.275214362493289,0.2639533386792074,0.5290393542739575,0.49329929888380614,0.21744189226661895,0.38759736589986515,0.3115974620073386,0.18425
d,dinov2-large,clap-fused,0,0.7,heldout,0.2,0.26666666666666666,0.3,0.36666666666666664,5,15,0.020000000000000004,0.2702312171459198,0.6987316432084154,0.071547238880694,0.04580152671755725,0.6987316432084154,0.6959905394773056,0.7014944235519458,0.4811534936140895,0.43992253016385147,0.16725885402839208,0.5588590867256505,0.3138946395856974,0.21000000000000002
unsup,dinov2-large,clap-fused,0,1.0,aggregate,0.0125,0.04,0.075,0.125,5,15,0.0875,0.6213627457618713,0.35789417054560063,0.2803739637412574,0.11862831825814271,0.3578941705456006,0.36314693391928654,0.3527911984082414,0.3002300662779079,0.24394219321749572,0.21744189226661895,0.38759736589986515,0.08278817401128893,0.13525
unsup,dinov2-large,clap-fused,0,1.0,heldout,0.0,0.0,0.06666666666666667,0.16666666666666666,2,15,0.02666666666666667,0.3850244879722595,0.7111513428823104,0.19421588923359578,0.1812227074235808,0.7111513428823103,0.6847985260273596,0.7396135848470806,0.1856940052121315,0.17459682554830563,0.16725885402839208,0.5588590867256505,0.018435151183739423,0.08666666666666667
text,dinov2-large,clap-fused,0,nan,aggregate,0.0625,0.1675,0.2325,0.32,5,15,0.039,0.2793926000595093,0.2792090771797884,0.19402321403967412,0.07604141063525667,0.2792090771797884,0.27749719614523816,0.2809422105183293,0.6260784439604461,0.36467121365230853,0.21744189226661895,0.38759736589986515,0.4086365516938272,0.16524999999999998
text,dinov2-large,clap-fused,0,nan,heldout,0.13333333333333333,0.2,0.23333333333333334,0.3,5,15,0.04,0.27495822310447693,0.6760731284274397,0.0688347067324862,0.0625,0.6760731284274398,0.6583570887727507,0.6947689930917145,0.5588590867256505,0.32555640001118474,0.16725885402839208,0.5588590867256505,0.39160023269725847,0.13999999999999999
random,dinov2-large,clap-fused,0,nan,aggregate,0.0,0.01,0.025,0.04,0,15,0.016,0.0424080565571785,0.11496203719534256,0.008178230091251069,0.0031502569654314884,0.11496203719534256,0.11717517480751931,0.11283095079891987,0.20074966403018457,0.2182743484366396,0.21744189226661895,0.38759736589986515,-0.016692228236434375,0.06849999999999999
random,dinov2-large,clap-fused,0,nan,heldout,0.0,0.0,0.0,0.03333333333333333,3,15,0.006666666666666667,0.015023753046989441,0.6547716051765108,-0.05126678637284912,-0.03636363636363636,0.6547716051765108,0.6487613311551312,0.6608942816386523,0.16948454111282021,0.16732116376183503,0.16725885402839208,0.5588590867256505,0.002225687084428135,0.046666666666666676
procrustes,dinov2-large,clap-fused,300,nan,aggregate,0.7,0.75,0.7725,0.79,5,15,0.06849999999999999,0.34325921535491943,0.29196442312083193,0.20723838411991738,0.10463485303341553,0.29196442312083193,0.29674924773136957,0.2873314523049637,0.3706640797959295,0.24387947306873695,0.21744189226661895,0.38759736589986515,0.15322218752931058,0.35924999999999996
procrustes,dinov2-large,clap-fused,300,nan,heldout,0.0,0.03333333333333333,0.03333333333333333,0.03333333333333333,3,15,0.04,0.39458972215652466,0.7111513428823103,0.19421588923359576,0.1812227074235808,0.7111513428823102,0.6847985260273596,0.7396135848470804,0.24618339452961785,0.17671517302543968,0.16725885402839208,0.5588590867256505,0.07892454050122577,0.13333333333333333
direct,dinov2-large,clap-fused,300,nan,aggregate,0.66,0.725,0.745,0.765,3,15,0.07550000000000001,0.3528482913970947,0.277745737691889,0.1922498584368193,0.09902482585075409,0.277745737691889,0.2776728877606884,0.27781862585876504,0.3573859801994623,0.23673305088131819,0.21744189226661895,0.38759736589986515,0.13994408793284338,0.385
direct,dinov2-large,clap-fused,300,nan,heldout,0.0,0.0,0.0,0.03333333333333333,2,15,0.11333333333333336,0.3047793507575989,0.6503362396831409,0.1186399611123156,0.1322314049586777,0.6503362396831409,0.6068651240231522,0.7005157614272285,0.18062103002678126,0.17516831976009797,0.16725885402839208,0.5588590867256505,0.01336217599838918,0.09333333333333332
c-transitive,dinov2-large,clap-larger,300,0.5,aggregate,0.3375,0.555,0.645,0.7275,7,15,0.0355,0.17406491935253143,0.21423921196035262,0.11989399868840113,0.06135604814052141,0.21423921196035262,0.21787155808736636,0.2107259963600285,0.35265552424729285,0.3335921433491011,0.21744189226661895,0.38759736589986515,0.1352136319806739,0.2675
c-transitive,dinov2-large,clap-larger,300,0.5,heldout,0.0,0.1935483870967742,0.25806451612903225,0.3225806451612903,1,15,0.0064516129032258064,0.017146959900856018,0.6547647528768477,0.026278685209048497,0.011558389796731766,0.6547647528768477,0.6541692608326569,0.6553613300648787,0.23838832797082699,0.21713911876990225,0.16696818418327247,0.5462521924334325,0.07142014378755451,0.16451612903225804
d,dinov2-large,clap-larger,0,0.7,aggregate,0.0625,0.165,0.2375,0.3625,7,15,0.038500000000000006,0.33034592866897583,0.25820252411634115,0.16888663506053198,0.0799222193910642,0.2582025241163412,0.26303532388437134,0.25354410831964297,0.5289400893490286,0.4931057332105277,0.21744189226661895,0.38759736589986515,0.31149819708240967,0.18125
d,dinov2-large,clap-larger,0,0.7,heldout,0.0967741935483871,0.1935483870967742,0.1935483870967742,0.3225806451612903,5,15,0.025806451612903226,0.2190677523612976,0.6301539086537812,0.005940669003324694,-0.002958032908116103,0.6301539086537812,0.6182696638841888,0.6425039801708234,0.43737709289124155,0.42096823554821594,0.16696818418327247,0.5462521924334325,0.2704089087079691,0.21290322580645157
unsup,dinov2-large,clap-larger,0,1.0,aggregate,0.005,0.0275,0.04,0.0825,1,15,0.10350000000000001,0.6511945724487305,0.42568699098696483,0.3572248959411099,0.17868953111718072,0.4256869909869648,0.4302992874645323,0.421172522571847,0.2551713470911722,0.23467359344080144,0.21744189226661895,0.38759736589986515,0.03772945482455323,0.09675
unsup,dinov2-large,clap-larger,0,1.0,heldout,0.03225806451612903,0.06451612903225806,0.06451612903225806,0.0967741935483871,0,15,0.0064516129032258064,0.3839133083820343,0.6064617923136704,0.062097140206058915,0.034487997569127925,0.6064617923136703,0.5660629365485711,0.6530701937060712,0.14815429260212853,0.15619511887526966,0.16696818418327247,0.5462521924334325,-0.018813891581143938,0.06451612903225806
text,dinov2-large,clap-larger,0,nan,aggregate,0.0625,0.1675,0.2325,0.32,3,15,0.0245,0.25355586409568787,0.28335938088312784,0.19699196039774386,0.07055546802380322,0.2833593808831279,0.2782421973966205,0.28866831221769723,0.6260784439604461,0.36467121365230853,0.21744189226661895,0.38759736589986515,0.4086365516938272,0.17725000000000002
text,dinov2-large,clap-larger,0,nan,heldout,0.06451612903225806,0.16129032258064516,0.1935483870967742,0.2903225806451613,5,15,0.025806451612903226,0.084551602602005,0.6424406585995361,-0.00822765936796987,-0.0075302809647284485,0.642440658599536,0.6446489713430091,0.6402474238192953,0.5462521924334325,0.4809899289829994,0.16696818418327247,0.5462521924334325,0.37928400825016,0.15806451612903225
random,dinov2-large,clap-larger,0,nan,aggregate,0.0,0.01,0.025,0.04,2,15,0.014000000000000002,0.03520915284752846,0.1113189464587985,0.004423390316065864,0.001656461590842097,0.11131894645879852,0.11351342941333359,0.10920770336814473,0.20074966403018457,0.2182743484366396,0.21744189226661895,0.38759736589986515,-0.016692228236434375,0.06575
random,dinov2-large,clap-larger,0,nan,heldout,0.0,0.0,0.0,0.03225806451612903,5,15,0.025806451612903226,0.07033494114875793,0.585783606459209,-0.08725572643732614,-0.057085122505683254,0.5857836064592091,0.5717929740640698,0.6004760566137728,0.1318930289195276,0.164421626899362,0.16696818418327247,0.5462521924334325,-0.035075155263744884,0.07096774193548387
procrustes,dinov2-large,clap-larger,300,nan,aggregate,0.7125,0.7575,0.775,0.795,4,15,0.068,0.3354109525680542,0.29278531966279664,0.2084370567734154,0.1038210872066188,0.29278531966279664,0.29712658233012884,0.28856908898053024,0.37286082532228076,0.24061485435439237,0.21744189226661895,0.38759736589986515,0.15541893305566182,0.38425000000000004
procrustes,dinov2-large,clap-larger,300,nan,heldout,0.0,0.0,0.03225806451612903,0.0967741935483871,3,15,0.06451612903225806,0.16459375619888306,0.6195602117978336,-0.0762485486883579,-0.0502192108409725,0.6195602117978336,0.6195602117978336,0.6195602117978336,0.23157299871710044,0.1556667114350171,0.16696818418327247,0.5462521924334325,0.06460481453382796,0.16774193548387095
direct,dinov2-large,clap-larger,300,nan,aggregate,0.6625,0.7425,0.77,0.78,3,15,0.0655,0.3305032551288605,0.2703948747859631,0.18472708415381006,0.08602654993182501,0.2703948747859631,0.27153305764325897,0.2692661939224548,0.36423071009506847,0.23389481743596427,0.21744189226661895,0.38759736589986515,0.14678881782844952,0.44525
direct,dinov2-large,clap-larger,300,nan,heldout,0.0,0.0,0.0,0.0,4,15,0.05161290322580645,0.23619917035102844,0.6349508929627361,0.09102174904617191,0.04862197617041762,0.6349508929627361,0.6082209727035396,0.6641382496143229,0.2087665597656251,0.1681876944467221,0.16696818418327247,0.5462521924334325,0.04179837558235264,0.1548387096774194
c-transitive,dinov2-large,clap-unfused,300,0.5,aggregate,0.2575,0.45,0.5475,0.62,10,15,0.034,0.1964486837387085,0.21575096448851694,0.12117546155039771,0.045755908761605596,0.21575096448851694,0.22023912646941365,0.21144207399801798,0.3404430224136638,0.32957817118923816,0.21744189226661895,0.38759736589986515,0.12300113014704486,0.30975
c-transitive,dinov2-large,clap-unfused,300,0.5,heldout,0.0,0.07692307692307693,0.11538461538461539,0.19230769230769232,6,15,0.015384615384615385,0.13891437649726868,0.7006893593715773,-0.026969926394152716,-0.020994559803846447,0.7006893593715773,0.6900434636809145,0.7116688891533709,0.2291752531147065,0.22342328703133674,0.19141408909275995,0.5619198263813345,0.03776116402194654,0.19999999999999998
d,dinov2-large,clap-unfused,0,0.7,aggregate,0.0525,0.165,0.245,0.345,7,15,0.036000000000000004,0.3732109069824219,0.2743649387793158,0.18693496117768924,0.07536568442390185,0.27436493877931584,0.2798248888268477,0.26911398024103594,0.5311052449923133,0.49268314097772403,0.21744189226661895,0.38759736589986515,0.31366335272569434,0.1985
d,dinov2-large,clap-unfused,0,0.7,heldout,0.15384615384615385,0.23076923076923078,0.23076923076923078,0.23076923076923078,5,15,0.02307692307692308,0.3558523654937744,0.716170889481159,0.09733738676010574,0.059964726631393295,0.716170889481159,0.6900434636809146,0.7443547270563815,0.48907139894608626,0.44958738100285167,0.19141408909275995,0.5619198263813345,0.2976573098533263,0.16923076923076924
unsup,dinov2-large,clap-unfused,0,1.0,aggregate,0.015,0.0575,0.0875,0.1475,3,15,0.10800000000000001,0.6361814141273499,0.3884778776816107,0.3152130632056117,0.16714100592408468,0.3884778776816107,0.3877238316296822,0.38923486238906024,0.27157877618612225,0.2547620998122137,0.21744189226661895,0.38759736589986515,0.054136883919503304,0.12525
unsup,dinov2-large,clap-unfused,0,1.0,heldout,0.038461538461538464,0.038461538461538464,0.038461538461538464,0.11538461538461539,1,15,0.06153846153846154,0.39814046025276184,0.6644966976694224,0.10080177479508345,0.12497195422930223,0.6644966976694224,0.6048888597926242,0.7371366939876166,0.22092979333483537,0.20072948367080198,0.19141408909275995,0.5619198263813345,0.02951570424207542,0.10384615384615385
text,dinov2-large,clap-unfused,0,nan,aggregate,0.0625,0.1675,0.2325,0.32,5,15,0.025500000000000002,0.2981696128845215,0.2704614543284412,0.18136214400253145,0.060882576812986984,0.27046145432844115,0.2661091294852001,0.2749585145230097,0.6260784439604461,0.36467121365230853,0.21744189226661895,0.38759736589986515,0.4086365516938272,0.18875
text,dinov2-large,clap-unfused,0,nan,heldout,0.11538461538461539,0.15384615384615385,0.15384615384615385,0.19230769230769232,3,15,0.007692307692307693,0.20863750576972961,0.7439235380765999,0.12137161344949399,0.07861466554287028,0.7439235380766,0.73262076562506,0.7555805306260728,0.5619198263813345,0.37246397916229296,0.19141408909275995,0.5619198263813345,0.3705057372885746,0.15384615384615385
random,dinov2-large,clap-unfused,0,nan,aggregate,0.0,0.01,0.025,0.04,1,15,0.0125,0.020221073180437088,0.11401849972893524,0.007927977855830248,-0.00010484940207353243,0.11401849972893525,0.11547275841829087,0.11260041519997266,0.20074966403018457,0.2182743484366396,0.21744189226661895,0.38759736589986515,-0.016692228236434375,0.06675
random,dinov2-large,clap-unfused,0,nan,heldout,0.0,0.0,0.0,0.038461538461538464,2,15,0.007692307692307693,-0.16094139218330383,0.6361609566169125,-0.05339768956539556,-0.03875349580503396,0.6361609566169124,0.5968535915142553,0.6810107104153293,0.18273147266172415,0.19009712928705966,0.19141408909275995,0.5619198263813345,-0.008682616431035795,0.06153846153846155
procrustes,dinov2-large,clap-unfused,300,nan,aggregate,0.6825,0.75,0.7625,0.7925,4,15,0.08149999999999999,0.37312841415405273,0.30423281567574184,0.2202440092086543,0.09649339340382354,0.30423281567574184,0.30750362125378267,0.3010308585498623,0.37484173374882246,0.25375619663260296,0.21744189226661895,0.38759736589986515,0.1573998414822035,0.36825
procrustes,dinov2-large,clap-unfused,300,nan,heldout,0.0,0.07692307692307693,0.07692307692307693,0.07692307692307693,4,15,0.02307692307692308,0.42491614818573,0.7466051134655972,0.19412744505787044,0.15167548500881833,0.7466051134655972,0.7193673829313563,0.7759866445495949,0.267748835025865,0.20829846104759617,0.19141408909275995,0.5619198263813345,0.07633474593310505,0.2
direct,dinov2-large,clap-unfused,300,nan,aggregate,0.61,0.7075,0.73,0.7725,4,15,0.0925,0.3932715058326721,0.2890527405554118,0.20421450420312093,0.09734392584128154,0.28905274055541186,0.28838166163175394,0.28972695003420984,0.36454826473228913,0.2413852114510779,0.21744189226661895,0.38759736589986515,0.14710637246567018,0.41825
direct,dinov2-large,clap-unfused,300,nan,heldout,0.0,0.0,0.0,0.07692307692307693,3,15,0.06923076923076923,0.4536364674568176,0.6254118957758702,-0.006489830675720526,0.010331702011963024,0.6254118957758702,0.5688384246157886,0.6944810788424947,0.22427594204726817,0.20483817021619888,0.19141408909275995,0.5619198263813345,0.03286185295450822,0.16538461538461538
c-transitive,dinov2-large,mert-330m,300,0.5,aggregate,0.075,0.1775,0.2525,0.3275,5,15,0.0165,0.14071233570575714,0.19687866649306124,0.09999209714295672,0.0352459756202441,0.19687866649306124,0.20108676124765326,0.19284308518384682,0.30602292199304965,0.2874670651496834,0.21744189226661895,0.38759736589986515,0.0885810297264307,0.18125
c-transitive,dinov2-large,mert-330m,300,0.5,heldout,0.0,0.038461538461538464,0.07692307692307693,0.11538461538461539,2,15,0.02307692307692308,0.06922360509634018,0.723459027620921,0.16113431704836728,0.10632447296058661,0.7234590276209211,0.6897136290921904,0.7606763989337137,0.19279515770155564,0.23461940767337233,0.19460491369210678,0.5783881885624559,-0.0018097559905511373,0.10769230769230768
d,dinov2-large,mert-330m,0,0.7,aggregate,0.045,0.1475,0.2225,0.335,4,15,0.0285,0.35601645708084106,0.20010644916050768,0.10404387103201906,0.03430040232135767,0.20010644916050765,0.20324586990433016,0.19706253873697774,0.5340590766401799,0.49119225492171315,0.21744189226661895,0.38759736589986515,0.316617184373561,0.12875
d,dinov2-large,mert-330m,0,0.7,heldout,0.038461538461538464,0.19230769230769232,0.19230769230769232,0.38461538461538464,2,15,0.03076923076923077,0.44017377495765686,0.7623498740503198,0.14300978083548005,0.10017618927762396,0.76234987405032,0.7627554943998008,0.7619446848755012,0.4972146981428655,0.45915796523411717,0.19460491369210678,0.5783881885624559,0.3026097844507587,0.08076923076923077
unsup,dinov2-large,mert-330m,0,1.0,aggregate,0.01,0.0375,0.06,0.095,3,15,0.1275,0.6545253992080688,0.40089260112391767,0.3322864721321607,0.15255529326755912,0.40089260112391767,0.39305979422632414,0.40904393640043096,0.2509805829172499,0.2366023781651338,0.21744189226661895,0.38759736589986515,0.03353869065063095,0.13075
unsup,dinov2-large,mert-330m,0,1.0,heldout,0.0,0.0,0.038461538461538464,0.038461538461538464,1,15,0.06153846153846154,0.6563007831573486,0.72725472006381,0.1316757910944956,0.11691268267606668,0.72725472006381,0.7029811151310977,0.7532645895510639,0.2030097507959337,0.20277640178484665,0.19460491369210678,0.5783881885624559,0.008404837103826918,0.06538461538461539
text,dinov2-large,mert-330m,0,nan,aggregate,0.0625,0.1675,0.2325,0.32,3,15,0.017,0.24687886238098145,0.19271991248690504,0.10078902085773774,0.03081181963495376,0.19271991248690507,0.18372792034785004,0.20263736882164862,0.6260784439604461,0.36467121365230853,0.21744189226661895,0.38759736589986515,0.4086365516938272,0.13574999999999998
text,dinov2-large,mert-330m,0,nan,heldout,0.038461538461538464,0.07692307692307693,0.19230769230769232,0.34615384615384615,3,15,0.007692307692307693,0.2822282910346985,0.6265838445186177,-0.029320386495265364,-0.022899934881701757,0.6265838445186176,0.5746674108156137,0.6888123243255843,0.5783881885624559,0.46856612082810606,0.19460491369210678,0.5783881885624559,0.38378327487034913,0.12307692307692307
random,dinov2-large,mert-330m,0,nan,aggregate,0.0,0.01,0.025,0.04,1,15,0.017,0.035893507301807404,0.10944734869911606,0.003042629691737661,0.0005368076888318848,0.10944734869911607,0.11041676905750016,0.1084948025301836,0.20074966403018457,0.2182743484366396,0.21744189226661895,0.38759736589986515,-0.016692228236434375,0.076
random,dinov2-large,mert-330m,0,nan,heldout,0.0,0.0,0.038461538461538464,0.038461538461538464,3,15,0.0,-0.08105511218309402,0.7410499021371192,0.06619994315857024,0.04564141287020723,0.7410499021371192,0.7414441894984992,0.7406560339034287,0.11803259104774923,0.19033602991179777,0.19460491369210678,0.5783881885624559,-0.07657232264435755,0.09615384615384617
procrustes,dinov2-large,mert-330m,300,nan,aggregate,0.6975,0.7325,0.75,0.7675,3,15,0.0275,0.2906462252140045,0.24176152534053194,0.15019162608236877,0.06036728338712821,0.24176152534053197,0.24582638732474094,0.23782890570571588,0.37066069505763166,0.22319719919718675,0.21744189226661895,0.38759736589986515,0.15321880279101271,0.30450000000000005
procrustes,dinov2-large,mert-330m,300,nan,heldout,0.038461538461538464,0.038461538461538464,0.038461538461538464,0.038461538461538464,4,15,0.03076923076923077,0.30868569016456604,0.7697766687313313,0.2206144687729917,0.178223890889587,0.7697766687313313,0.7564676954819753,0.7835623336043015,0.25249760652134295,0.17597253377162894,0.19460491369210678,0.5783881885624559,0.057892692829236175,0.11538461538461539
direct,dinov2-large,mert-330m,300,nan,aggregate,0.2825,0.425,0.49,0.56,2,15,0.098,0.4292406439781189,0.22539270022843957,0.13599935869788285,0.051111554416728204,0.2253927002284396,0.21480561821694127,0.2370774916604523,0.30687611685138777,0.18617033037053068,0.21744189226661895,0.38759736589986515,0.08943422458476882,0.305
direct,dinov2-large,mert-330m,300,nan,heldout,0.0,0.0,0.038461538461538464,0.038461538461538464,1,15,0.06923076923076923,0.38461026549339294,0.6565007923784018,0.10691930141938902,0.07272915910151995,0.6565007923784016,0.5907550485404014,0.7387129218369849,0.21719167535681666,0.19363619075088206,0.19460491369210678,0.5783881885624559,0.02258676166470988,0.23076923076923078
c-transitive,dinov2-large,mert-95m,300,0.5,aggregate,0.135,0.2725,0.3475,0.4675,5,15,0.0195,0.14934542775154114,0.16710184575701326,0.06817496130829878,0.019629514508057087,0.16710184575701326,0.16902459101618322,0.16522235299199983,0.30068229751785225,0.2935432274431603,0.21744189226661895,0.38759736589986515,0.0832404052512333,0.183
c-transitive,dinov2-large,mert-95m,300,0.5,heldout,0.0,0.037037037037037035,0.07407407407407407,0.14814814814814814,2,15,0.0,0.090591661632061,0.7522233704246912,0.20693861278533873,0.18320287708906283,0.7522233704246912,0.7238725016387891,0.7828855167408652,0.26487941774003,0.2595064082320331,0.20580772396630892,0.5988970111921595,0.05907169377372107,0.11481481481481481
d,dinov2-large,mert-95m,0,0.7,aggregate,0.0475,0.145,0.23,0.335,6,15,0.0175,0.3834623694419861,0.19887185109849043,0.10360307115308123,0.039236257678510356,0.1988718510984904,0.2005559595834146,0.197215790679571,0.5320826957786845,0.49142029056096087,0.21744189226661895,0.38759736589986515,0.3146408035120656,0.1275
d,dinov2-large,mert-95m,0,0.7,heldout,0.1111111111111111,0.18518518518518517,0.25925925925925924,0.2962962962962963,3,15,0.0,0.5395963788032532,0.722732801270787,0.16410122387133141,0.11785714285714285,0.7227328012707868,0.6837227732869173,0.7664636364494545,0.5267633713784993,0.48853807829289825,0.20580772396630892,0.5988970111921595,0.32095564741219035,0.11851851851851854
unsup,dinov2-large,mert-95m,0,1.0,aggregate,0.005,0.015,0.0325,0.0525,1,15,0.096,0.6338881254196167,0.32724116133022113,0.2491989104971098,0.10909626485184538,0.32724116133022113,0.3130460378009332,0.34278479358000497,0.22408619442222252,0.22537389946625397,0.21744189226661895,0.38759736589986515,0.006644302155603576,0.07375
unsup,dinov2-large,mert-95m,0,1.0,heldout,0.0,0.0,0.0,0.0,0,15,0.06666666666666667,0.6290388107299805,0.7833962597769119,0.3452541631358806,0.3139506474468605,0.7833962597769119,0.7392860481312746,0.8331042228670157,0.19238722915174186,0.21092665373027156,0.20580772396630892,0.5988970111921595,-0.013420494814567058,0.07777777777777778
text,dinov2-large,mert-95m,0,nan,aggregate,0.0625,0.1675,0.2325,0.32,6,15,0.024000000000000004,0.25589168071746826,0.20985423654835644,0.12132252596363123,0.033987611885615734,0.20985423654835644,0.204843477873147,0.2151162824262018,0.6260784439604461,0.36467121365230853,0.21744189226661895,0.38759736589986515,0.4086365516938272,0.126
text,dinov2-large,mert-95m,0,nan,heldout,0.07407407407407407,0.14814814814814814,0.2222222222222222,0.2962962962962963,2,15,0.007407407407407408,0.33696430921554565,0.7105011556505328,0.06146058600129754,0.06751765696883302,0.7105011556505328,0.6837227732869172,0.739462620089038,0.5988970111921595,0.39650428864094195,0.20580772396630892,0.5988970111921595,0.3930892872258506,0.13703703703703707
random,dinov2-large,mert-95m,0,nan,aggregate,0.0,0.01,0.025,0.04,2,15,0.016,0.006641088053584099,0.10292780231112461,-0.0023557715273254385,-0.002105630904156436,0.1029278023111246,0.10324003032587757,0.10261745713958065,0.20074966403018457,0.2182743484366396,0.21744189226661895,0.38759736589986515,-0.016692228236434375,0.0785
random,dinov2-large,mert-95m,0,nan,heldout,0.0,0.0,0.0,0.0,3,15,0.0,0.025760076940059662,0.6646029712275213,-0.034427746710704116,-0.025403277022735933,0.6646029712275212,0.6313345952145732,0.7015725589357774,0.16570240171416675,0.20484804794507383,0.20580772396630892,0.5988970111921595,-0.04010532225214217,0.0888888888888889
procrustes,dinov2-large,mert-95m,300,nan,aggregate,0.7275,0.755,0.7575,0.775,5,15,0.022000000000000002,0.27660074830055237,0.19034558330989762,0.0945888714269751,0.034169441845023005,0.19034558330989762,0.1922783586982703,0.18845127760782246,0.3643910972760096,0.22124713464473011,0.21744189226661895,0.38759736589986515,0.14694920500939065,0.3165
procrustes,dinov2-large,mert-95m,300,nan,heldout,0.0,0.037037037037037035,0.07407407407407407,0.14814814814814814,3,15,0.014814814814814815,0.27293938398361206,0.7127628308524673,0.0561930482010747,0.04190335669494651,0.7127628308524674,0.6912999053239389,0.7356011870787271,0.27724468274732716,0.20721318313751697,0.20580772396630892,0.5988970111921595,0.07143695878101824,0.2296296296296296
direct,dinov2-large,mert-95m,300,nan,aggregate,0.47,0.5675,0.605,0.6425,3,15,0.085,0.37533414363861084,0.2149019650828641,0.12240881145134855,0.05943891129924868,0.21490196508286413,0.20570005788186907,0.2249657134344483,0.32080375066656286,0.1769312914954523,0.21744189226661895,0.38759736589986515,0.10336185839994391,0.29774999999999996
direct,dinov2-large,mert-95m,300,nan,heldout,0.0,0.0,0.0,0.0,1,15,0.18518518518518523,0.3513909578323364,0.5112841325325843,0.08466944190359423,0.03718378543127095,0.5112841325325843,0.398595743907321,0.7128032049185412,0.1902245291361771,0.20516850385833527,0.20580772396630892,0.5988970111921595,-0.015583194830131819,0.15185185185185185
c-transitive,dinov2-small,clap-fused,300,0.5,aggregate,0.2375,0.4375,0.5325,0.605,11,15,0.019000000000000003,0.20311574637889862,0.21239879044612214,0.11832274644069873,0.04832350925158666,0.21239879044612217,0.21302017393516523,0.21178102158566642,0.3384248787817603,0.3211111816129845,0.21744189226661895,0.38759736589986515,0.12098298651514136,0.26525000000000004
c-transitive,dinov2-small,clap-fused,300,0.5,heldout,0.03225806451612903,0.0967741935483871,0.1935483870967742,0.22580645161290322,2,15,0.0064516129032258064,0.12540751695632935,0.6024419227557625,-0.06191139577566467,-0.04311251314405889,0.6024419227557625,0.581014274423648,0.625510582833464,0.26600121859009995,0.24331876261979718,0.1805782744255035,0.5594997548009211,0.08542294416459645,0.12903225806451613
d,dinov2-small,clap-fused,0,0.7,aggregate,0.05,0.155,0.235,0.355,10,15,0.04050000000000001,0.3972912132740021,0.24644684536924835,0.15640100972376966,0.07109115287478132,0.2464468453692483,0.2473459654214053,0.2455542383714517,0.528730209422832,0.4918321671408495,0.21744189226661895,0.38759736589986515,0.3112883171562131,0.1825
d,dinov2-small,clap-fused,0,0.7,heldout,0.12903225806451613,0.1935483870967742,0.25806451612903225,0.3225806451612903,6,15,0.0064516129032258064,0.3712652027606964,0.6706302239628954,0.08885174468003522,0.054679284963196635,0.6706302239628954,0.6530382580953967,0.6891962367856393,0.4718176584460932,0.4408954146997367,0.1805782744255035,0.5594997548009211,0.2912393840205897,0.18387096774193548
unsup,dinov2-small,clap-fused,0,1.0,aggregate,0.0075,0.035,0.0625,0.125,6,15,0.08850000000000001,0.6281492114067078,0.366750459705584,0.2909961335261595,0.1569378748069776,0.366750459705584,0.3666702811455081,0.3668306733380825,0.2874310898278565,0.24942785572320797,0.21744189226661895,0.38759736589986515,0.06998919756123753,0.13025
unsup,dinov2-small,clap-fused,0,1.0,heldout,0.0,0.03225806451612903,0.06451612903225806,0.25806451612903225,5,15,0.025806451612903226,0.37129080295562744,0.6503710339538669,0.0869214533265036,0.0687984496124031,0.6503710339538669,0.6205692673828862,0.683179551199286,0.20914959155795937,0.19864573042117725,0.1805782744255035,0.5594997548009211,0.028571317132455865,0.16129032258064516
text,dinov2-small,clap-fused,0,nan,aggregate,0.0625,0.1675,0.2325,0.32,3,15,0.03950000000000001,0.29200828075408936,0.2610771077184593,0.17416577506185665,0.06794726039157965,0.2610771077184593,0.2551110051697982,0.2673289426200337,0.6260784439604461,0.36467121365230853,0.21744189226661895,0.38759736589986515,0.4086365516938272,0.16524999999999998
text,dinov2-small,clap-fused,0,nan,heldout,0.03225806451612903,0.0967741935483871,0.16129032258064516,0.22580645161290322,6,15,0.03225806451612903,0.39546459913253784,0.6602369866855977,0.025227967339411867,0.03793103448275862,0.6602369866855977,0.6521502545828559,0.6685267895533153,0.5594997548009211,0.3458670128442075,0.1805782744255035,0.5594997548009211,0.37892148037541756,0.1483870967741935
random,dinov2-small,clap-fused,0,nan,aggregate,0.0,0.01,0.025,0.04,1,15,0.0105,0.03185373544692993,0.10440063836500235,-0.0027855320588598504,0.00013338211653115214,0.10440063836500235,0.10457508932695173,0.10422676846790618,0.20074966403018457,0.2182743484366396,0.21744189226661895,0.38759736589986515,-0.016692228236434375,0.06849999999999999
random,dinov2-small,clap-fused,0,nan,heldout,0.0,0.03225806451612903,0.03225806451612903,0.0967741935483871,3,15,0.019354838709677424,-0.06963469088077545,0.6086021880854152,-0.10549927405347634,-0.07248764415156507,0.6086021880854153,0.5973328946246673,0.6203048712835646,0.16907710332106746,0.18011237518249804,0.1805782744255035,0.5594997548009211,-0.011501171104436048,0.0774193548387097
procrustes,dinov2-small,clap-fused,300,nan,aggregate,0.69,0.7375,0.7575,0.785,6,15,0.060500000000000005,0.34589773416519165,0.2820838188816271,0.19621449296903312,0.09680448038488587,0.28208381888162715,0.28119127890684253,0.2829820429890598,0.370412727674066,0.24013268683027658,0.21744189226661895,0.38759736589986515,0.15297083540744708,0.33475
procrustes,dinov2-small,clap-fused,300,nan,heldout,0.0,0.06451612903225806,0.0967741935483871,0.12903225806451613,6,15,0.012903225806451613,0.3955536484718323,0.683756519028587,0.1328740832085651,0.1441717791411043,0.6837565190285869,0.6632217918256161,0.7056034712459137,0.2659551586140612,0.1752180626674997,0.1805782744255035,0.5594997548009211,0.08537688418855771,0.2
direct,dinov2-small,clap-fused,300,nan,aggregate,0.525,0.655,0.7175,0.7525,5,15,0.09949999999999999,0.40321099758148193,0.2910112111194776,0.2062926277952611,0.09990641648215728,0.2910112111194776,0.2833329799251828,0.2991171892293939,0.35749848736506723,0.22539451852587014,0.21744189226661895,0.38759736589986515,0.14005659509844828,0.35325
direct,dinov2-small,clap-fused,300,nan,heldout,0.0,0.03225806451612903,0.03225806451612903,0.03225806451612903,2,15,0.04516129032258064,0.37270593643188477,0.6284732166978558,0.0035398675970499476,0.019699326075686883,0.6284732166978558,0.6063987307730324,0.6522155537623211,0.27812204493678516,0.0774328475609887,0.1805782744255035,0.5594997548009211,0.09754377051128166,0.15483870967741936
c-transitive,dinov2-small,clap-larger,300,0.5,aggregate,0.3325,0.525,0.61,0.69,10,15,0.038500000000000006,0.1879870742559433,0.22704785183928525,0.13501739017555758,0.05203215542042483,0.22704785183928522,0.22657264399701224,0.22752505724948466,0.3462255021098325,0.33041422035245765,0.21744189226661895,0.38759736589986515,0.12878360984321355,0.2615
c-transitive,dinov2-small,clap-larger,300,0.5,heldout,0.04,0.16,0.2,0.24,4,15,0.008,0.20351144671440125,0.7849431742224094,0.22522713514190204,0.14990859232175502,0.7849431742224096,0.7708835447159887,0.7995251793511785,0.2618196254467298,0.23779836075118665,0.1747011942491821,0.5352512445368146,0.08711843119754772,0.19599999999999998
d,dinov2-small,clap-larger,0,0.7,aggregate,0.055,0.1525,0.24,0.3525,7,15,0.04050000000000001,0.35679420828819275,0.25062877654697785,0.16104336342389192,0.0782313223249833,0.2506287765469778,0.2508097551181317,0.25044805896747674,0.5249423258779702,0.49173511272728887,0.21744189226661895,0.38759736589986515,0.30750043361135126,0.17550000000000004
d,dinov2-small,clap-larger,0,0.7,heldout,0.12,0.16,0.24,0.36,5,15,0.008,0.16861632466316223,0.7373944575796908,0.05883789081585032,0.03571428571428571,0.7373944575796909,0.7227028364908864,0.752695797061429,0.43901777034059797,0.4069840353106878,0.1747011942491821,0.5352512445368146,0.2643165760914159,0.19599999999999998
unsup,dinov2-small,clap-larger,0,1.0,aggregate,0.0075,0.0175,0.035,0.0575,1,15,0.10850000000000001,0.6631737947463989,0.404505158023892,0.3335253779540564,0.17275606027768417,0.40450515802389203,0.39847682602384404,0.4107186903101238,0.26471610053019584,0.23491374480769928,0.21744189226661895,0.38759736589986515,0.047274208263576895,0.07550000000000001
unsup,dinov2-small,clap-larger,0,1.0,heldout,0.0,0.0,0.08,0.12,1,15,0.048,0.37545719742774963,0.7369783788565568,0.2470744824770971,0.18674698795180722,0.7369783788565569,0.678546209718493,0.8064224527951749,0.18258948975558975,0.18010855474222487,0.1747011942491821,0.5352512445368146,0.007888295506407655,0.11199999999999999
text,dinov2-small,clap-larger,0,nan,aggregate,0.0625,0.1675,0.2325,0.32,6,15,0.0315,0.27185073494911194,0.2465045626841432,0.15578043580032508,0.05478166561948651,0.2465045626841432,0.23803075822110423,0.25560396668492036,0.6260784439604461,0.36467121365230853,0.21744189226661895,0.38759736589986515,0.4086365516938272,0.17725000000000002
text,dinov2-small,clap-larger,0,nan,heldout,0.0,0.16,0.24,0.28,3,15,0.016,0.3087954819202423,0.7569901059078311,0.24182892352324153,0.23963133640552994,0.7569901059078313,0.7132670844960695,0.8064235882340456,0.5352512445368146,0.5505399905455309,0.1747011942491821,0.5352512445368146,0.36055005028763254,0.14800000000000002
random,dinov2-small,clap-larger,0,nan,aggregate,0.0,0.01,0.025,0.04,3,15,0.009500000000000001,0.023428089916706085,0.08485299310893271,-0.024287685680162215,-0.008720177117975588,0.08485299310893271,0.08503269152057091,0.08467405260395976,0.20074966403018457,0.2182743484366396,0.21744189226661895,0.38759736589986515,-0.016692228236434375,0.06575
random,dinov2-small,clap-larger,0,nan,heldout,0.0,0.0,0.0,0.04,2,15,0.016,-0.02353198640048504,0.7210240349184589,-0.013247096229188552,-0.011235955056179775,0.7210240349184589,0.7100602750995068,0.732331678669716,0.15013303300763411,0.17339738787641565,0.1747011942491821,0.5352512445368146,-0.02456816124154798,0.068
procrustes,dinov2-small,clap-larger,300,nan,aggregate,0.715,0.75,0.775,0.8,7,15,0.06799999999999999,0.32745182514190674,0.2850812470779338,0.19967234043985763,0.09143634088272223,0.2850812470779338,0.2846828387412953,0.28548077210747363,0.37925240822698164,0.23774522361085493,0.21744189226661895,0.38759736589986515,0.1618105159603627,0.34950000000000003
procrustes,dinov2-small,clap-larger,300,nan,heldout,0.0,0.04,0.08,0.24,6,15,0.04,0.3939117193222046,0.6989626707414831,0.035531065762652345,0.0196078431372549,0.6989626707414831,0.6648012177543404,0.7368251427109082,0.2652836305109176,0.1643305722965807,0.1747011942491821,0.5352512445368146,0.09058243626173548,0.256
direct,dinov2-small,clap-larger,300,nan,aggregate,0.5775,0.6875,0.715,0.765,4,15,0.0795,0.37529456615448,0.27890516481203803,0.19338402044012049,0.10126815505448135,0.278905164812038,0.27494600793851126,0.28298000938840046,0.3679233515812362,0.23077679611529958,0.21744189226661895,0.38759736589986515,0.15048145931461723,0.37075
direct,dinov2-small,clap-larger,300,nan,heldout,0.0,0.04,0.04,0.08,3,15,0.008,0.2381674349308014,0.6799563272713054,0.09120590186362908,0.07407407407407407,0.6799563272713055,0.6217470215547197,0.7501908202177027,0.2699566665827242,0.18034288091414508,0.1747011942491821,0.5352512445368146,0.09525547233354212,0.19599999999999998
c-transitive,dinov2-small,clap-unfused,300,0.5,aggregate,0.2425,0.425,0.5175,0.5975,10,15,0.037000000000000005,0.20200671255588531,0.2091221955663178,0.11464197408129038,0.045680338627348945,0.20912219556631784,0.2094904021389042,0.20875528106443492,0.34077516920530565,0.32731391407846144,0.21744189226661895,0.38759736589986515,0.1233332769386867,0.29350000000000004
c-transitive,dinov2-small,clap-unfused,300,0.5,heldout,0.07142857142857142,0.07142857142857142,0.14285714285714285,0.14285714285714285,3,15,0.021428571428571432,0.12537500262260437,0.6317139293190304,-0.036873757776651646,-0.027972027972027972,0.6317139293190305,0.5938325749643626,0.6747575963174954,0.2200486333473533,0.2283471800695677,0.18649790715941436,0.5353957183744474,0.033550726187938945,0.17142857142857146
d,dinov2-small,clap-unfused,0,0.7,aggregate,0.05,0.1675,0.2475,0.3525,6,15,0.0415,0.40409770607948303,0.25029014646487074,0.160750772846535,0.07451714454438464,0.25029014646487074,0.2510128795667958,0.24957156329732397,0.5252084373624862,0.49076531769971155,0.21744189226661895,0.38759736589986515,0.3077665450958673,0.19899999999999998
d,dinov2-small,clap-unfused,0,0.7,heldout,0.07142857142857142,0.14285714285714285,0.21428571428571427,0.2857142857142857,5,15,0.014285714285714287,0.2176653891801834,0.7057685874953485,0.0444825333825553,0.031496062992125984,0.7057685874953485,0.6908293954775631,0.7213681810310191,0.450765109521175,0.41049651152474437,0.18649790715941436,0.5353957183744474,0.2642672023617606,0.1392857142857143
unsup,dinov2-small,clap-unfused,0,1.0,aggregate,0.005,0.0225,0.04,0.1075,4,15,0.09899999999999999,0.6764442920684814,0.43169014187860955,0.36374841598681806,0.19200986669054856,0.4316901418786096,0.42753035008917795,0.4359316770363137,0.2874734501666432,0.25903024787806034,0.21744189226661895,0.38759736589986515,0.07003155790002427,0.1175
unsup,dinov2-small,clap-unfused,0,1.0,heldout,0.0,0.03571428571428571,0.03571428571428571,0.10714285714285714,0,15,0.07142857142857142,0.34326881170272827,0.6518934960463025,0.0848944408586709,0.04424778761061947,0.6518934960463025,0.5938325749643625,0.7225383996232295,0.20728021503408883,0.1991336499157472,0.18649790715941436,0.5353957183744474,0.02078230787467447,0.10357142857142856
text,dinov2-small,clap-unfused,0,nan,aggregate,0.0625,0.1675,0.2325,0.32,5,15,0.0345,0.31327375769615173,0.25103072980611274,0.1595756660732982,0.053872914534158364,0.25103072980611274,0.2428783382566718,0.2597494114390125,0.6260784439604461,0.36467121365230853,0.21744189226661895,0.38759736589986515,0.4086365516938272,0.18875
text,dinov2-small,clap-unfused,0,nan,heldout,0.03571428571428571,0.17857142857142858,0.17857142857142858,0.21428571428571427,3,15,0.014285714285714287,0.3307119905948639,0.6925413381829619,0.01870759983341894,0.008988764044943821,0.692541338182962,0.6710241580734868,0.7154841813124554,0.5353957183744474,0.37174439670526105,0.18649790715941436,0.5353957183744474,0.34889781121503305,0.13214285714285715
random,dinov2-small,clap-unfused,0,nan,aggregate,0.0,0.01,0.025,0.04,3,15,0.006999999999999999,0.011486884206533432,0.09511256271094509,-0.012442359904942689,-0.003481172407900804,0.09511256271094508,0.09467451978498896,0.09555467797940331,0.20074966403018457,0.2182743484366396,0.21744189226661895,0.38759736589986515,-0.016692228236434375,0.06675
random,dinov2-small,clap-unfused,0,nan,heldout,0.0,0.0,0.03571428571428571,0.07142857142857142,3,15,0.021428571428571432,-0.15225498378276825,0.6424761325824022,0.012259236259777342,0.006622516556291391,0.6424761325824022,0.5995562648639723,0.6920147376109109,0.1376034221206776,0.18327134633646217,0.18649790715941436,0.5353957183744474,-0.04889448503873675,0.08928571428571429
procrustes,dinov2-small,clap-unfused,300,nan,aggregate,0.655,0.7275,0.7575,0.7725,5,15,0.07550000000000001,0.3969288468360901,0.2778731544891095,0.19151784601396588,0.0863790119634976,0.27787315448910954,0.27761896080722903,0.27812781408761367,0.3805117133836527,0.25055914684485675,0.21744189226661895,0.38759736589986515,0.16306982111703375,0.3385
procrustes,dinov2-small,clap-unfused,300,nan,heldout,0.03571428571428571,0.10714285714285714,0.14285714285714285,0.21428571428571427,5,15,0.07857142857142858,0.4391711354255676,0.590124091239159,-0.12803494971591614,-0.08,0.590124091239159,0.5464924568837766,0.6413272819029047,0.2772534013527434,0.19536320287494066,0.18649790715941436,0.5353957183744474,0.09075549419332904,0.1464285714285714
direct,dinov2-small,clap-unfused,300,nan,aggregate,0.455,0.63,0.6875,0.7375,5,15,0.0895,0.43013796210289,0.2726663870090625,0.18627373191123087,0.07937120592754532,0.2726663870090624,0.2670356651435548,0.27853968293096804,0.35432913535747956,0.23529570874074643,0.21744189226661895,0.38759736589986515,0.13688724309086062,0.38125
direct,dinov2-small,clap-unfused,300,nan,heldout,0.0,0.03571428571428571,0.14285714285714285,0.14285714285714285,1,15,0.08571428571428573,0.4013706147670746,0.6882362488603252,0.1709769912997116,0.11829944547134935,0.6882362488603252,0.6302881032522637,0.7579186357512594,0.25561932569776896,0.07237311222338404,0.18649790715941436,0.5353957183744474,0.0691214185383546,0.15714285714285717
c-transitive,dinov2-small,mert-330m,300,0.5,aggregate,0.075,0.1975,0.275,0.3375,7,15,0.018500000000000003,0.12296543270349503,0.1950429723580202,0.09891059407516767,0.03351197503004973,0.1950429723580202,0.1961187741852461,0.19397890867892056,0.3096323383625903,0.2874732940758843,0.21744189226661895,0.38759736589986515,0.09219044609597135,0.1865
c-transitive,dinov2-small,mert-330m,300,0.5,heldout,0.0,0.041666666666666664,0.041666666666666664,0.125,4,15,0.025000000000000005,0.18915027379989624,0.7247540475563985,0.07585398111916747,0.05154639175257732,0.7247540475563985,0.6656921665752967,0.7953165273960257,0.20956823040812048,0.22284238914729337,0.19168737025577465,0.5639471218832606,0.01788086015234583,0.14166666666666666
d,dinov2-small,mert-330m,0,0.7,aggregate,0.055,0.1475,0.225,0.32,5,15,0.026500000000000003,0.3747612535953522,0.18547825570540974,0.08842982005822729,0.03412117119520675,0.18547825570540974,0.18466656453402555,0.18629711386177134,0.5331621872516162,0.48948875540293474,0.21744189226661895,0.38759736589986515,0.3157202949849973,0.12925
d,dinov2-small,mert-330m,0,0.7,heldout,0.0,0.08333333333333333,0.20833333333333334,0.2916666666666667,1,15,0.0,0.5100165605545044,0.7514163550784648,0.029433586100591793,0.024204514549904813,0.7514163550784647,0.7182153407123145,0.7878357177697399,0.47059582811561756,0.4299002211494143,0.19168737025577465,0.5639471218832606,0.2789084578598429,0.08333333333333333
unsup,dinov2-small,mert-330m,0,1.0,aggregate,0.0025,0.0275,0.0525,0.09,5,15,0.11,0.6895537972450256,0.37403543467171996,0.30035892490106825,0.14814122602591062,0.37403543467171996,0.36571080863497424,0.3827478731199464,0.2473921127968763,0.23930460723533034,0.21744189226661895,0.38759736589986515,0.029950220530257365,0.1285
unsup,dinov2-small,mert-330m,0,1.0,heldout,0.0,0.041666666666666664,0.08333333333333333,0.08333333333333333,3,15,0.049999999999999996,0.694972813129425,0.7822269778470925,0.3094592236298029,0.20689655172413793,0.7822269778470926,0.7044616482192135,0.8792917554300062,0.1889151775219687,0.20556981102383168,0.19168737025577465,0.5639471218832606,-0.0027721927338059393,0.11249999999999999
text,dinov2-small,mert-330m,0,nan,aggregate,0.0625,0.1675,0.2325,0.32,3,15,0.016,0.26562488079071045,0.18130860901139242,0.08819701312079145,0.02545847754054037,0.18130860901139242,0.17006621805872518,0.19414259181316193,0.6260784439604461,0.36467121365230853,0.21744189226661895,0.38759736589986515,0.4086365516938272,0.13574999999999998
text,dinov2-small,mert-330m,0,nan,heldout,0.0,0.08333333333333333,0.20833333333333334,0.25,1,15,0.025000000000000005,0.3009073734283447,0.7125892975957768,-0.001885688651125511,-0.002074688796680498,0.7125892975957768,0.6605624094867117,0.7735122878754609,0.5639471218832606,0.4841696952901842,0.19168737025577465,0.5639471218832606,0.3722597516274859,0.1125
random,dinov2-small,mert-330m,0,nan,aggregate,0.0,0.01,0.025,0.04,1,15,0.015,0.01563332974910736,0.1075852613566361,0.0016670971861050172,0.004893211499604693,0.1075852613566361,0.10668469215478135,0.10850116414286419,0.20074966403018457,0.2182743484366396,0.21744189226661895,0.38759736589986515,-0.016692228236434375,0.076
random,dinov2-small,mert-330m,0,nan,heldout,0.0,0.0,0.041666666666666664,0.041666666666666664,3,15,0.0,-0.08005501329898834,0.7738223266356768,0.1102238898018182,0.08181370133070479,0.773822326635677,0.739204501181783,0.8118418452536325,0.18851254357539418,0.18890424824295193,0.19168737025577465,0.5639471218832606,-0.003174826680380466,0.08750000000000001
procrustes,dinov2-small,mert-330m,300,nan,aggregate,0.635,0.7125,0.735,0.75,4,15,0.038,0.3490001857280731,0.2502204201989845,0.1606797075122355,0.07651111297737158,0.25022042019898444,0.2484866952441549,0.2519785079990959,0.37055926341290535,0.21746722787853315,0.21744189226661895,0.38759736589986515,0.1531173711462864,0.29200000000000004
procrustes,dinov2-small,mert-330m,300,nan,heldout,0.041666666666666664,0.08333333333333333,0.08333333333333333,0.125,2,15,0.025000000000000005,0.49339404702186584,0.7779915023466575,0.12410346346600254,0.10591549295774648,0.7779915023466574,0.7457227256985164,0.8131792450969655,0.23506478130701802,0.19248045145986623,0.19168737025577465,0.5639471218832606,0.043377411051243375,0.125
direct,dinov2-small,mert-330m,300,nan,aggregate,0.1525,0.265,0.33,0.4175,2,15,0.1245,0.4907659590244293,0.23569580565830778,0.14698369630182176,0.05183446115918149,0.23569580565830778,0.21968029858083227,0.2542301228360007,0.2934786384546779,0.21993251390606808,0.21744189226661895,0.38759736589986515,0.07603674618805897,0.26849999999999996
direct,dinov2-small,mert-330m,300,nan,heldout,0.0,0.0,0.0,0.041666666666666664,3,15,0.1416666666666667,0.5399669408798218,0.7415169198564734,0.2054369119018316,0.12979506043089858,0.7415169198564736,0.6641268235214745,0.8393223975140635,0.24488494943919303,0.19027361453664948,0.19168737025577465,0.5639471218832606,0.053197579183418386,0.16666666666666666
c-transitive,dinov2-small,mert-95m,300,0.5,aggregate,0.1225,0.245,0.345,0.46,6,15,0.0165,0.17939084768295288,0.15939544384941612,0.05978904585124404,0.02059298272526611,0.15939544384941615,0.15819247505981518,0.16061684869812876,0.2993805595843704,0.29189153530377787,0.21744189226661895,0.38759736589986515,0.08193866731775143,0.17725000000000002
c-transitive,dinov2-small,mert-95m,300,0.5,heldout,0.0,0.0,0.11538461538461539,0.15384615384615385,2,15,0.015384615384615385,0.08929159492254257,0.7384275196993708,0.08052185982825089,0.06427045602303334,0.7384275196993709,0.7155190958673948,0.7628513573234077,0.27500522858699844,0.252649499793776,0.20574439838643607,0.5547238885446087,0.06926083020056237,0.10769230769230773
d,dinov2-small,mert-95m,0,0.7,aggregate,0.05,0.1325,0.2175,0.3175,4,15,0.018500000000000003,0.4159777760505676,0.1750280939857573,0.07875151085214797,0.028603303041732826,0.1750280939857573,0.17320223757256323,0.1768928560126544,0.5313237411394143,0.48971686560911765,0.21744189226661895,0.38759736589986515,0.31388184887279535,0.12275000000000003
d,dinov2-small,mert-95m,0,0.7,heldout,0.0,0.11538461538461539,0.23076923076923078,0.2692307692307692,1,15,0.015384615384615385,0.27738773822784424,0.7170831801242871,0.005492355068666932,0.003900808024519365,0.7170831801242873,0.6948369271409798,0.7408010436749491,0.4897072883446087,0.43658254096315574,0.20574439838643607,0.5547238885446087,0.28396288995817265,0.11538461538461539
unsup,dinov2-small,mert-95m,0,1.0,aggregate,0.0025,0.02,0.0275,0.06,0,15,0.0885,0.6693289875984192,0.29032440437042945,0.20575550979670962,0.08601817608151892,0.29032440437042945,0.27209651982596633,0.3111698298694721,0.2066625774269061,0.225191827395737,0.21744189226661895,0.38759736589986515,-0.010779314839712839,0.09025
unsup,dinov2-small,mert-95m,0,1.0,heldout,0.0,0.0,0.0,0.11538461538461539,2,15,0.05384615384615385,0.5750163793563843,0.6800148686580916,0.1615932694465001,0.08032567144913866,0.6800148686580916,0.5977953850245472,0.788457624057164,0.18030240961429395,0.21004072855933126,0.20574439838643607,0.5547238885446087,-0.025441988772142127,0.11923076923076924
text,dinov2-small,mert-95m,0,nan,aggregate,0.0625,0.1675,0.2325,0.32,5,15,0.023000000000000003,0.28295817971229553,0.18452524559503983,0.09361408326540162,0.03137896275304905,0.1845252455950398,0.17714475150072712,0.19254747304251388,0.6260784439604461,0.36467121365230853,0.21744189226661895,0.38759736589986515,0.4086365516938272,0.126
text,dinov2-small,mert-95m,0,nan,heldout,0.0,0.19230769230769232,0.3076923076923077,0.3076923076923077,1,15,0.0,0.12825046479701996,0.7032439797026567,-0.005025227322253774,-0.00463678516228748,0.7032439797026566,0.6741547584145644,0.7349567570372151,0.5547238885446087,0.4016497990797643,0.20574439838643607,0.5547238885446087,0.34897949015817264,0.12692307692307694
random,dinov2-small,mert-95m,0,nan,aggregate,0.0,0.01,0.025,0.04,3,15,0.013500000000000002,-0.01796853169798851,0.08816020345440301,-0.018056363945322913,-0.004929565004210395,0.088160203454403,0.0869261795352713,0.08942976890057508,0.20074966403018457,0.2182743484366396,0.21744189226661895,0.38759736589986515,-0.016692228236434375,0.0785
random,dinov2-small,mert-95m,0,nan,heldout,0.0,0.038461538461538464,0.038461538461538464,0.038461538461538464,2,15,0.02307692307692308,-0.1252194344997406,0.6774959825848621,-0.017861700656276232,-0.014198782961460446,0.6774959825848621,0.6368271617475647,0.7237135070963236,0.20155714366738944,0.20560104357082515,0.20574439838643607,0.5547238885446087,-0.004187254719046629,0.07692307692307693
procrustes,dinov2-small,mert-95m,300,nan,aggregate,0.735,0.7525,0.7675,0.7875,7,15,0.025500000000000002,0.24930241703987122,0.20234782026437229,0.10911975041400272,0.0407016087666404,0.2023478202643723,0.1999837472708241,0.20476845484410128,0.3622771482276528,0.2164971514022606,0.21744189226661895,0.38759736589986515,0.14483525596103383,0.2945
procrustes,dinov2-small,mert-95m,300,nan,heldout,0.0,0.0,0.038461538461538464,0.11538461538461539,2,15,0.015384615384615385,0.2999647259712219,0.7351187393321164,0.0701697125475019,0.05117636956895071,0.7351187393321161,0.7104496378301868,0.7615626493527327,0.22069311285316615,0.20808517828657666,0.20574439838643607,0.5547238885446087,0.014948714466730073,0.12692307692307694
direct,dinov2-small,mert-95m,300,nan,aggregate,0.275,0.42,0.4725,0.525,3,15,0.11100000000000002,0.4356692135334015,0.23646331907512658,0.15090718076044304,0.056695306330012005,0.2364633190751266,0.21156629682982622,0.2680016240710309,0.3015230677629654,0.2195257751818981,0.21744189226661895,0.38759736589986515,0.08408117549634644,0.26025000000000004
direct,dinov2-small,mert-95m,300,nan,heldout,0.0,0.0,0.0,0.0,2,15,0.1846153846153846,0.40778040885925293,0.6090891424170393,0.09782799916507517,0.035975053240036504,0.6090891424170394,0.5081415980172944,0.7600885312865449,0.23561749216885797,0.20638578190135184,0.20574439838643607,0.5547238885446087,0.029873093782421895,0.13076923076923078
c-transitive,vit-mae-base,clap-fused,300,0.5,aggregate,0.0925,0.185,0.2475,0.32,3,15,0.022000000000000002,0.16110928356647491,0.17375258170318647,0.07576749838868756,0.02704420375103106,0.17375258170318647,0.17698359799010888,0.17063742135045937,0.27829473367795643,0.2658233202276116,0.21744189226661895,0.38759736589986515,0.06085284141133748,0.15975
c-transitive,vit-mae-base,clap-fused,300,0.5,heldout,0.0,0.0,0.0,0.08823529411764706,1,15,0.011764705882352941,0.1045617088675499,0.661232579949386,0.04762027520200538,0.032403087624056325,0.661232579949386,0.6483545406884927,0.674632570517157,0.139605550175953,0.21232798050774915,0.19500287033956595,0.5979519847520942,-0.055397320163612956,0.0911764705882353
d,vit-mae-base,clap-fused,0,0.7,aggregate,0.065,0.1525,0.24,0.345,4,15,0.023,0.3478267192840576,0.15211191843276495,0.0515790785115962,0.020438394855174246,0.15211191843276495,0.15465903399540548,0.14964734159660148,0.5306389323214256,0.49164408841997287,0.21744189226661895,0.38759736589986515,0.31319704005480664,0.17700000000000002
d,vit-mae-base,clap-fused,0,0.7,heldout,0.058823529411764705,0.14705882352941177,0.2647058823529412,0.35294117647058826,6,15,0.0058823529411764705,0.2951453924179077,0.6577078167765983,0.05141401129766794,0.0368398079441292,0.6577078167765983,0.6432049680357266,0.6728797665595868,0.49600075437151325,0.45990354128350025,0.19500287033956595,0.5979519847520942,0.30099788403194727,0.22058823529411767
unsup,vit-mae-base,clap-fused,0,1.0,aggregate,0.0025,0.0075,0.0275,0.0775,1,15,0.107,0.6642146110534668,0.37637355409520096,0.30532946649105164,0.14805496768481036,0.37637355409520096,0.3744625835128626,0.37830412898706217,0.24279986705421266,0.2234764997792186,0.21744189226661895,0.38759736589986515,0.025357974787593718,0.07725000000000001
unsup,vit-mae-base,clap-fused,0,1.0,heldout,0.0,0.0,0.0,0.029411764705882353,2,15,0.047058823529411764,0.5275002717971802,0.666502754373497,0.16862344237701632,0.13412563667232597,0.6665027543734969,0.629562302502966,0.7080484936897835,0.21755050090050188,0.19158925604652394,0.19500287033956595,0.5979519847520942,0.022547630560935922,0.029411764705882353
text,vit-mae-base,clap-fused,0,nan,aggregate,0.0625,0.1675,0.2325,0.32,2,15,0.023,0.07013903558254242,0.12340710388286404,0.021153822371430896,0.002789802673671554,0.12340710388286405,0.12222351949140577,0.12461383554403206,0.6260784439604461,0.36467121365230853,0.21744189226661895,0.38759736589986515,0.4086365516938272,0.16524999999999998
text,vit-mae-base,clap-fused,0,nan,heldout,0.058823529411764705,0.17647058823529413,0.23529411764705882,0.3235294117647059,6,15,0.029411764705882353,-0.032654017210006714,0.6610986496696627,0.11931284919174916,0.08159062103929024,0.6610986496696626,0.6326311836080558,0.6922488210988139,0.5979519847520942,0.36264437986410414,0.19500287033956595,0.5979519847520942,0.40294911441252823,0.1764705882352941
random,vit-mae-base,clap-fused,0,nan,aggregate,0.0,0.01,0.025,0.04,0,15,0.01,0.019855476915836334,0.10941033829195429,0.003656195900939781,0.0011187005025594748,0.10941033829195428,0.11111861719472771,0.10775378848765998,0.20074966403018457,0.2182743484366396,0.21744189226661895,0.38759736589986515,-0.016692228236434375,0.06849999999999999
random,vit-mae-base,clap-fused,0,nan,heldout,0.0,0.029411764705882353,0.058823529411764705,0.058823529411764705,5,15,0.011764705882352941,0.07877647876739502,0.6509562662718611,0.04639772956138889,0.032403087624056325,0.6509562662718611,0.6334162938313275,0.6694953049941439,0.17419217829890463,0.19557026921850085,0.19500287033956595,0.5979519847520942,-0.020810692040661327,0.06764705882352941
procrustes,vit-mae-base,clap-fused,300,nan,aggregate,0.0125,0.0425,0.07,0.1425,2,15,0.0065000000000000014,0.20898295938968658,0.0927676410898809,0.0593042006249707,0.008122302599845352,0.09276764108988089,0.05272712867435314,0.38555366133658375,0.29084866932592,0.22459590832689919,0.21744189226661895,0.38759736589986515,0.07340677705930107,0.11149999999999999
procrustes,vit-mae-base,clap-fused,300,nan,heldout,0.0,0.0,0.0,0.0,1,15,0.0,0.37527477741241455,0.15884049369513473,0.07209942051515042,0.014445485221591486,0.15884049369513475,0.08627198955397479,1.000000000000001,0.2501446262183613,0.1997570149268235,0.19500287033956595,0.5979519847520942,0.05514175587879536,0.09705882352941177
direct,vit-mae-base,clap-fused,300,nan,aggregate,0.0075,0.0375,0.07,0.1225,2,15,0.013500000000000002,0.19882576167583466,0.19816083943241738,0.16700301944049198,0.03484282960659581,0.19816083943241738,0.13180365368502311,0.39907917841150503,0.2884896842055839,0.22558636279165958,0.21744189226661895,0.38759736589986515,0.07104779193896496,0.13324999999999998
direct,vit-mae-base,clap-fused,300,nan,heldout,0.0,0.0,0.0,0.0,2,15,0.0,0.1775304675102234,0.24367976227956514,0.0687721698339475,0.017271255290742266,0.24367976227956512,0.14747061064337805,0.7010257616693979,0.23428012137745263,0.20096272427488168,0.19500287033956595,0.5979519847520942,0.03927725103788668,0.11470588235294119
c-transitive,vit-mae-base,clap-larger,300,0.5,aggregate,0.105,0.225,0.285,0.375,6,15,0.02,0.1394110918045044,0.17561076933008907,0.07830554869401735,0.0290297650121469,0.17561076933008904,0.1771538220645867,0.17409436520647636,0.27544183773060466,0.2689840599680102,0.21744189226661895,0.38759736589986515,0.05799994546398571,0.1685
c-transitive,vit-mae-base,clap-larger,300,0.5,heldout,0.0,0.038461538461538464,0.07692307692307693,0.07692307692307693,1,15,0.007692307692307693,0.0987013727426529,0.7648353083529505,0.026795440030085445,0.021715760051601807,0.7648353083529504,0.7697592467020371,0.7599739637695051,0.23428084740209118,0.22499829943359761,0.19215462166268907,0.6228372345921207,0.04212622573940211,0.1346153846153846
d,vit-mae-base,clap-larger,0,0.7,aggregate,0.055,0.1475,0.235,0.3425,5,15,0.022000000000000002,0.3167073130607605,0.16294631259113193,0.06367441043751541,0.024127340381548637,0.1629463125911319,0.16539673141659714,0.1605674416282492,0.5265673692657513,0.49074693744525866,0.21744189226661895,0.38759736589986515,0.3091254769991324,0.17875
d,vit-mae-base,clap-larger,0,0.7,heldout,0.15384615384615385,0.2692307692307692,0.34615384615384615,0.34615384615384615,3,15,0.038461538461538464,0.10372719168663025,0.7055849965479792,0.04658903260437753,0.030140256639809012,0.7055849965479792,0.666348403069961,0.7497314330371219,0.5032749826159532,0.4802761443511878,0.19215462166268907,0.6228372345921207,0.3111203609532641,0.2076923076923077
unsup,vit-mae-base,clap-larger,0,1.0,aggregate,0.0075,0.0175,0.0375,0.07,4,15,0.1025,0.6855726838111877,0.3406668731861476,0.2623649942290411,0.11008338139836282,0.3406668731861476,0.3393195971790704,0.34202489062100183,0.2448428218249972,0.22011666883332892,0.21744189226661895,0.38759736589986515,0.02740092955837825,0.09399999999999999
unsup,vit-mae-base,clap-larger,0,1.0,heldout,0.038461538461538464,0.038461538461538464,0.038461538461538464,0.038461538461538464,0,15,0.02307692307692308,0.45276445150375366,0.729806795992631,0.14723755585750004,0.13793103448275862,0.7298067959926311,0.6859978545449987,0.7795928675701045,0.2547634578258039,0.19635568517995503,0.19215462166268907,0.6228372345921207,0.06260883616311483,0.0923076923076923
text,vit-mae-base,clap-larger,0,nan,aggregate,0.0625,0.1675,0.2325,0.32,3,15,0.0165,0.06747792661190033,0.13013319659774042,0.02657894770019565,0.004949894350821187,0.13013319659774042,0.12734377292657,0.13304755985494376,0.6260784439604461,0.36467121365230853,0.21744189226661895,0.38759736589986515,0.4086365516938272,0.17725000000000002
text,vit-mae-base,clap-larger,0,nan,heldout,0.07692307692307693,0.19230769230769232,0.3076923076923077,0.38461538461538464,4,15,0.0,0.10380400717258453,0.6972379396204487,-0.011600568700407786,-0.009646827992151732,0.6972379396204487,0.6653156858185835,0.7323778784701239,0.6228372345921207,0.47756004915438793,0.19215462166268907,0.6228372345921207,0.43068261292943166,0.19615384615384615
random,vit-mae-base,clap-larger,0,nan,aggregate,0.0,0.01,0.025,0.04,3,15,0.014500000000000002,0.009367378428578377,0.09817474223906762,-0.0085995261023785,0.0005510299299079204,0.09817474223906761,0.09975267621443341,0.09664595186652726,0.20074966403018457,0.2182743484366396,0.21744189226661895,0.38759736589986515,-0.016692228236434375,0.06575
random,vit-mae-base,clap-larger,0,nan,heldout,0.0,0.0,0.07692307692307693,0.07692307692307693,1,15,0.015384615384615385,0.0575575977563858,0.7273361263007702,0.005870477146241266,0.003900808024519365,0.7273361263007704,0.7104496378301868,0.7450449003646135,0.16073046152934498,0.18982118839053838,0.19215462166268907,0.6228372345921207,-0.03142416013334409,0.05384615384615385
procrustes,vit-mae-base,clap-larger,300,nan,aggregate,0.035,0.0725,0.115,0.1825,3,15,0.0235,0.19295845925807953,0.19266442548908308,0.14114238067233895,0.0450888589766099,0.19266442548908308,0.1485035226850974,0.2742057455891865,0.29633735992899046,0.22303391021310662,0.21744189226661895,0.38759736589986515,0.07889546766237152,0.1155
procrustes,vit-mae-base,clap-larger,300,nan,heldout,0.0,0.0,0.0,0.0,1,15,0.02307692307692308,0.13649387657642365,0.4953197846367754,0.2126912339483448,0.09223051929544547,0.4953197846367754,0.3521806717150927,0.8344850443808203,0.24736091884089123,0.19170371718692117,0.19215462166268907,0.6228372345921207,0.05520629717820216,0.13076923076923078
direct,vit-mae-base,clap-larger,300,nan,aggregate,0.0075,0.045,0.0825,0.1275,3,15,0.029500000000000002,0.2668125331401825,0.30384064753187484,0.26412507767265353,0.08012208761273575,0.30384064753187484,0.23894645076285173,0.4171255623486631,0.3073759645265284,0.22375440318081743,0.21744189226661895,0.38759736589986515,0.08993407225990943,0.14400000000000002
direct,vit-mae-base,clap-larger,300,nan,heldout,0.0,0.0,0.0,0.0,1,15,0.015384615384615385,0.15386150777339935,0.5045100786723433,0.1723928660435364,0.10665200659703133,0.5045100786723433,0.370530279711695,0.79025948277218,0.24949247247681478,0.19254412288956851,0.19215462166268907,0.6228372345921207,0.05733785081412571,0.1423076923076923
c-transitive,vit-mae-base,clap-unfused,300,0.5,aggregate,0.09,0.175,0.24,0.3225,5,15,0.021500000000000005,0.16204185783863068,0.18902334680543675,0.09290495310400078,0.03784856866410562,0.18902334680543678,0.19157136124553184,0.1865422229326949,0.2809874091197721,0.2686742089568176,0.21744189226661895,0.38759736589986515,0.06354551685315316,0.174
c-transitive,vit-mae-base,clap-unfused,300,0.5,heldout,0.0,0.0,0.07142857142857142,0.14285714285714285,3,15,0.0,0.06044916808605194,0.6582676526461176,-0.001183987327779299,-0.005016554630279924,0.6582676526461176,0.6338184459381994,0.6846787690474151,0.22081991734161738,0.24605691626425355,0.22195541644397054,0.6389389281304482,-0.0011354991023531658,0.10714285714285712
d,vit-mae-base,clap-unfused,0,0.7,aggregate,0.0575,0.1425,0.23,0.33,6,15,0.020499999999999997,0.3287363648414612,0.17076893673541463,0.07235082099673651,0.025659072509762664,0.17076893673541466,0.17383736500023053,0.1678069521527705,0.5275268624824204,0.49138846586339624,0.21744189226661895,0.38759736589986515,0.3100849702158015,0.19425000000000003
d,vit-mae-base,clap-unfused,0,0.7,heldout,0.10714285714285714,0.17857142857142858,0.25,0.35714285714285715,3,15,0.014285714285714287,0.33479398488998413,0.6575790367421622,0.0015027294074095596,-0.0024479804161566705,0.6575790367421622,0.6328306194240091,0.6843419322266961,0.5433613787352892,0.518969747620954,0.22195541644397054,0.6389389281304482,0.3214059622913187,0.22500000000000003
unsup,vit-mae-base,clap-unfused,0,1.0,aggregate,0.0,0.0075,0.0275,0.065,0,15,0.09149999999999998,0.686484158039093,0.35975123148412436,0.2843589843641715,0.1597160512167488,0.35975123148412436,0.353404840699997,0.3663297253966707,0.22963843079469368,0.2239935242202447,0.21744189226661895,0.38759736589986515,0.01219653852807473,0.07824999999999999
unsup,vit-mae-base,clap-unfused,0,1.0,heldout,0.0,0.0,0.0,0.03571428571428571,0,15,0.028571428571428574,0.5182226896286011,0.7048403967238996,0.16996332333360425,0.10444225074037512,0.7048403967238996,0.6707668066826955,0.7425609850617725,0.1868299722339942,0.21794630585749328,0.22195541644397054,0.6389389281304482,-0.03512544420997635,0.05714285714285715
text,vit-mae-base,clap-unfused,0,nan,aggregate,0.0625,0.1675,0.2325,0.32,3,15,0.019,0.08169956505298615,0.13400813841048723,0.02960095110846467,0.0061966041753260355,0.13400813841048725,0.13139737148753708,0.13672475646522264,0.6260784439604461,0.36467121365230853,0.21744189226661895,0.38759736589986515,0.4086365516938272,0.18875
text,vit-mae-base,clap-unfused,0,nan,heldout,0.10714285714285714,0.21428571428571427,0.32142857142857145,0.35714285714285715,2,15,0.0071428571428571435,0.014115139842033386,0.7455097298707641,0.18795966318659663,0.16248153618906944,0.7455097298707641,0.735352096878524,0.755951914147227,0.6389389281304482,0.32454975586589324,0.22195541644397054,0.6389389281304482,0.4169835116864776,0.21071428571428572
random,vit-mae-base,clap-unfused,0,nan,aggregate,0.0,0.01,0.025,0.04,3,15,0.014000000000000002,0.009825501590967178,0.11486568265161735,0.010424068889766996,0.00434411275757461,0.11486568265161737,0.11591814757769325,0.1138321572249065,0.20074966403018457,0.2182743484366396,0.21744189226661895,0.38759736589986515,-0.016692228236434375,0.06675
random,vit-mae-base,clap-unfused,0,nan,heldout,0.0,0.0,0.03571428571428571,0.03571428571428571,2,15,0.021428571428571432,-0.011726772412657738,0.6941772867648227,0.06817723226994524,0.0394149984441448,0.6941772867648227,0.6762581779325523,0.7130718639428548,0.20637143104694955,0.2200175833123345,0.22195541644397054,0.6389389281304482,-0.015583985397020994,0.06071428571428573
procrustes,vit-mae-base,clap-unfused,300,nan,aggregate,0.015,0.0375,0.0625,0.1225,3,15,0.1455,0.3042564392089844,0.14791004187993387,0.10633741940724559,0.030059041863366533,0.14791004187993387,0.1033851427783123,0.2597967633654019,0.3124850677464972,0.22775561564281108,0.21744189226661895,0.38759736589986515,0.09504317547987826,0.1065
procrustes,vit-mae-base,clap-unfused,300,nan,heldout,0.0,0.0,0.0,0.0,2,15,0.22142857142857147,0.2025865614414215,0.3260164183810692,0.10783473007292416,0.01384981605713049,0.32601641838106926,0.20631343816138323,0.7765986899473069,0.2936029509497744,0.2286677525540754,0.22195541644397054,0.6389389281304482,0.07164753450580386,0.09642857142857145
direct,vit-mae-base,clap-unfused,300,nan,aggregate,0.0075,0.0525,0.0775,0.125,3,15,0.128,0.4094601571559906,0.2906541404278849,0.24487123298879643,0.09853197411578297,0.2906541404278849,0.22559739238666585,0.4084374797065421,0.31350548017078245,0.22977571716536233,0.21744189226661895,0.38759736589986515,0.0960635879041635,0.13375
direct,vit-mae-base,clap-unfused,300,nan,heldout,0.0,0.0,0.0,0.0,2,15,0.25000000000000006,0.22512862086296082,0.48213073767083375,0.09828323954200177,0.07024193548387096,0.4821307376708337,0.366367084285107,0.7048460269309424,0.32968675829453026,0.23077923880420054,0.22195541644397054,0.6389389281304482,0.10773134185055971,0.1035714285714286
c-transitive,vit-mae-base,mert-330m,300,0.5,aggregate,0.0425,0.1025,0.1675,0.21,6,15,0.0255,0.10405523329973221,0.2100130328191054,0.11665163301880735,0.055246635095961075,0.2100130328191054,0.21207456266564093,0.2079911964708335,0.2512000824955111,0.25116668890648775,0.21744189226661895,0.38759736589986515,0.033758190228892176,0.1225
c-transitive,vit-mae-base,mert-330m,300,0.5,heldout,0.0,0.0,0.04,0.04,5,15,0.032,0.266440212726593,0.7346126038058259,0.08737478491860526,0.06947890818858561,0.7346126038058257,0.688013252132668,0.787982933079572,0.19928537532950646,0.23998509497019105,0.22643773506451367,0.6389838162763123,-0.02715235973500721,0.055999999999999994
d,vit-mae-base,mert-330m,0,0.7,aggregate,0.0575,0.1675,0.2325,0.3475,7,15,0.026000000000000002,0.4716944098472595,0.1656144394837031,0.06659832446503719,0.022944346735855957,0.16561443948370308,0.1673196705398942,0.16394361534539853,0.5341964863458317,0.4910973592851324,0.21744189226661895,0.38759736589986515,0.3167545940792128,0.124
d,vit-mae-base,mert-330m,0,0.7,heldout,0.12,0.16,0.28,0.36,4,15,0.0,0.6755965948104858,0.6851315294207145,0.11155293046941535,0.07578558225508318,0.6851315294207144,0.6065058978085394,0.7871791009775583,0.5580494024317557,0.5064891601586102,0.22643773506451367,0.6389838162763123,0.331611667367242,0.14
unsup,vit-mae-base,mert-330m,0,1.0,aggregate,0.0025,0.0275,0.035,0.08,2,15,0.1305,0.8225733637809753,0.38922720135312394,0.31847223618441334,0.17310024561109605,0.3892272013531239,0.3829988973621462,0.3956614225323669,0.21466731184249632,0.22359297486351326,0.21744189226661895,0.38759736589986515,-0.0027745804241226246,0.09700000000000002
unsup,vit-mae-base,mert-330m,0,1.0,heldout,0.0,0.0,0.0,0.08,3,15,0.08,0.8970699310302734,0.7791218897767522,0.3683764621087447,0.3068391866913124,0.7791218897767523,0.6921402574677352,0.8911078896832955,0.24943214599881341,0.23291971130076625,0.22643773506451367,0.6389838162763123,0.02299441093429974,0.148
text,vit-mae-base,mert-330m,0,nan,aggregate,0.0625,0.1675,0.2325,0.32,5,15,0.012,0.101488396525383,0.11791798562516413,0.018518355519906233,-0.0015802368119992333,0.11791798562516413,0.11204164274707579,0.1244448500138303,0.6260784439604461,0.36467121365230853,0.21744189226661895,0.38759736589986515,0.4086365516938272,0.13574999999999998
text,vit-mae-base,mert-330m,0,nan,heldout,0.04,0.08,0.2,0.36,5,15,0.0,-0.10627098381519318,0.6320092034032836,-0.028211294526852247,-0.01950354609929078,0.6320092034032837,0.5572915210531004,0.7298642032292273,0.6389838162763123,0.3494492788137208,0.22643773506451367,0.6389838162763123,0.4125460812117986,0.152
random,vit-mae-base,mert-330m,0,nan,aggregate,0.0,0.01,0.025,0.04,1,15,0.009000000000000001,0.01950143650174141,0.10621206937894295,0.0009229440239877966,-0.00014538025298737123,0.10621206937894297,0.10677421790241004,0.10565580909210917,0.20074966403018457,0.2182743484366396,0.21744189226661895,0.38759736589986515,-0.016692228236434375,0.076
random,vit-mae-base,mert-330m,0,nan,heldout,0.0,0.0,0.0,0.0,3,15,0.0,0.007090920582413673,0.6687594497319842,-0.0829612572307371,-0.059322033898305086,0.6687594497319842,0.6165984282751271,0.7305611226642977,0.20259503388332953,0.22559760468646986,0.22643773506451367,0.6389838162763123,-0.023842701181184145,0.09200000000000001
procrustes,vit-mae-base,mert-330m,300,nan,aggregate,0.1025,0.17,0.2,0.285,0,15,0.1445,0.41745591163635254,0.2458879989770751,0.19033375484453527,0.06107282456571761,0.2458879989770751,0.19450485107813142,0.3341660108883507,0.26711951558251984,0.2195615967617729,0.21744189226661895,0.38759736589986515,0.04967762331590089,0.13324999999999998
procrustes,vit-mae-base,mert-330m,300,nan,heldout,0.0,0.0,0.0,0.08,0,15,0.128,0.1859760880470276,0.439622633456614,0.10876985974175712,0.0430622009569378,0.439622633456614,0.31006759469562056,0.7551426648626737,0.2360288330077065,0.22619852866117943,0.22643773506451367,0.6389838162763123,0.009591097943192822,0.172
direct,vit-mae-base,mert-330m,300,nan,aggregate,0.0,0.0175,0.03,0.0725,0,15,0.050499999999999996,0.2286418080329895,0.18790575366308723,0.16027675029440372,0.04003478594264513,0.18790575366308723,0.12866209768225437,0.34826982341153134,0.22224658851220355,0.2195180401986157,0.21744189226661895,0.38759736589986515,0.004804696245584605,0.11225000000000002
direct,vit-mae-base,mert-330m,300,nan,heldout,0.0,0.0,0.0,0.0,0,15,0.04,0.08851231634616852,0.40443025057757703,0.15232601606658422,0.04223968565815324,0.40443025057757703,0.26085321794018146,0.8995597189927427,0.22468553711154893,0.22619954269997702,0.22643773506451367,0.6389838162763123,-0.0017521979529647458,0.17600000000000002
c-transitive,vit-mae-base,mert-95m,300,0.5,aggregate,0.05,0.1325,0.19,0.2575,2,15,0.014499999999999999,0.09229360520839691,0.1688857374184427,0.07030902383378768,0.0312254175543972,0.1688857374184427,0.17179958693103287,0.16606908156370564,0.26387566825648945,0.25329507591260403,0.21744189226661895,0.38759736589986515,0.0464337759898705,0.1185
c-transitive,vit-mae-base,mert-95m,300,0.5,heldout,0.0,0.0,0.037037037037037035,0.037037037037037035,1,15,0.0,0.17405641078948975,0.6706062645326981,-0.02933001624192081,-0.022375215146299483,0.6706062645326981,0.6422641162347636,0.7015652840686553,0.29528381718501684,0.2572603066727328,0.23436646476993694,0.6336414749834164,0.060917352415079895,0.09259259259259262
d,vit-mae-base,mert-95m,0,0.7,aggregate,0.0475,0.1425,0.2175,0.355,5,15,0.019,0.5127457976341248,0.14714961436872298,0.04876802789613206,0.014516641027519352,0.147149614368723,0.14748847558030637,0.14681230668469697,0.5307370722324741,0.4904987989915685,0.21744189226661895,0.38759736589986515,0.3132951799658552,0.11825000000000001
d,vit-mae-base,mert-95m,0,0.7,heldout,0.07407407407407407,0.18518518518518517,0.2962962962962963,0.37037037037037035,2,15,0.02962962962962963,0.6402238607406616,0.7472406765064269,0.12003151339845845,0.07912178956089479,0.747240676506427,0.7354020899200259,0.7594666572378285,0.5393590642281736,0.49281585301241554,0.23436646476993694,0.6336414749834164,0.30499259945823665,0.11851851851851852
unsup,vit-mae-base,mert-95m,0,1.0,aggregate,0.0025,0.0225,0.0375,0.06,3,15,0.1175,0.7995705604553223,0.33499147853096134,0.2615077758210768,0.14425263087668597,0.33499147853096134,0.3243855777497959,0.34631434818956736,0.21813305490992696,0.22126982131203937,0.21744189226661895,0.38759736589986515,0.0006911626433080131,0.09425
unsup,vit-mae-base,mert-95m,0,1.0,heldout,0.0,0.037037037037037035,0.07407407407407407,0.1111111111111111,3,15,0.014814814814814815,0.7620049715042114,0.6147684707558762,0.03888555110832288,0.03356496656614658,0.6147684707558762,0.5437935671869525,0.7070514880869398,0.264876611932796,0.22717814855343998,0.23436646476993694,0.6336414749834164,0.030510147162859047,0.14444444444444446
text,vit-mae-base,mert-95m,0,nan,aggregate,0.0625,0.1675,0.2325,0.32,3,15,0.024000000000000004,0.10421530902385712,0.11651463439907261,0.018743284126623298,0.0017420255855862684,0.11651463439907263,0.11334395366159225,0.11986781341534979,0.6260784439604461,0.36467121365230853,0.21744189226661895,0.38759736589986515,0.4086365516938272,0.126
text,vit-mae-base,mert-95m,0,nan,heldout,0.07407407407407407,0.18518518518518517,0.2222222222222222,0.3333333333333333,2,15,0.022222222222222227,-0.048790089786052704,0.6617823078393165,-0.0862154661490025,-0.06491215691808368,0.6617823078393166,0.6395978285534891,0.6855610225648767,0.6336414749834164,0.32820755811744684,0.23436646476993694,0.6336414749834164,0.39927501021347944,0.12592592592592597
random,vit-mae-base,mert-95m,0,nan,aggregate,0.0,0.01,0.025,0.04,4,15,0.0175,0.02461368218064308,0.08425117800995405,-0.02175799656908525,-0.004159156287248421,0.08425117800995402,0.08420985711328889,0.08429253947799129,0.20074966403018457,0.2182743484366396,0.21744189226661895,0.38759736589986515,-0.016692228236434375,0.0785
random,vit-mae-base,mert-95m,0,nan,heldout,0.0,0.037037037037037035,0.07407407407407407,0.07407407407407407,3,15,0.014814814814814815,0.2064839005470276,0.7121871703142308,-0.07556554845542662,-0.05706134094151213,0.7121871703142307,0.7152535035816644,0.709147015913716,0.1913770375839963,0.23083489791749792,0.23436646476993694,0.6336414749834164,-0.04298942718594065,0.10370370370370371
procrustes,vit-mae-base,mert-95m,300,nan,aggregate,0.175,0.2625,0.31,0.41,2,15,0.132,0.43633949756622314,0.25707963857559496,0.18237843946544682,0.08144506584373956,0.257079638575595,0.2115290590416565,0.32763171591854523,0.25699562989921754,0.2193238970529549,0.21744189226661895,0.38759736589986515,0.03955373763259859,0.15775
procrustes,vit-mae-base,mert-95m,300,nan,heldout,0.0,0.0,0.0,0.0,3,15,0.13333333333333333,0.5073387026786804,0.4882523490835329,0.14950927284208662,0.04627301484305296,0.4882523490835328,0.3542391631490669,0.7853664936919608,0.29386634210474005,0.23251852081704277,0.23436646476993694,0.6336414749834164,0.05949987733480311,0.11481481481481481
direct,vit-mae-base,mert-95m,300,nan,aggregate,0.0075,0.0225,0.0475,0.075,2,15,0.0935,0.19942542910575867,0.21325456346846988,0.18031173591739835,0.0450016853050633,0.21325456346846988,0.1428527415335954,0.4204777414110127,0.2410898824879022,0.21921557282507037,0.21744189226661895,0.38759736589986515,0.02364799022128325,0.10925000000000001
direct,vit-mae-base,mert-95m,300,nan,heldout,0.0,0.0,0.0,0.0,3,15,0.05925925925925926,-0.07529176026582718,0.18568719408338238,-0.005197977098710686,-0.005903377805446135,0.18568719408338238,0.10812962574954467,0.6567528815513612,0.23379281430150592,0.23236539075310547,0.23436646476993694,0.6336414749834164,-0.0005736504684310251,0.10740740740740742
