experiment,image_encoder,audio_encoder,K,alpha,scope,R@1,R@5,R@10,R@20,routes_correct,routes_total,knn_overlap,pearson_r,nmi,ami,ari,v_measure,homogeneity,completeness,cap_cos_argmax,cap_cos_planmass,cap_cos_chance,cap_cos_identity,cap_cos_lift,cat_precision_10
a,clip-base,—,300,0.5,aggregate,0.74,0.905,0.94,0.9575,7,10,0.152,0.6276618242263794,0.3539123790558441,0.3191400942623377,0.2204320452331692,0.3539123790558441,0.3539352624272532,0.353889498643252,,,,,,0.64125
a,clip-base,—,300,0.5,heldout,0.42,0.73,0.81,0.86,9,10,0.106,0.6221083402633667,0.4422059181364525,0.3033883829336406,0.198480491609487,0.4422059181364525,0.433843116330507,0.4508974611398547,,,,,,0.519
a,clip-large,—,300,0.5,aggregate,0.83,0.915,0.945,0.965,8,10,0.147,0.5870242714881897,0.3002029272789427,0.2624529780285595,0.156234458565247,0.3002029272789427,0.3023492674863811,0.2980868454802935,,,,,,0.67625
a,clip-large,—,300,0.5,heldout,0.5,0.69,0.78,0.86,7,10,0.086,0.6173869967460632,0.4064364369780622,0.2586921409939585,0.1581066519446925,0.4064364369780622,0.4072436298764365,0.4056324376052922,,,,,,0.615
a,dinov2-base,—,300,0.5,aggregate,0.795,0.8675,0.895,0.9325,9,10,0.151,0.5690942406654358,0.3144336708822786,0.2773237265792817,0.1340574876389768,0.3144336708822786,0.3154781326224269,0.31339610217502,,,,,,0.6359999999999999
a,dinov2-base,—,300,0.5,heldout,0.23,0.48,0.59,0.73,9,10,0.052,0.423495352268219,0.3231884044242479,0.151099384726892,0.0912265507952159,0.323188404424248,0.3218988743137486,0.3244883078313211,,,,,,0.416
a,dinov2-large,—,300,0.5,aggregate,0.825,0.8825,0.915,0.945,10,10,0.173,0.5616315603256226,0.3487279406054825,0.3141571709822499,0.1866540286217618,0.3487279406054825,0.3456558152186378,0.3518551646714098,,,,,,0.6515000000000001
a,dinov2-large,—,300,0.5,heldout,0.34,0.54,0.66,0.78,4,10,0.06,0.5461316704750061,0.3496660724859978,0.1786217596677136,0.1947099303693276,0.3496660724859978,0.3467352725452163,0.3526468402950144,,,,,,0.397
a,dinov2-small,—,300,0.5,aggregate,0.7725,0.865,0.905,0.93,9,10,0.145,0.5817029476165771,0.3493348625921184,0.3146951415665048,0.1758155039390656,0.3493348625921184,0.3460907188225574,0.3526404009886839,,,,,,0.6182500000000001
a,dinov2-small,—,300,0.5,heldout,0.24,0.46,0.62,0.72,7,10,0.07,0.5456169247627258,0.3500375684095566,0.1852571969124953,0.1033541626546427,0.3500375684095566,0.3456704036947439,0.3545164937258995,,,,,,0.385
a,vit-mae-base,—,300,0.5,aggregate,0.2525,0.4425,0.53,0.6225,8,10,0.0755,0.4814977347850799,0.1845911661171726,0.1417750178021133,0.077857045398752,0.1845911661171726,0.1848097462736594,0.1843731023927989,,,,,,0.38825
a,vit-mae-base,—,300,0.5,heldout,0.02,0.11,0.16,0.28,5,10,0.046,0.3752714991569519,0.3103238946776226,0.1346931725338322,0.0537981607373246,0.3103238946776226,0.3084958202363458,0.3121737637563118,,,,,,0.267
b,—,clap-fused,300,0.5,aggregate,0.295,0.51,0.6275,0.72,11,20,0.105,0.5744014382362366,0.4146886522612248,0.2947594807578662,0.1370458135860979,0.4146886522612248,0.4101812078100917,0.4192962612155382,,,,,,0.36375
b,—,clap-fused,300,0.5,heldout,0.04,0.17,0.35,0.45,11,20,0.07,0.5256679058074951,0.5370244185448574,0.1972752016249492,0.1124877291363236,0.5370244185448574,0.5227046531724341,0.5521508785505874,,,,,,0.275
b,—,clap-larger,300,0.5,aggregate,0.4075,0.655,0.7475,0.8275,11,20,0.107,0.5350586175918579,0.3866836942238638,0.2629353113957172,0.1156760407667413,0.3866836942238639,0.3851318850419508,0.3882480593850292,,,,,,0.42025
b,—,clap-larger,300,0.5,heldout,0.09,0.31,0.47,0.64,10,20,0.07,0.6042425036430359,0.5722055503771073,0.2089521323631473,0.1449085354541069,0.5722055503771072,0.5749434446731472,0.5694936083307615,,,,,,0.3429999999999999
b,—,clap-unfused,300,0.5,aggregate,0.3275,0.515,0.635,0.7275,14,20,0.1105,0.5963510870933533,0.4458904035224472,0.331912382587063,0.1628496798802512,0.4458904035224472,0.4410981798445201,0.4507878992346187,,,,,,0.37875
b,—,clap-unfused,300,0.5,heldout,0.08,0.19,0.34,0.49,7,20,0.076,0.5704059600830078,0.5619827435490714,0.1994123981522817,0.1122307197780548,0.5619827435490714,0.5534018633467706,0.5708339198938638,,,,,,0.294
b,—,mert-330m,300,0.5,aggregate,0.0875,0.22,0.2925,0.39,8,20,0.1089999999999999,0.5928901433944702,0.3919309696645031,0.2685626983579587,0.1209845533548286,0.3919309696645031,0.3876806879792935,0.3962754791110331,,,,,,0.24025
b,—,mert-330m,300,0.5,heldout,0.01,0.05,0.08,0.2,3,20,0.062,0.4961691200733185,0.5076181967587657,0.1800938576699269,0.0792681784484119,0.5076181967587657,0.4782911812372396,0.5407765819310466,,,,,,0.157
b,—,mert-95m,300,0.5,aggregate,0.18,0.3275,0.43,0.515,9,20,0.0765,0.5658867955207825,0.3244603843049018,0.2009122783016447,0.0811290555019459,0.3244603843049018,0.3332130399199154,0.3161557793646508,,,,,,0.27375
b,—,mert-95m,300,0.5,heldout,0.02,0.08,0.2,0.24,3,20,0.06,0.511527419090271,0.5107653357818047,0.1371121164277606,0.0695009250193604,0.5107653357818046,0.50514989276926,0.5165070291470227,,,,,,0.171
c-transitive,clip-base,clap-fused,300,0.5,aggregate,0.2375,0.42,0.4975,0.6075,8,15,0.0335,0.2024465799331665,0.2130746103035305,0.1246977969775216,0.0522832742729207,0.2130746103035305,0.2208489674590209,0.2058289886065331,0.3277611259594801,0.3216786917863963,0.2174418922666189,0.3875973658998651,0.1103192336928611,0.26075
c-transitive,clip-base,clap-fused,300,0.5,heldout,0.0434782608695652,0.0869565217391304,0.1304347826086956,0.1739130434782608,3,15,0.0,0.0015340615063905,0.7982285569932235,0.062781853120878,0.0568962134588973,0.7982285569932234,0.7764871444147756,0.8212225477605037,0.2102863209163112,0.2341924325329767,0.1843226838319145,0.5509992236268333,0.0259636370843967,0.1956521739130435
d,clip-base,clap-fused,0,0.7,aggregate,0.07,0.1725,0.2475,0.3525,9,15,0.0325,0.4191980063915252,0.2210588752791033,0.1335949319558781,0.0584184812074596,0.2210588752791033,0.228873726179485,0.2137600771206719,0.5276128832013615,0.4895339436955328,0.2174418922666189,0.3875973658998651,0.3101709909347425,0.19
d,clip-base,clap-fused,0,0.7,heldout,0.217391304347826,0.2608695652173913,0.3043478260869565,0.3478260869565217,5,15,0.008695652173913,0.1774476021528244,0.7451159714939897,-0.0567111557788244,-0.047705814146099,0.7451159714939898,0.7077484155871024,0.7866493212605656,0.420284320923263,0.4026676449097712,0.1843226838319145,0.5509992236268333,0.2359616370913485,0.1869565217391304
unsup,clip-base,clap-fused,0,1.0,aggregate,0.01,0.0425,0.07,0.0975,3,15,0.0989999999999999,0.6557573676109314,0.3718542898461808,0.3020074510952208,0.1729918562222689,0.3718542898461808,0.3798041860377277,0.3642303778407604,0.2742621838811757,0.2439873046179264,0.2174418922666189,0.3875973658998651,0.0568202916145567,0.12975
unsup,clip-base,clap-fused,0,1.0,heldout,0.0,0.0,0.0,0.0,2,15,0.0434782608695652,0.5473647117614746,0.5884276801113618,-0.0938563087221921,-0.0606999635435654,0.5884276801113619,0.4968766471498145,0.7213360383587136,0.2432606153762129,0.2252770679936383,0.1843226838319145,0.5509992236268333,0.0589379315442984,0.1565217391304348
text,clip-base,clap-fused,0,,aggregate,0.0625,0.1675,0.2325,0.32,4,15,0.034,0.3169291913509369,0.2904306744098206,0.2117409097729663,0.1136149068288732,0.2904306744098206,0.2927666018869902,0.288131727687715,0.6260784439604461,0.3646712136523085,0.2174418922666189,0.3875973658998651,0.4086365516938272,0.1652499999999999
text,clip-base,clap-fused,0,,heldout,0.0,0.0869565217391304,0.1304347826086956,0.217391304347826,1,15,0.0260869565217391,0.4564850628376007,0.7084914517167762,0.071980815923664,0.0445034194141063,0.7084914517167761,0.6287378642981414,0.8114174139156012,0.5509992236268333,0.2981310397499184,0.1843226838319145,0.5509992236268333,0.3666765397949187,0.0652173913043478
random,clip-base,clap-fused,0,,aggregate,0.0,0.01,0.025,0.04,1,15,0.011,0.0005941544659435,0.1076355956235716,0.0072933690444314,3.1379829912503187e-05,0.1076355956235716,0.1113117454989972,0.1041944979310316,0.2007496640301845,0.2182743484366396,0.2174418922666189,0.3875973658998651,-0.0166922282364343,0.0684999999999999
random,clip-base,clap-fused,0,,heldout,0.0,0.0434782608695652,0.0434782608695652,0.0869565217391304,2,15,0.017391304347826,0.1785453259944915,0.7297956168045305,-0.0575937390009669,-0.0487882653061224,0.7297956168045305,0.6848355059778778,0.7810738688845039,0.1255812515997093,0.1824729161607005,0.1843226838319145,0.5509992236268333,-0.0587414322322051,0.0739130434782608
procrustes,clip-base,clap-fused,300,,aggregate,0.4225,0.55,0.605,0.6775,3,15,0.133,0.5347340703010559,0.3394095729445877,0.2666648456666621,0.1264655938534659,0.3394095729445878,0.3247472720420313,0.3554584813113312,0.3416968972985889,0.2312981905996119,0.2174418922666189,0.3875973658998651,0.1242550050319699,0.25625
procrustes,clip-base,clap-fused,300,,heldout,0.0,0.0,0.0,0.0,2,15,0.1217391304347826,0.2622547745704651,0.6288157558982216,0.207903998538167,0.1222896790980052,0.6288157558982216,0.4901163023979398,0.8770007873474381,0.2759661344626281,0.1958317392088832,0.1843226838319145,0.5509992236268333,0.0916434506307136,0.0826086956521739
direct,clip-base,clap-fused,300,,aggregate,0.2925,0.4325,0.5175,0.615,3,15,0.115,0.5509088039398193,0.3647298103443471,0.2961153558592617,0.1341557286877451,0.3647298103443471,0.3494933966191182,0.3813552649278788,0.3259755674947483,0.2332917814286092,0.2174418922666189,0.3875973658998651,0.1085336752281293,0.3095
direct,clip-base,clap-fused,300,,heldout,0.0,0.0,0.0,0.0,3,15,0.1130434782608695,0.3434407413005829,0.6444998025932173,0.1038827623815068,0.0600872233887901,0.6444998025932173,0.534054131817161,0.8125375533914398,0.2744062805707444,0.1975875644052854,0.1843226838319145,0.5509992236268333,0.0900835967388299,0.1304347826086956
c-transitive,clip-base,clap-larger,300,0.5,aggregate,0.3325,0.54,0.6375,0.73,10,15,0.0345,0.1715229153633117,0.2227602614935626,0.1356147673419802,0.0512540131364647,0.2227602614935627,0.2293037202628073,0.2165798925254386,0.3423229265729712,0.3315568992040222,0.2174418922666189,0.3875973658998651,0.1248810343063523,0.2665
c-transitive,clip-base,clap-larger,300,0.5,heldout,0.0,0.1,0.1,0.25,7,15,0.02,0.0291659329086542,0.8215217589963366,0.2747672545913495,0.1938365341670388,0.8215217589963366,0.7532928161370611,0.903341226258602,0.2053155887020303,0.2496161790529182,0.2107875617684081,0.6177341696020362,-0.0054719730663778,0.155
d,clip-base,clap-larger,0,0.7,aggregate,0.0625,0.1725,0.23,0.3525,8,15,0.0395,0.4099447429180145,0.2219447058735407,0.1345193794749163,0.0622071689808208,0.2219447058735408,0.2284876321916402,0.2157660716294211,0.5284374798591615,0.4885770015220408,0.2174418922666189,0.3875973658998651,0.3109955875925425,0.18175
d,clip-base,clap-larger,0,0.7,heldout,0.05,0.15,0.15,0.3,7,15,0.01,0.2233128398656845,0.8336972773037123,0.1995942745763265,0.1459545214172395,0.8336972773037122,0.7916432745485871,0.8804699685840793,0.5129048793907192,0.4686957788907925,0.2107875617684081,0.6177341696020362,0.302117317622311,0.2199999999999999
unsup,clip-base,clap-larger,0,1.0,aggregate,0.015,0.035,0.0675,0.1225,2,15,0.099,0.6810665130615234,0.3934808930002444,0.3259983823434784,0.1865047142094039,0.3934808930002444,0.3997501861749268,0.3874052064819375,0.2775745669026806,0.2429362652292565,0.2174418922666189,0.3875973658998651,0.0601326746360616,0.135
unsup,clip-base,clap-larger,0,1.0,heldout,0.0,0.0,0.05,0.2,3,15,0.16,0.6053490042686462,0.785948439079963,0.2324850944964134,0.1553923463471202,0.7859484390799629,0.6995572267056774,0.8966836020355188,0.2383924132794009,0.2344022915942095,0.2107875617684081,0.6177341696020362,0.0276048515109927,0.22
text,clip-base,clap-larger,0,,aggregate,0.0625,0.1675,0.2325,0.32,4,15,0.024,0.3074186444282532,0.289125914353456,0.208651693082258,0.0921195206630845,0.289125914353456,0.2879037326043138,0.2903585169212626,0.6260784439604461,0.3646712136523085,0.2174418922666189,0.3875973658998651,0.4086365516938272,0.17725
text,clip-base,clap-larger,0,,heldout,0.05,0.1,0.15,0.35,6,15,0.01,0.4455699622631073,0.8634735441331755,0.4771626384122192,0.468,0.8634735441331755,0.7801606108527532,0.966707745935204,0.6177341696020362,0.3205667128138281,0.2107875617684081,0.6177341696020362,0.406946607833628,0.17
random,clip-base,clap-larger,0,,aggregate,0.0,0.01,0.025,0.04,3,15,0.0155,0.0069251833483576,0.1024692805712285,0.0018179659079188,-0.0020783311409466,0.1024692805712285,0.1060177279873588,0.0991506756045343,0.2007496640301845,0.2182743484366396,0.2174418922666189,0.3875973658998651,-0.0166922282364343,0.06575
random,clip-base,clap-larger,0,,heldout,0.0,0.0,0.0,0.05,5,15,0.0,0.037647645920515,0.7662406169881945,-0.0701170074451131,-0.0549973558963511,0.7662406169881946,0.721180971622296,0.8173062011158313,0.1438390885831726,0.206322010259703,0.2107875617684081,0.6177341696020362,-0.0669484731852355,0.055
procrustes,clip-base,clap-larger,300,,aggregate,0.5675,0.66,0.6975,0.745,2,15,0.0825,0.451205164194107,0.3108174714874394,0.2357363825371348,0.1187090012699059,0.3108174714874394,0.3118918095482403,0.309750509318745,0.3766774072708244,0.2290816580329707,0.2174418922666189,0.3875973658998651,0.1592355150042055,0.2975
procrustes,clip-base,clap-larger,300,,heldout,0.0,0.05,0.1,0.15,5,15,0.09,0.4119903147220611,0.7094545920725261,0.0993643063373781,0.0660112359550561,0.7094545920725263,0.6088127613378168,0.8499600886867965,0.3361347320083468,0.2197351350380498,0.2107875617684081,0.6177341696020362,0.1253471702399387,0.2449999999999999
direct,clip-base,clap-larger,300,,aggregate,0.29,0.4775,0.5725,0.66,5,15,0.081,0.4726467728614807,0.3699112761697242,0.3044463275706193,0.1555379373865151,0.3699112761697242,0.3620761529458344,0.3780929947949525,0.3591473104108528,0.2300215451096814,0.2174418922666189,0.3875973658998651,0.1417054181442339,0.3345
direct,clip-base,clap-larger,300,,heldout,0.0,0.05,0.05,0.05,5,15,0.03,0.3963354825973511,0.7525813440855427,0.2330490631942292,0.199438202247191,0.7525813440855427,0.6458216372742935,0.901627973249604,0.33420657102667,0.2190886034176584,0.2107875617684081,0.6177341696020362,0.1234190092582619,0.2349999999999999
c-transitive,clip-base,clap-unfused,300,0.5,aggregate,0.2375,0.4225,0.51,0.605,9,15,0.0365,0.1879865378141403,0.2174217472013347,0.1294513234715233,0.0497599947809538,0.2174217472013347,0.2250073041784738,0.2103309661546996,0.335259000436369,0.3287103642633446,0.2174418922666189,0.3875973658998651,0.11781710816975,0.295
c-transitive,clip-base,clap-unfused,300,0.5,heldout,0.0,0.0,0.0434782608695652,0.217391304347826,6,15,0.0347826086956521,0.0162053704261779,0.7665100255691774,0.1201297321500535,0.0934499068367493,0.7665100255691774,0.712220551849267,0.8297589391293969,0.2617692560184021,0.2771112540065077,0.1959103363806153,0.5599622336571964,0.0658589196377868,0.2347826086956521
d,clip-base,clap-unfused,0,0.7,aggregate,0.0625,0.175,0.26,0.3575,9,15,0.0325,0.4115369915962219,0.2391182912044318,0.1535635973498704,0.0690991632986945,0.2391182912044318,0.247214399424088,0.2315356516148708,0.5281655015118085,0.4886883587562786,0.2174418922666189,0.3875973658998651,0.3107236092451896,0.2045
d,clip-base,clap-unfused,0,0.7,heldout,0.0869565217391304,0.0869565217391304,0.217391304347826,0.391304347826087,5,15,0.0,0.1901141107082367,0.7321956652833894,0.1035801396063473,0.0827178729689808,0.7321956652833893,0.6619225963686536,0.8191620770828782,0.474945502785479,0.4424225300201122,0.1959103363806153,0.5599622336571964,0.2790351664048637,0.2130434782608695
unsup,clip-base,clap-unfused,0,1.0,aggregate,0.0025,0.02,0.05,0.0925,2,15,0.0945,0.6867650747299194,0.3962441089427063,0.3286796273446674,0.2202022849623378,0.3962441089427063,0.4020735031248091,0.3905813320450341,0.2647191413893215,0.2459239517489168,0.2174418922666189,0.3875973658998651,0.0472772491227026,0.1065
unsup,clip-base,clap-unfused,0,1.0,heldout,0.0,0.0,0.0869565217391304,0.1739130434782608,1,15,0.0695652173913043,0.4040179550647735,0.7442091703309431,0.1070617132920674,0.0827178729689808,0.7442091703309432,0.6792192654708583,0.8229518783117484,0.2888017581939235,0.2221533144005311,0.1959103363806153,0.5599622336571964,0.0928914218133082,0.1
text,clip-base,clap-unfused,0,,aggregate,0.0625,0.1675,0.2325,0.32,3,15,0.023,0.3356451988220215,0.2830082999413347,0.2009139694733155,0.1057177666746325,0.2830082999413348,0.2823845651265038,0.2836347962835135,0.6260784439604461,0.3646712136523085,0.2174418922666189,0.3875973658998651,0.4086365516938272,0.18875
text,clip-base,clap-unfused,0,,heldout,0.0434782608695652,0.0869565217391304,0.1739130434782608,0.217391304347826,4,15,0.0347826086956521,0.2555527985095978,0.7569685775599202,0.1111258545643114,0.0827178729689808,0.7569685775599201,0.6979559767911448,0.8268819472549638,0.5599622336571964,0.2929493190473753,0.1959103363806153,0.5599622336571964,0.3640518972765811,0.1652173913043478
random,clip-base,clap-unfused,0,,aggregate,0.0,0.01,0.025,0.04,1,15,0.012,-0.0179891716688871,0.0961627854319802,-0.0049765237321631,-0.0022796054621345,0.0961627854319802,0.0988044511050181,0.0936586981650902,0.2007496640301845,0.2182743484366396,0.2174418922666189,0.3875973658998651,-0.0166922282364343,0.06675
random,clip-base,clap-unfused,0,,heldout,0.0,0.0,0.0434782608695652,0.0869565217391304,3,15,0.008695652173913,-0.0196320079267025,0.7297956168045309,-0.0575937390009662,-0.0487882653061224,0.7297956168045308,0.684835505977878,0.7810738688845044,0.1225976794914751,0.1974258762839964,0.1959103363806153,0.5599622336571964,-0.0733126568891402,0.0565217391304347
procrustes,clip-base,clap-unfused,300,,aggregate,0.36,0.49,0.5425,0.6275,2,15,0.11,0.5375173091888428,0.3582227707043167,0.2878563227325333,0.1314671395526806,0.3582227707043168,0.3419954222077245,0.3760667714175,0.3574521480044867,0.236883069084465,0.2174418922666189,0.3875973658998651,0.1400102557378678,0.25875
procrustes,clip-base,clap-unfused,300,,heldout,0.0,0.0,0.0,0.0,3,15,0.0869565217391304,0.3326221108436584,0.6321779378801257,0.0806977640028553,0.0382840076024979,0.6321779378801257,0.5191248361795142,0.8081805271658813,0.3146318509156095,0.2150599467290298,0.1959103363806153,0.5599622336571964,0.1187215145349942,0.1956521739130435
direct,clip-base,clap-unfused,300,,aggregate,0.2575,0.44,0.5375,0.6325,2,15,0.1089999999999999,0.5346159338951111,0.3890001678255218,0.3244823516260992,0.1718470505725861,0.3890001678255217,0.3782448361940076,0.4003850529929474,0.3503622816817223,0.2434739505487013,0.2174418922666189,0.3875973658998651,0.1329203894151033,0.3390000000000001
direct,clip-base,clap-unfused,300,,heldout,0.0,0.0,0.0,0.0869565217391304,3,15,0.0260869565217391,0.2096470445394516,0.7185829082964417,0.1154990839546856,0.1196938065414057,0.7185829082964417,0.637865582514574,0.8226882160118215,0.3172788450635095,0.2188736879307057,0.1959103363806153,0.5599622336571964,0.1213685086828942,0.1739130434782608
c-transitive,clip-base,mert-330m,300,0.5,aggregate,0.085,0.195,0.26,0.32,5,15,0.0165,0.112655222415924,0.1812353588485847,0.0893445785163234,0.0307694857219487,0.1812353588485847,0.1878555278137924,0.1750659057090948,0.3104754400161268,0.2882739944916643,0.2174418922666189,0.3875973658998651,0.0930335477495079,0.1825
c-transitive,clip-base,mert-330m,300,0.5,heldout,0.0,0.05,0.05,0.05,2,15,0.01,-0.0566901192069053,0.767345644480788,0.0521169731843522,0.0377532228360957,0.767345644480788,0.6945257261437509,0.8572242437567087,0.1966868491035687,0.2264544897912458,0.197681801438289,0.5833116496478549,-0.0009949523347203,0.105
d,clip-base,mert-330m,0,0.7,aggregate,0.055,0.15,0.2175,0.3325,7,15,0.0205,0.4648492634296417,0.2012741890781597,0.1117665294114069,0.0453249220050501,0.2012741890781597,0.2074274425964956,0.1954754856624282,0.5257521099201959,0.4861039624321354,0.2174418922666189,0.3875973658998651,0.308310217653577,0.1305
d,clip-base,mert-330m,0,0.7,heldout,0.0,0.15,0.35,0.5,2,15,0.03,0.0963841155171394,0.7336177826048839,-0.0620790360851803,-0.0489678348535765,0.7336177826048838,0.6616226593257056,0.8231945059929655,0.4804586781263898,0.4292109002004067,0.197681801438289,0.5833116496478549,0.2827768766881008,0.155
unsup,clip-base,mert-330m,0,1.0,aggregate,0.0025,0.02,0.035,0.07,2,15,0.101,0.7887922525405884,0.3892292764037584,0.3209854904122526,0.1911510652121989,0.3892292764037584,0.3913741777451173,0.3871077569109991,0.2202460653340232,0.2161594901933861,0.2174418922666189,0.3875973658998651,0.0028041730674042,0.0735
unsup,clip-base,mert-330m,0,1.0,heldout,0.0,0.0,0.05,0.05,1,15,0.07,0.6039016246795654,0.8203983712406583,0.3075854328851816,0.2484177215189873,0.8203983712406583,0.7322452607074682,0.932681478994197,0.1561601822417633,0.1764075465488868,0.197681801438289,0.5833116496478549,-0.0415216191965257,0.065
text,clip-base,mert-330m,0,,aggregate,0.0625,0.1675,0.2325,0.32,4,15,0.0115,0.324794054031372,0.1904663684437893,0.1032995428901114,0.0627439208951981,0.1904663684437894,0.1840576842653803,0.1973374389331653,0.6260784439604461,0.3646712136523085,0.2174418922666189,0.3875973658998651,0.4086365516938272,0.1357499999999999
text,clip-base,mert-330m,0,,heldout,0.0,0.1,0.25,0.3,5,15,0.01,0.1694877445697784,0.7182751889587147,0.0326743047633053,0.0229430379746835,0.7182751889587146,0.6252226361481283,0.8438691335373719,0.5833116496478549,0.3088439469585726,0.197681801438289,0.5833116496478549,0.3856298482095658,0.18
random,clip-base,mert-330m,0,,aggregate,0.0,0.01,0.025,0.04,4,15,0.0155,-0.0024350988678634,0.0967114258344519,-0.0042608991728104,0.0016641540711,0.096711425834452,0.0989804448192505,0.0945441051097714,0.2007496640301845,0.2182743484366396,0.2174418922666189,0.3875973658998651,-0.0166922282364343,0.076
random,clip-base,mert-330m,0,,heldout,0.0,0.0,0.0,0.0,3,15,0.01,-0.1234900057315826,0.8054022004404618,0.0792814063557124,0.0648523451071221,0.8054022004404618,0.7521937504760229,0.8667113619521855,0.145028840088255,0.1924430184255693,0.197681801438289,0.5833116496478549,-0.052652961350034,0.085
procrustes,clip-base,mert-330m,300,,aggregate,0.5925,0.6575,0.685,0.71,2,15,0.057,0.4365230500698089,0.3021048726169709,0.2240073186134476,0.1274494681406215,0.302104872616971,0.3065909654422324,0.2977481691394741,0.3796220513312642,0.2214318678664214,0.2174418922666189,0.3875973658998651,0.1621801590646452,0.281
procrustes,clip-base,mert-330m,300,,heldout,0.0,0.05,0.05,0.05,2,15,0.02,0.4620219469070434,0.7638234301464315,0.0581507520168189,0.0471414242728184,0.7638234301464315,0.6893679490051456,0.85630950575993,0.3318726187169994,0.1948329198641248,0.197681801438289,0.5833116496478549,0.1341908172787103,0.215
direct,clip-base,mert-330m,300,,aggregate,0.0625,0.145,0.1725,0.29,1,15,0.1325,0.5369481444358826,0.2884672201170436,0.2227085260633289,0.1051294851749939,0.2884672201170436,0.2516498082739862,0.3379039746415677,0.2575997166390794,0.2201022609207262,0.2174418922666189,0.3875973658998651,0.0401578243724604,0.199
direct,clip-base,mert-330m,300,,heldout,0.0,0.0,0.0,0.0,0,15,0.05,0.4668082594871521,0.5896239893193458,0.0318086831770406,0.0117268772460752,0.5896239893193457,0.4553742101179112,0.8361231116442351,0.194937539626315,0.1935619814300136,0.197681801438289,0.5833116496478549,-0.0027442618119739,0.125
c-transitive,clip-base,mert-95m,300,0.5,aggregate,0.13,0.2575,0.32,0.4475,6,15,0.0215,0.174973651766777,0.1653196957105279,0.0724767439610441,0.0295218491336468,0.165319695710528,0.1697932278656548,0.1610758400575701,0.3044521753552627,0.292536978177279,0.2174418922666189,0.3875973658998651,0.0870102830886437,0.17175
c-transitive,clip-base,mert-95m,300,0.5,heldout,0.0,0.0,0.0384615384615384,0.2307692307692307,3,15,0.023076923076923,-0.0505212806165218,0.6909919291906059,-0.0165266087187814,-0.0132704452793988,0.6909919291906059,0.6595530635746484,0.7255780004402858,0.288772419828379,0.2802127545537021,0.2209067839227922,0.6076263127174166,0.0678656359055867,0.1538461538461538
d,clip-base,mert-95m,0,0.7,aggregate,0.0525,0.1325,0.2225,0.3175,5,15,0.0205,0.5099044442176819,0.1858735573679225,0.0957537662236928,0.0341948458160529,0.1858735573679226,0.1895122933163162,0.182371920345199,0.5263461313964125,0.4862864052882517,0.2174418922666189,0.3875973658998651,0.3089042391297936,0.12325
d,clip-base,mert-95m,0,0.7,heldout,0.0769230769230769,0.2692307692307692,0.4230769230769231,0.5384615384615384,3,15,0.0153846153846153,0.4071499705314636,0.6957388405492031,-0.0701055056374721,-0.0568614698504134,0.6957388405492032,0.6775897713267468,0.7148869039574608,0.4964248628382121,0.4661339172609148,0.2209067839227922,0.6076263127174166,0.2755180789154198,0.1576923076923077
unsup,clip-base,mert-95m,0,1.0,aggregate,0.005,0.0125,0.0225,0.05,2,15,0.0954999999999999,0.7933485507965088,0.3462460188288822,0.2729703251553262,0.1835205877073629,0.3462460188288822,0.3458049819036854,0.3466881821806918,0.2136118422738835,0.2254619069323426,0.2174418922666189,0.3875973658998651,-0.0038300499927354,0.083
unsup,clip-base,mert-95m,0,1.0,heldout,0.0,0.0384615384615384,0.0384615384615384,0.1153846153846153,1,15,0.0538461538461538,0.6446001529693604,0.6839733240300265,0.1415424602489496,0.099124071404812,0.6839733240300265,0.6128826745056443,0.7737201376054514,0.2523848186332085,0.2262574735161354,0.2209067839227922,0.6076263127174166,0.0314780347104162,0.1076923076923077
text,clip-base,mert-95m,0,,aggregate,0.0625,0.1675,0.2325,0.32,4,15,0.0175,0.2899489402770996,0.2135147428205419,0.1306208323513224,0.0626926223664017,0.2135147428205419,0.2113342255486462,0.2157407257512797,0.6260784439604461,0.3646712136523085,0.2174418922666189,0.3875973658998651,0.4086365516938272,0.126
text,clip-base,mert-95m,0,,heldout,0.0769230769230769,0.2307692307692307,0.3076923076923077,0.3846153846153846,3,15,0.0615384615384615,0.2743027806282043,0.7302387377932708,0.260717004729083,0.2419592438006383,0.7302387377932709,0.6587835716432725,0.8190805677646307,0.6076263127174166,0.3211260543683925,0.2209067839227922,0.6076263127174166,0.3867195287946244,0.1461538461538461
random,clip-base,mert-95m,0,,aggregate,0.0,0.01,0.025,0.04,3,15,0.0155,-0.0551876947283744,0.1054488743925641,0.0070428758971317,0.0011683702764694,0.1054488743925641,0.1072911349208049,0.1036688115782303,0.2007496640301845,0.2182743484366396,0.2174418922666189,0.3875973658998651,-0.0166922282364343,0.0785
random,clip-base,mert-95m,0,,heldout,0.0,0.0384615384615384,0.0384615384615384,0.0384615384615384,1,15,0.0076923076923076,-0.0361685529351234,0.7155003749041593,0.0557523365396656,0.0386921416580062,0.7155003749041593,0.684397923059493,0.7495643121819051,0.1995354031674377,0.2199714971789753,0.2209067839227922,0.6076263127174166,-0.0213713807553544,0.0884615384615384
procrustes,clip-base,mert-95m,300,,aggregate,0.7,0.735,0.75,0.7675,3,15,0.038,0.2808168530464172,0.22335228378976,0.1387354086019105,0.0706083154523055,0.22335228378976,0.2250330336797465,0.22169645448597,0.383148208591728,0.2206620984246026,0.2174418922666189,0.3875973658998651,0.165706316325109,0.2945
procrustes,clip-base,mert-95m,300,,heldout,0.0384615384615384,0.0769230769230769,0.1153846153846153,0.1153846153846153,3,15,0.0307692307692307,0.2359313368797302,0.6846130257028652,0.1438057153203054,0.1026652391953569,0.6846130257028651,0.6137542241414607,0.7739688325801618,0.3493349726077837,0.2228765987838879,0.2209067839227922,0.6076263127174166,0.1284281886849915,0.2153846153846153
direct,clip-base,mert-95m,300,,aggregate,0.11,0.2075,0.255,0.3325,2,15,0.1344999999999999,0.4049704074859619,0.2535587275267559,0.1891505811835738,0.0998667779798788,0.253558727526756,0.2144949376651534,0.3100194243510861,0.2637460919637996,0.2195111116714549,0.2174418922666189,0.3875973658998651,0.0463041996971807,0.2105
direct,clip-base,mert-95m,300,,heldout,0.0,0.0,0.0,0.0,3,15,0.1153846153846154,0.129831925034523,0.5182507084375003,0.0427570531719534,0.0286909742976688,0.5182507084375002,0.4124469052873055,0.6970673703999551,0.2412252937827342,0.2216932320250486,0.2209067839227922,0.6076263127174166,0.020318509859942,0.1884615384615384
c-transitive,clip-large,clap-fused,300,0.5,aggregate,0.2475,0.46,0.56,0.65,7,15,0.0315,0.1764079332351684,0.2139476820152337,0.1203489044680024,0.0470449005392408,0.2139476820152337,0.2178693491034934,0.2101646992886331,0.3384319505298185,0.3256174239427173,0.2174418922666189,0.3875973658998651,0.1209900582631996,0.2645
c-transitive,clip-large,clap-fused,300,0.5,heldout,0.0434782608695652,0.217391304347826,0.3043478260869565,0.4782608695652174,5,15,0.0260869565217391,0.0560585930943489,0.7656236582620937,-0.0545589092885695,-0.0467710019787731,0.7656236582620937,0.7457592351072105,0.7865752783517916,0.326555646294384,0.3098340356671664,0.2093296266665792,0.6059222010324534,0.1172260196278047,0.2391304347826087
d,clip-large,clap-fused,0,0.7,aggregate,0.05,0.16,0.2375,0.335,5,15,0.0385,0.4283269345760345,0.2109626242972584,0.1170933072359513,0.0439778435695011,0.2109626242972584,0.2147249016924738,0.2073299172618019,0.5259529860086847,0.4897573852806312,0.2174418922666189,0.3875973658998651,0.3085110937420657,0.18125
d,clip-large,clap-fused,0,0.7,heldout,0.0869565217391304,0.1739130434782608,0.3478260869565217,0.391304347826087,3,15,0.0347826086956521,0.3752752542495727,0.7672644614901728,0.2523791276500403,0.1901009603545924,0.7672644614901729,0.690809860764974,0.8627481366036046,0.5202718209970871,0.4852469198379908,0.2093296266665792,0.6059222010324534,0.3109421943305078,0.2347826086956521
unsup,clip-large,clap-fused,0,1.0,aggregate,0.01,0.0275,0.045,0.0825,6,15,0.085,0.6492103934288025,0.3516643664018442,0.2744415933493562,0.154912719857222,0.3516643664018442,0.3529384188918537,0.3503994790874197,0.2366541914225806,0.2339695113048771,0.2174418922666189,0.3875973658998651,0.0192122991559616,0.09825
unsup,clip-large,clap-fused,0,1.0,heldout,0.0434782608695652,0.0869565217391304,0.0869565217391304,0.0869565217391304,2,15,0.0869565217391304,0.3527143001556396,0.7571742708632717,0.0288626971183944,0.0217132659131469,0.7571742708632717,0.7184338077716989,0.8003309121984489,0.2198259894856434,0.2108195747857971,0.2093296266665792,0.6059222010324534,0.0104963628190641,0.1521739130434782
text,clip-large,clap-fused,0,,aggregate,0.0625,0.1675,0.2325,0.32,2,15,0.0435,0.2983881831169128,0.2525036184570545,0.165035865058143,0.0825635115590878,0.2525036184570545,0.2501848122752574,0.2548658098710057,0.6260784439604461,0.3646712136523085,0.2174418922666189,0.3875973658998651,0.4086365516938272,0.1652499999999999
text,clip-large,clap-fused,0,,heldout,0.1304347826086956,0.1739130434782608,0.217391304347826,0.3478260869565217,4,15,0.0434782608695652,0.2185767889022827,0.8363089413424362,0.3329622691107063,0.2722914669223394,0.8363089413424363,0.7976500640817853,0.8789059639122928,0.6059222010324534,0.310580397597254,0.2093296266665792,0.6059222010324534,0.3965925743658741,0.1826086956521739
random,clip-large,clap-fused,0,,aggregate,0.0,0.01,0.025,0.04,0,15,0.012,0.0044090682640671,0.1199410325408663,0.0150503890293983,0.0074453564927403,0.1199410325408663,0.1218651373629676,0.1180767419530407,0.2007496640301845,0.2182743484366396,0.2174418922666189,0.3875973658998651,-0.0166922282364343,0.0684999999999999
random,clip-large,clap-fused,0,,heldout,0.0,0.0434782608695652,0.0434782608695652,0.0434782608695652,4,15,0.017391304347826,-0.0259959399700164,0.6751677496515183,-0.0725285119522314,-0.057471264367816,0.6751677496515183,0.6127476896143018,0.7517476071826164,0.1893332258899838,0.2056024991254915,0.2093296266665792,0.6059222010324534,-0.0199964007765953,0.0521739130434782
procrustes,clip-large,clap-fused,300,,aggregate,0.4575,0.5875,0.64,0.7075,0,15,0.1045,0.4170462787151336,0.2856280070111088,0.2010357665158358,0.0995935241661425,0.2856280070111088,0.2684856006259176,0.3051087468257191,0.339493068718816,0.2305742422499111,0.2174418922666189,0.3875973658998651,0.122051176452197,0.2504999999999999
procrustes,clip-large,clap-fused,300,,heldout,0.0,0.0,0.0,0.0,4,15,0.1565217391304348,0.6017348766326904,0.6639917494289336,0.2232341730775425,0.1296869625042999,0.6639917494289336,0.5314576974255372,0.8845891445909005,0.2578546193826631,0.2163371629695684,0.2093296266665792,0.6059222010324534,0.0485249927160838,0.1391304347826087
direct,clip-large,clap-fused,300,,aggregate,0.325,0.48,0.5775,0.685,0,15,0.1015,0.4239946007728576,0.2978078981429055,0.2168294283658193,0.1176454544418453,0.2978078981429054,0.2794717727088031,0.3187190339169898,0.3335120377360938,0.2328572812483277,0.2174418922666189,0.3875973658998651,0.1160701454694748,0.29925
direct,clip-large,clap-fused,300,,heldout,0.0,0.0,0.0,0.0434782608695652,4,15,0.1217391304347826,0.5012835264205933,0.6732795314242068,0.1396569383910383,0.1151466236211998,0.6732795314242068,0.5705496804924106,0.8211268468396314,0.2688112549784689,0.2200397438365372,0.2093296266665792,0.6059222010324534,0.0594816283118897,0.1608695652173913
c-transitive,clip-large,clap-larger,300,0.5,aggregate,0.355,0.5775,0.66,0.7525,6,15,0.0345,0.1622751951217651,0.2096830424421669,0.1158103559040747,0.0448040369161853,0.209683042442167,0.2130555779879091,0.2064156133525279,0.3495523140468104,0.3359787013939659,0.2174418922666189,0.3875973658998651,0.1321104217801914,0.28
c-transitive,clip-large,clap-larger,300,0.5,heldout,0.064516129032258,0.2258064516129032,0.2903225806451613,0.5161290322580645,10,15,0.0193548387096774,0.0858845636248588,0.6568981494170256,0.0360462829267924,0.01902126923742,0.6568981494170257,0.650803468711488,0.6631080608549296,0.3622097475784017,0.3619764203434842,0.2261215946016415,0.6597689602621222,0.1360881529767602,0.2612903225806451
d,clip-large,clap-larger,0,0.7,aggregate,0.07,0.155,0.24,0.35,8,15,0.0355,0.4012644588947296,0.1781233335217874,0.0800910741179764,0.0328523570722013,0.1781233335217874,0.1800245180884942,0.1762618849869214,0.5261588940936279,0.4875987308808974,0.2174418922666189,0.3875973658998651,0.308717001827009,0.1795
d,clip-large,clap-larger,0,0.7,heldout,0.1290322580645161,0.2258064516129032,0.2903225806451613,0.3870967741935484,4,15,0.0064516129032258,0.2622484564781189,0.637396312772816,0.0272715204690103,0.013802390170005,0.637396312772816,0.622444673871386,0.6530839321479969,0.5764730582793626,0.5350826188459135,0.2261215946016415,0.6597689602621222,0.350351463677721,0.2161290322580644
unsup,clip-large,clap-larger,0,1.0,aggregate,0.0075,0.0225,0.0575,0.105,4,15,0.104,0.6799560189247131,0.3876704735558133,0.315340798827276,0.1853524206554473,0.3876704735558133,0.3876487658219679,0.3876921837209943,0.2825638411144864,0.2405828808929268,0.2174418922666189,0.3875973658998651,0.0651219488478674,0.11975
unsup,clip-large,clap-larger,0,1.0,heldout,0.0,0.032258064516129,0.0967741935483871,0.1612903225806451,1,15,0.0838709677419354,0.4875472486019134,0.729981338253208,0.2831620909779064,0.2473292327614114,0.729981338253208,0.7090890042846533,0.7521421747806408,0.3100374866961154,0.248513902476459,0.2261215946016415,0.6597689602621222,0.0839158920944738,0.1129032258064516
text,clip-large,clap-larger,0,,aggregate,0.0625,0.1675,0.2325,0.32,2,15,0.026,0.2901995480060577,0.2460395282877148,0.1560348746040276,0.081777493568911,0.2460395282877149,0.2408635076952219,0.251442893908179,0.6260784439604461,0.3646712136523085,0.2174418922666189,0.3875973658998651,0.4086365516938272,0.17725
text,clip-large,clap-larger,0,,heldout,0.0967741935483871,0.2258064516129032,0.2903225806451613,0.3870967741935484,8,15,0.0258064516129032,0.382739245891571,0.7414699571318814,0.2675305951008375,0.1898666666666666,0.7414699571318814,0.7374477991247554,0.7455362307360831,0.6597689602621222,0.3342009748425782,0.2261215946016415,0.6597689602621222,0.4336473656604806,0.2290322580645161
random,clip-large,clap-larger,0,,aggregate,0.0,0.01,0.025,0.04,0,15,0.013,0.0025541891809552,0.1081721050555234,0.0021877559511989,0.0003542233263148,0.1081721050555234,0.1099571259023373,0.1064441137095068,0.2007496640301845,0.2182743484366396,0.2174418922666189,0.3875973658998651,-0.0166922282364343,0.06575
random,clip-large,clap-larger,0,,heldout,0.0,0.032258064516129,0.064516129032258,0.064516129032258,2,15,0.0258064516129032,-0.1086329296231269,0.6492042740315589,-0.0022601764570061,-0.0036583135174684,0.649204274031559,0.6481842590760453,0.6502275043393388,0.1947197797573147,0.227524868357922,0.2261215946016415,0.6597689602621222,-0.0314018148443268,0.0548387096774193
procrustes,clip-large,clap-larger,300,,aggregate,0.6275,0.6925,0.73,0.795,0,15,0.0569999999999999,0.3276966214179992,0.2499211977077756,0.1615243289949346,0.0738769191869417,0.2499211977077757,0.2499494990404994,0.2498929027833445,0.3686248006713555,0.2280556840745957,0.2174418922666189,0.3875973658998651,0.1511829084047366,0.2915
procrustes,clip-large,clap-larger,300,,heldout,0.0,0.0,0.032258064516129,0.0967741935483871,2,15,0.0580645161290322,0.2341357171535492,0.6552710086901955,0.1820015639353082,0.1125456076340162,0.6552710086901956,0.6099405370726186,0.7078803149683478,0.3939135857901604,0.2349334101869439,0.2261215946016415,0.6597689602621222,0.1677919911885189,0.2161290322580645
direct,clip-large,clap-larger,300,,aggregate,0.315,0.565,0.64,0.7025,1,15,0.064,0.3701534271240234,0.282734892539998,0.2007943039090537,0.092086074472567,0.282734892539998,0.2764253986180143,0.2893391466953442,0.3563963568393986,0.2293153838144223,0.2174418922666189,0.3875973658998651,0.1389544645727796,0.35475
direct,clip-large,clap-larger,300,,heldout,0.0,0.0,0.032258064516129,0.064516129032258,2,15,0.0258064516129032,0.3400377035140991,0.7243767539106307,0.3224271522080493,0.3005534269902086,0.7243767539106308,0.6820717104656339,0.7722767018517238,0.3471810335568584,0.2371530261477741,0.2261215946016415,0.6597689602621222,0.1210594389552168,0.2516129032258064
c-transitive,clip-large,clap-unfused,300,0.5,aggregate,0.2625,0.4625,0.5625,0.65,8,15,0.0355,0.1535478830337524,0.2140944033928165,0.120545780223488,0.0451665251091432,0.2140944033928165,0.2171267484030394,0.2111455899425985,0.3408116613453067,0.3324928308852648,0.2174418922666189,0.3875973658998651,0.1233697690786878,0.31425
c-transitive,clip-large,clap-unfused,300,0.5,heldout,0.0666666666666666,0.1333333333333333,0.2666666666666666,0.4,7,15,0.04,0.1343521773815155,0.7401971216216057,0.2620646769888263,0.1539750456299931,0.7401971216216057,0.7863825243179335,0.6991358447845855,0.334925622835457,0.345752498017341,0.2275599644790799,0.6457622410422182,0.1073656583563771,0.2799999999999999
d,clip-large,clap-unfused,0,0.7,aggregate,0.0575,0.1675,0.225,0.3325,7,15,0.04,0.4267060756683349,0.2239004261694753,0.1315288422060632,0.0539548833369211,0.2239004261694753,0.2278063251753359,0.2201262081493537,0.5251081305111819,0.4884985922833038,0.2174418922666189,0.3875973658998651,0.3076662382445629,0.19225
d,clip-large,clap-unfused,0,0.7,heldout,0.1333333333333333,0.2,0.2666666666666666,0.4333333333333333,7,15,0.0333333333333333,0.3744358122348785,0.7359608524834746,0.2950184299122275,0.1887265135699373,0.7359608524834745,0.7600599538128111,0.7133429983094779,0.5600826186673586,0.526755668352368,0.2275599644790799,0.6457622410422182,0.3325226541882786,0.25
unsup,clip-large,clap-unfused,0,1.0,aggregate,0.0,0.0075,0.02,0.065,3,15,0.1,0.6721245646476746,0.3737089662972356,0.2988125466335536,0.1577241414380688,0.3737089662972356,0.3723651496722563,0.3750625173658208,0.2244048693912967,0.2351161859734492,0.2174418922666189,0.3875973658998651,0.0069629771246778,0.0925
unsup,clip-large,clap-unfused,0,1.0,heldout,0.0,0.0333333333333333,0.0666666666666666,0.1,2,15,0.06,0.564187228679657,0.7154148348485944,0.29082918339541,0.1736709256030602,0.7154148348485942,0.7157041303759982,0.7151257730995999,0.1615359815083259,0.2214458094594884,0.2275599644790799,0.6457622410422182,-0.066023982970754,0.1699999999999999
text,clip-large,clap-unfused,0,,aggregate,0.0625,0.1675,0.2325,0.32,2,15,0.0255,0.3150421977043152,0.2578402571038541,0.1681126152666673,0.0819278424456258,0.2578402571038541,0.2529199586554781,0.2629557924069974,0.6260784439604461,0.3646712136523085,0.2174418922666189,0.3875973658998651,0.4086365516938272,0.18875
text,clip-large,clap-unfused,0,,heldout,0.1,0.2333333333333333,0.3,0.3333333333333333,5,15,0.0133333333333333,0.3468605279922485,0.6831085595068951,0.2086656306805166,0.1458428598326922,0.6831085595068952,0.6877067606055727,0.6785714397365727,0.6457622410422182,0.3273016151088771,0.2275599644790799,0.6457622410422182,0.4182022765631382,0.2299999999999999
random,clip-large,clap-unfused,0,,aggregate,0.0,0.01,0.025,0.04,0,15,0.012,-0.0223418846726417,0.1147779582132256,0.0099558163662875,0.0066855531328833,0.1147779582132256,0.1158781959617797,0.1136984169822251,0.2007496640301845,0.2182743484366396,0.2174418922666189,0.3875973658998651,-0.0166922282364343,0.06675
random,clip-large,clap-unfused,0,,heldout,0.0,0.0,0.0333333333333333,0.0333333333333333,4,15,0.0266666666666666,-0.1192600280046463,0.5865588343019308,-0.0338877382065865,-0.0329874554746786,0.5865588343019308,0.5870936767708902,0.5860249654292393,0.2311517050448536,0.2279571181682804,0.2275599644790799,0.6457622410422182,0.0035917405657736,0.0666666666666666
procrustes,clip-large,clap-unfused,300,,aggregate,0.3475,0.525,0.5975,0.67,0,15,0.1045,0.3771951794624328,0.299727943654374,0.2264738063663123,0.105180121609005,0.299727943654374,0.2824885586978732,0.3192082132061889,0.3483938945388234,0.2357314298673223,0.2174418922666189,0.3875973658998651,0.1309520022722045,0.25575
procrustes,clip-large,clap-unfused,300,,heldout,0.0,0.0,0.0,0.0666666666666666,4,15,0.18,0.2498626112937927,0.5958272825324077,0.2047620404128245,0.1127774445110977,0.5958272825324077,0.528054198932993,0.683558564317922,0.3380065320165907,0.2460519665247441,0.2275599644790799,0.6457622410422182,0.1104465675375107,0.1599999999999999
direct,clip-large,clap-unfused,300,,aggregate,0.2775,0.4825,0.59,0.685,1,15,0.0885,0.4106188416481018,0.3277050712789647,0.2516572774480604,0.123397773669106,0.3277050712789647,0.3162261378475558,0.3400487602245393,0.3433235487537101,0.2423991846305475,0.2174418922666189,0.3875973658998651,0.1258816564870911,0.3372499999999999
direct,clip-large,clap-unfused,300,,heldout,0.0,0.0333333333333333,0.0333333333333333,0.0666666666666666,5,15,0.08,0.3432849049568176,0.6018756913286919,0.1822227369478669,0.124340474222872,0.6018756913286918,0.5461799572737259,0.6702202105843919,0.3460242904016309,0.2556282223362049,0.2275599644790799,0.6457622410422182,0.1184643259225509,0.1533333333333333
c-transitive,clip-large,mert-330m,300,0.5,aggregate,0.0875,0.2,0.285,0.36,3,15,0.025,0.0920519530773162,0.1742928684420541,0.0760371444406003,0.033418312926104,0.1742928684420542,0.1772927569932056,0.1713928101562155,0.3070001060235969,0.2905493176692579,0.2174418922666189,0.3875973658998651,0.0895582137569779,0.1815
c-transitive,clip-large,mert-330m,300,0.5,heldout,0.0,0.0,0.0434782608695652,0.1304347826086956,3,15,0.008695652173913,0.0904888287186622,0.788253401578899,0.2063474170772942,0.161648177496038,0.7882534015788991,0.7412347235460354,0.841641151886155,0.3094853036176048,0.3005133742982222,0.2365751839036491,0.6727731084528221,0.0729101197139556,0.0869565217391304
d,clip-large,mert-330m,0,0.7,aggregate,0.055,0.1375,0.22,0.31,3,15,0.0204999999999999,0.4889619052410126,0.1637972118080709,0.0642469540063278,0.025971064868016,0.1637972118080709,0.1656241245711166,0.1620101627603764,0.5233066106635705,0.4853238698698299,0.2174418922666189,0.3875973658998651,0.3058647183969516,0.1265
d,clip-large,mert-330m,0,0.7,heldout,0.1304347826086956,0.1304347826086956,0.391304347826087,0.4347826086956521,3,15,0.017391304347826,0.410427838563919,0.778629945209199,0.122925297014742,0.0950819672131147,0.778629945209199,0.7412347235460356,0.8199988074523418,0.5730241412301408,0.537838145775402,0.2365751839036491,0.6727731084528221,0.3364489573264916,0.1434782608695652
unsup,clip-large,mert-330m,0,1.0,aggregate,0.005,0.01,0.0225,0.035,3,15,0.0955,0.7791025638580322,0.385443256913684,0.3151175928120783,0.1613323712469827,0.3854432569136839,0.3760407060228731,0.3953280705587486,0.2276344370823638,0.2161044975334267,0.2174418922666189,0.3875973658998651,0.0101925448157449,0.075
unsup,clip-large,mert-330m,0,1.0,heldout,0.0,0.0,0.0,0.0,0,15,0.0782608695652174,0.7549400329589844,0.6997060916269672,0.102038946745828,0.0475770925110132,0.6997060916269673,0.6131628561392707,0.8146938867739187,0.2281805445620876,0.2280505823009199,0.2365751839036491,0.6727731084528221,-0.0083946393415615,0.1347826086956521
text,clip-large,mert-330m,0,,aggregate,0.0625,0.1675,0.2325,0.32,3,15,0.0215,0.294872522354126,0.197259045295394,0.1065770153772336,0.059969378986824,0.1972590452953941,0.1875026190461408,0.2080865251819635,0.6260784439604461,0.3646712136523085,0.2174418922666189,0.3875973658998651,0.4086365516938272,0.1357499999999999
text,clip-large,mert-330m,0,,heldout,0.0869565217391304,0.217391304347826,0.3043478260869565,0.391304347826087,2,15,0.008695652173913,-0.0767242312431335,0.6953901454203638,0.0846624248160538,0.084070796460177,0.6953901454203638,0.6150781670345233,0.7998248675740796,0.6727731084528221,0.5619216358511692,0.2365751839036491,0.6727731084528221,0.4361979245491729,0.1608695652173913
random,clip-large,mert-330m,0,,aggregate,0.0,0.01,0.025,0.04,3,15,0.013,-0.0134654194116592,0.1207386466206997,0.0168045267011579,0.0065850907997293,0.1207386466206997,0.1214283908687571,0.1200566939611279,0.2007496640301845,0.2182743484366396,0.2174418922666189,0.3875973658998651,-0.0166922282364343,0.076
random,clip-large,mert-330m,0,,heldout,0.0,0.0,0.0,0.0,1,15,0.017391304347826,0.1475884765386581,0.7068502046707098,-0.0083842871323646,-0.0075093867334167,0.7068502046707099,0.648256794460955,0.7770881829906869,0.2201508520689164,0.2358545489707688,0.2365751839036491,0.6727731084528221,-0.0164243318347327,0.1043478260869565
procrustes,clip-large,mert-330m,300,,aggregate,0.635,0.69,0.72,0.76,4,15,0.045,0.3358705341815948,0.2389966062618706,0.148734406348155,0.0809591719484916,0.2389966062618705,0.2380510946829267,0.2399496587188841,0.3677917982442821,0.2210994241140241,0.2174418922666189,0.3875973658998651,0.1503499059776631,0.29475
procrustes,clip-large,mert-330m,300,,heldout,0.0,0.0869565217391304,0.0869565217391304,0.1739130434782608,3,15,0.0347826086956521,0.6592034101486206,0.7232361450871323,0.2507786392844717,0.1465271170313986,0.7232361450871325,0.6191286987449665,0.869432574489012,0.3541906130827884,0.2374551592128275,0.2365751839036491,0.6727731084528221,0.1176154291791392,0.2304347826086956
direct,clip-large,mert-330m,300,,aggregate,0.0625,0.125,0.1875,0.2625,3,15,0.126,0.4194055795669555,0.2767823855185918,0.2040141662791542,0.0813130337777627,0.2767823855185918,0.2373384450468641,0.331950102082813,0.2579931089788557,0.2201603761094197,0.2174418922666189,0.3875973658998651,0.0405512167122368,0.20975
direct,clip-large,mert-330m,300,,heldout,0.0,0.0,0.0,0.0434782608695652,2,15,0.0956521739130434,0.3219074010848999,0.570277136975751,0.0360564531779822,0.0118968935888962,0.570277136975751,0.454502011950823,0.7651949583256397,0.2674158120864661,0.2362869545873286,0.2365751839036491,0.6727731084528221,0.0308406281828169,0.2391304347826087
c-transitive,clip-large,mert-95m,300,0.5,aggregate,0.15,0.3,0.3625,0.4775,9,15,0.0195,0.1510285884141922,0.154060793297127,0.0553861075981196,0.0233082741225356,0.154060793297127,0.1544675778098172,0.1536561456602539,0.3112055020805178,0.2955830205707412,0.2174418922666189,0.3875973658998651,0.0937636098138988,0.1835
c-transitive,clip-large,mert-95m,300,0.5,heldout,0.0,0.032258064516129,0.064516129032258,0.1935483870967742,3,15,0.0064516129032258,0.1895760148763656,0.6288199799664183,0.0670115589667114,0.0645983850403739,0.6288199799664181,0.6348622409747146,0.622891648312587,0.4227623125381858,0.3575014538140778,0.2560114331963932,0.6688296756511004,0.1667508793417926,0.1354838709677419
d,clip-large,mert-95m,0,0.7,aggregate,0.045,0.145,0.225,0.335,5,15,0.02,0.5359627604484558,0.1699406723507158,0.0736519275195617,0.02364017575588,0.1699406723507157,0.1697976390908367,0.1700839467889976,0.5251454837013746,0.4859287866133376,0.2174418922666189,0.3875973658998651,0.3077035914347557,0.1165
d,clip-large,mert-95m,0,0.7,heldout,0.064516129032258,0.1935483870967742,0.3225806451612903,0.3870967741935484,3,15,0.0064516129032258,0.5997019410133362,0.6846583683109314,0.163102869968446,0.1055234954657873,0.6846583683109315,0.7005749356008891,0.6694489611569241,0.5621068633894829,0.5251759645136157,0.2560114331963932,0.6688296756511004,0.3060954301930897,0.1193548387096774
unsup,clip-large,mert-95m,0,1.0,aggregate,0.005,0.0125,0.02,0.045,1,15,0.085,0.7799853086471558,0.2986106650251469,0.2156992172762,0.1211343125778801,0.298610665025147,0.2923095399884234,0.3051894334783073,0.2128218428858276,0.223540869954007,0.2174418922666189,0.3875973658998651,-0.0046200493807913,0.0695
unsup,clip-large,mert-95m,0,1.0,heldout,0.0,0.0,0.0,0.032258064516129,0,15,0.032258064516129,0.8208731412887573,0.6424045422885526,0.1948635472659986,0.2172757475083056,0.6424045422885527,0.6095986430524424,0.678942204922271,0.2439255562823153,0.2561719689128132,0.2560114331963932,0.6688296756511004,-0.0120858769140778,0.1129032258064516
text,clip-large,mert-95m,0,,aggregate,0.0625,0.1675,0.2325,0.32,7,15,0.0255,0.2856363654136657,0.2141506780786929,0.1269226058537805,0.0638439690285181,0.2141506780786929,0.208407212896212,0.2202196814264797,0.6260784439604461,0.3646712136523085,0.2174418922666189,0.3875973658998651,0.4086365516938272,0.126
text,clip-large,mert-95m,0,,heldout,0.064516129032258,0.3225806451612903,0.3870967741935484,0.5161290322580645,3,15,0.0387096774193548,0.1352594941854477,0.6371859880367348,0.1031339316510214,0.094437775110044,0.6371859880367348,0.6360700496026197,0.6383058490175877,0.6688296756511004,0.3524324540679373,0.2560114331963932,0.6688296756511004,0.4128182424547072,0.1516129032258064
random,clip-large,mert-95m,0,,aggregate,0.0,0.01,0.025,0.04,4,15,0.015,-0.0365433879196643,0.1176281079282715,0.0151340813643927,0.0031287889112205,0.1176281079282715,0.1176192563903321,0.1176369607985713,0.2007496640301845,0.2182743484366396,0.2174418922666189,0.3875973658998651,-0.0166922282364343,0.0785
random,clip-large,mert-95m,0,,heldout,0.0,0.064516129032258,0.0967741935483871,0.0967741935483871,1,15,0.0,0.1460043787956237,0.6040697113806985,0.0612844598097734,0.0387282480701295,0.6040697113806985,0.5938835749057918,0.614611365524363,0.2408950884578623,0.2549450446343891,0.2560114331963932,0.6688296756511004,-0.0151163447385308,0.1161290322580645
procrustes,clip-large,mert-95m,300,,aggregate,0.735,0.7575,0.7725,0.8,5,15,0.037,0.21248559653759,0.2032119381591815,0.1118636594336867,0.0585072798752093,0.2032119381591815,0.201945683045823,0.2044941730072704,0.3729112746719943,0.2203633316062816,0.2174418922666189,0.3875973658998651,0.1554693824053754,0.309
procrustes,clip-large,mert-95m,300,,heldout,0.0,0.064516129032258,0.0967741935483871,0.1290322580645161,4,15,0.0774193548387097,0.371251493692398,0.6247992259418422,0.1950679900271955,0.1661559414368403,0.6247992259418423,0.5848662007225454,0.6705848825473357,0.3765909162633384,0.2581029858870508,0.2560114331963932,0.6688296756511004,0.1205794830669452,0.164516129032258
direct,clip-large,mert-95m,300,,aggregate,0.125,0.22,0.2825,0.36,4,15,0.135,0.2639587521553039,0.2190835986566809,0.1468042523467689,0.0701601734297915,0.2190835986566808,0.1856962774771136,0.2671084466455042,0.2659172379597879,0.2194929412894538,0.2174418922666189,0.3875973658998651,0.0484753456931689,0.2185
direct,clip-large,mert-95m,300,,heldout,0.0,0.0,0.0,0.0,3,15,0.0774193548387097,0.3433503210544586,0.4803244199017979,0.1300958314971536,0.1087378640776699,0.480324419901798,0.3779976208882009,0.6586169937853377,0.296186923987683,0.2569987227256145,0.2560114331963932,0.6688296756511004,0.0401754907912898,0.1838709677419354
c-transitive,dinov2-base,clap-fused,300,0.5,aggregate,0.2475,0.425,0.5175,0.6025,6,15,0.024,0.2296464741230011,0.2245611784647808,0.1314504250067504,0.0573685124935041,0.2245611784647808,0.2261082669082602,0.2230351172679326,0.3380557267489931,0.3232755848041883,0.2174418922666189,0.3875973658998651,0.1206138344823741,0.25425
c-transitive,dinov2-base,clap-fused,300,0.5,heldout,0.0285714285714285,0.0857142857142857,0.1428571428571428,0.2,3,15,0.0228571428571428,0.0945988819003105,0.6447865328075154,-0.0037414081725174,-0.0040200506228596,0.6447865328075153,0.6319896631235191,0.6581123488082138,0.187152264799543,0.1890070742413101,0.1527120666276729,0.5241085706524904,0.0344401981718701,0.1457142857142857
d,dinov2-base,clap-fused,0,0.7,aggregate,0.05,0.15,0.235,0.355,6,15,0.0425,0.3893112540245056,0.2766598016447651,0.1897336413419466,0.0831187840159675,0.2766598016447652,0.278649262207755,0.2746985478330933,0.5323436666153556,0.4925624203629689,0.2174418922666189,0.3875973658998651,0.3149017743487367,0.18575
d,dinov2-base,clap-fused,0,0.7,heldout,0.1428571428571428,0.1714285714285714,0.2571428571428571,0.2857142857142857,7,15,0.0114285714285714,0.18502277135849,0.6604571393850209,0.1631003750394956,0.095909560566462,0.6604571393850209,0.6176100458296913,0.7096925132526936,0.4141877452083608,0.3826223476389555,0.1527120666276729,0.5241085706524904,0.2614756785806879,0.1942857142857143
unsup,dinov2-base,clap-fused,0,1.0,aggregate,0.0125,0.03,0.065,0.1175,4,15,0.0885,0.6358662247657776,0.3638289103326079,0.2871031475323647,0.1251385133927162,0.3638289103326079,0.3644493172577954,0.3632106120717511,0.2836488582336786,0.2499535020574314,0.2174418922666189,0.3875973658998651,0.0662069659670596,0.1355
unsup,dinov2-base,clap-fused,0,1.0,heldout,0.0571428571428571,0.0571428571428571,0.1428571428571428,0.2,3,15,0.04,0.0855716466903686,0.5281375777037948,-0.0694827118528202,-0.0402447634737585,0.5281375777037949,0.4766302228609704,0.5921260658964788,0.1947065469519981,0.1627764123966422,0.1527120666276729,0.5241085706524904,0.0419944803243252,0.1142857142857143
text,dinov2-base,clap-fused,0,,aggregate,0.0625,0.1675,0.2325,0.32,5,15,0.0345,0.294957160949707,0.2664643294305458,0.1798500981764728,0.0671842494888204,0.2664643294305458,0.2610288049039341,0.2721310409964708,0.6260784439604461,0.3646712136523085,0.2174418922666189,0.3875973658998651,0.4086365516938272,0.1652499999999999
text,dinov2-base,clap-fused,0,,heldout,0.0857142857142857,0.1428571428571428,0.1714285714285714,0.2285714285714285,3,15,0.0228571428571428,0.2091801315546035,0.6361300059446185,0.067513577736953,0.0444103065428391,0.6361300059446184,0.6054287956924206,0.670111254722295,0.5241085706524904,0.3111176255575094,0.1527120666276729,0.5241085706524904,0.3713965040248175,0.1228571428571428
random,dinov2-base,clap-fused,0,,aggregate,0.0,0.01,0.025,0.04,0,15,0.008,0.0375741310417652,0.1124140999797596,0.0056259689251376,0.0047466509776331,0.1124140999797596,0.1128918870006785,0.1119403401458169,0.2007496640301845,0.2182743484366396,0.2174418922666189,0.3875973658998651,-0.0166922282364343,0.0684999999999999
random,dinov2-base,clap-fused,0,,heldout,0.0,0.0,0.0,0.0571428571428571,0,15,0.0114285714285714,0.0069755334407091,0.5995652065565568,-0.017873442855778,-0.0135365327397851,0.5995652065565569,0.5686895602860725,0.6339859657658353,0.1295415508448392,0.1514484149691749,0.1527120666276729,0.5241085706524904,-0.0231705157828336,0.0628571428571428
procrustes,dinov2-base,clap-fused,300,,aggregate,0.71,0.7625,0.7775,0.795,5,15,0.066,0.2745278477668762,0.2730442314065595,0.1864740605483207,0.079468867445111,0.2730442314065596,0.2732319061799556,0.2728568142725063,0.3834207745600366,0.243976118550305,0.2174418922666189,0.3875973658998651,0.1659788822934177,0.34475
procrustes,dinov2-base,clap-fused,300,,heldout,0.0,0.0571428571428571,0.0571428571428571,0.0571428571428571,4,15,0.04,0.2906910181045532,0.6121039660753682,-0.0122415480403347,-0.0096629743106292,0.6121039660753681,0.5858278100419443,0.6408479420891162,0.2130238978406171,0.1701024275511378,0.1527120666276729,0.5241085706524904,0.0603118312129442,0.1285714285714285
direct,dinov2-base,clap-fused,300,,aggregate,0.61,0.7075,0.735,0.76,6,15,0.0785,0.2861741483211517,0.2651237490717973,0.179145555482583,0.0737705874055176,0.2651237490717973,0.2596273801177347,0.2708578699754616,0.365500519902465,0.2352867894618537,0.2174418922666189,0.3875973658998651,0.148058627635846,0.36475
direct,dinov2-base,clap-fused,300,,heldout,0.0,0.0,0.0,0.0,2,15,0.0571428571428571,0.1631688475608825,0.5275255329800294,-0.0443823572886625,-0.0266666666666666,0.5275255329800294,0.4704576192097628,0.600349750012024,0.1762915408220423,0.1600459530786876,0.1527120666276729,0.5241085706524904,0.0235794741943694,0.0914285714285714
c-transitive,dinov2-base,clap-larger,300,0.5,aggregate,0.3175,0.5375,0.63,0.715,9,15,0.0355,0.1837690770626068,0.2073699078897018,0.1124573991379675,0.0448795474779048,0.2073699078897018,0.207820736697106,0.2069210308284526,0.3416801847508888,0.3331314858617388,0.2174418922666189,0.3875973658998651,0.1242382924842698,0.26375
c-transitive,dinov2-base,clap-larger,300,0.5,heldout,0.0344827586206896,0.1724137931034483,0.2068965517241379,0.2413793103448276,1,15,0.0344827586206896,0.0397067591547966,0.6290515648145347,-0.0913912082637637,-0.0653530052480443,0.6290515648145348,0.5951439006081155,0.6670563618052041,0.1904380490697824,0.189798467637001,0.1554837812457442,0.5033821795531639,0.0349542678240382,0.2206896551724137
d,dinov2-base,clap-larger,0,0.7,aggregate,0.065,0.1525,0.2325,0.345,5,15,0.045,0.3541435599327087,0.2398861916486523,0.148489200155802,0.066544294975503,0.2398861916486523,0.2402950203433,0.2394787517220051,0.5270117109777935,0.4925661202213005,0.2174418922666189,0.3875973658998651,0.3095698187111746,0.17575
d,dinov2-base,clap-larger,0,0.7,heldout,0.0344827586206896,0.1034482758620689,0.1379310344827586,0.2413793103448276,4,15,0.0206896551724137,0.0864194482564926,0.6670291247716922,-0.0268841510975313,-0.0203141361256544,0.6670291247716922,0.6398400579454442,0.6966314590719116,0.4026854830602306,0.3760349335361195,0.1554837812457442,0.5033821795531639,0.2472017018144864,0.1827586206896551
unsup,dinov2-base,clap-larger,0,1.0,aggregate,0.01,0.03,0.0575,0.0975,2,15,0.094,0.6560856699943542,0.430339449442607,0.3621932133313097,0.2224698165658593,0.430339449442607,0.4282540142895061,0.4324452945460924,0.2678553103874329,0.2370121277549198,0.2174418922666189,0.3875973658998651,0.0504134181208139,0.0989999999999999
unsup,dinov2-base,clap-larger,0,1.0,heldout,0.1034482758620689,0.1379310344827586,0.1724137931034483,0.2413793103448276,0,15,0.0206896551724137,0.0301782321184873,0.5925734616419274,-0.0074349667388216,0.0114833926884221,0.5925734616419274,0.5276699796434091,0.6756825051794507,0.1642210680817242,0.1532352730559644,0.1554837812457442,0.5033821795531639,0.00873728683598,0.1137931034482758
text,dinov2-base,clap-larger,0,,aggregate,0.0625,0.1675,0.2325,0.32,4,15,0.023,0.2680774927139282,0.2507827671103102,0.1602927114978745,0.0544410717035244,0.2507827671103102,0.2427622535532735,0.259351360763538,0.6260784439604461,0.3646712136523085,0.2174418922666189,0.3875973658998651,0.4086365516938272,0.17725
text,dinov2-base,clap-larger,0,,heldout,0.0344827586206896,0.1379310344827586,0.1724137931034483,0.2413793103448276,6,15,0.0344827586206896,0.1281365901231765,0.6530641788529882,0.0651447876278751,0.0441325824023635,0.6530641788529882,0.6020939083142506,0.7134623465121548,0.5033821795531639,0.384929139396626,0.1554837812457442,0.5033821795531639,0.3478983983074196,0.1310344827586207
random,dinov2-base,clap-larger,0,,aggregate,0.0,0.01,0.025,0.04,2,15,0.0085,0.0295294746756553,0.1080000440042315,0.0010497923632008,0.0020460261399228,0.1080000440042315,0.1085075711731543,0.1074972424894816,0.2007496640301845,0.2182743484366396,0.2174418922666189,0.3875973658998651,-0.0166922282364343,0.06575
random,dinov2-base,clap-larger,0,,heldout,0.0,0.0,0.0,0.0344827586206896,5,15,0.0344827586206896,-0.0110798785462975,0.6897263301657061,-0.010470013728117,-0.0087553241836251,0.6897263301657061,0.6730728628889812,0.7072247998119244,0.1084897486369301,0.1554241454817533,0.1554837812457442,0.5033821795531639,-0.046994032608814,0.0620689655172413
procrustes,dinov2-base,clap-larger,300,,aggregate,0.735,0.76,0.775,0.7975,5,15,0.066,0.2587511837482452,0.2800519493937078,0.1938729973069666,0.0824888749734194,0.2800519493937078,0.2804910563454004,0.2796142151313183,0.3781060899741334,0.2402918840470399,0.2174418922666189,0.3875973658998651,0.1606641977075144,0.349
procrustes,dinov2-base,clap-larger,300,,heldout,0.0,0.0,0.0689655172413793,0.1379310344827586,4,15,0.0344827586206896,0.0253100953996181,0.6594314430344105,0.0227018191594478,0.0150509951480344,0.6594314430344104,0.6199094642583801,0.7043359872359336,0.2140095838879308,0.1634331018579587,0.1554837812457442,0.5033821795531639,0.0585258026421866,0.1724137931034483
direct,dinov2-base,clap-larger,300,,aggregate,0.6175,0.72,0.735,0.7575,2,15,0.076,0.2647774815559387,0.248042455627756,0.1588452476311973,0.0661204872709213,0.248042455627756,0.2452560005785801,0.2508929544455968,0.3699485123328736,0.2282089843119016,0.2174418922666189,0.3875973658998651,0.1525066200662546,0.4014999999999999
direct,dinov2-base,clap-larger,300,,heldout,0.0,0.0,0.0,0.0344827586206896,4,15,0.0758620689655172,0.1087901964783668,0.5993855060995806,-0.0238955204709878,-0.0167943429581614,0.5993855060995805,0.5393060161525395,0.6745290416071916,0.1954874132154553,0.1612899070577736,0.1554837812457442,0.5033821795531639,0.0400036319697111,0.1241379310344827
c-transitive,dinov2-base,clap-unfused,300,0.5,aggregate,0.2425,0.4425,0.535,0.635,8,15,0.0345,0.2256118506193161,0.2125624642424528,0.1180560411813809,0.0497297351484956,0.2125624642424528,0.2138229251647599,0.2113167767693234,0.3418544467771028,0.3291716374719834,0.2174418922666189,0.3875973658998651,0.1244125545104839,0.2942499999999999
c-transitive,dinov2-base,clap-unfused,300,0.5,heldout,0.032258064516129,0.064516129032258,0.0967741935483871,0.2580645161290322,5,15,0.0064516129032258,-0.0551588498055934,0.6186740892917388,-0.0957404758090143,-0.065016623568526,0.6186740892917387,0.586334654692407,0.6547891486339295,0.18848393872051,0.1859170558182626,0.1569291164411921,0.5050524861527003,0.0315548222793178,0.1677419354838709
d,dinov2-base,clap-unfused,0,0.7,aggregate,0.0525,0.1675,0.24,0.345,6,15,0.0435,0.3935774564743042,0.2574231563402586,0.1680994887807139,0.073529487179025,0.2574231563402586,0.2587976081919037,0.2560632265544508,0.5264048721088597,0.4919151635085477,0.2174418922666189,0.3875973658998651,0.3089629798422407,0.19775
d,dinov2-base,clap-unfused,0,0.7,heldout,0.1290322580645161,0.1612903225806451,0.1612903225806451,0.1935483870967742,2,15,0.0129032258064516,0.0867130160331726,0.6108959696151878,-0.0895595885184862,-0.063748665548269,0.6108959696151878,0.5757212803826144,0.6506484650271537,0.4182894884950078,0.3763095144928226,0.1569291164411921,0.5050524861527003,0.2613603720538157,0.1774193548387096
unsup,dinov2-base,clap-unfused,0,1.0,aggregate,0.0125,0.0475,0.075,0.125,1,15,0.11,0.6655682325363159,0.4183526251561957,0.3488866754982852,0.1851046176580232,0.4183526251561957,0.4150009275926544,0.4217589025694633,0.2798289937209173,0.2600366345033897,0.2174418922666189,0.3875973658998651,0.0623871014542984,0.12075
unsup,dinov2-base,clap-unfused,0,1.0,heldout,0.064516129032258,0.0967741935483871,0.1612903225806451,0.1612903225806451,1,15,0.0774193548387097,0.1798388957977295,0.6723421839468539,0.1233204101085831,0.106760251200591,0.6723421839468537,0.6251629386551981,0.7272236575603392,0.1953888878741099,0.1612984872467047,0.1569291164411921,0.5050524861527003,0.0384597714329178,0.1290322580645161
text,dinov2-base,clap-unfused,0,,aggregate,0.0625,0.1675,0.2325,0.32,3,15,0.025,0.3116725981235504,0.2614211549134422,0.1709518794113872,0.058561832915869,0.2614211549134422,0.2535597067283413,0.2697856784392757,0.6260784439604461,0.3646712136523085,0.2174418922666189,0.3875973658998651,0.4086365516938272,0.18875
text,dinov2-base,clap-unfused,0,,heldout,0.0967741935483871,0.1612903225806451,0.1935483870967742,0.2258064516129032,1,15,0.0129032258064516,0.1813752204179763,0.6272973858301903,0.0337660779205301,0.0188618925831202,0.6272973858301903,0.5748700242778517,0.6902469670841147,0.5050524861527003,0.3181519383544057,0.1569291164411921,0.5050524861527003,0.3481233697115081,0.1354838709677419
random,dinov2-base,clap-unfused,0,,aggregate,0.0,0.01,0.025,0.04,0,15,0.009,0.0144600877538323,0.1175856036428112,0.0121915096362018,0.0043856174924992,0.1175856036428112,0.1173435506383791,0.1178286573117633,0.2007496640301845,0.2182743484366396,0.2174418922666189,0.3875973658998651,-0.0166922282364343,0.06675
random,dinov2-base,clap-unfused,0,,heldout,0.0,0.0,0.032258064516129,0.0967741935483871,1,15,0.0258064516129032,-0.0369070805609226,0.6494594422145469,0.0206703003551111,0.0148305084745762,0.649459442214547,0.6131448297248067,0.6903464610757883,0.1160169572515897,0.1552838368045045,0.1569291164411921,0.5050524861527003,-0.0409121591896023,0.0677419354838709
procrustes,dinov2-base,clap-unfused,300,,aggregate,0.665,0.74,0.7575,0.79,3,15,0.0814999999999999,0.3281568586826324,0.2760363458180372,0.18919252864965,0.0900931360251152,0.2760363458180372,0.2759187412036916,0.2761540507281647,0.3772510871141513,0.2548737427029297,0.2174418922666189,0.3875973658998651,0.1598091948475324,0.35275
procrustes,dinov2-base,clap-unfused,300,,heldout,0.0,0.0,0.064516129032258,0.0967741935483871,1,15,0.0709677419354838,0.2656652629375458,0.703809571948499,0.2323183564895772,0.2099476963054269,0.703809571948499,0.646033008000608,0.7729353743972966,0.2184954915361601,0.1835818844831958,0.1569291164411921,0.5050524861527003,0.0615663750949679,0.1419354838709677
direct,dinov2-base,clap-unfused,300,,aggregate,0.53,0.6625,0.715,0.7525,1,15,0.088,0.34031543135643,0.256865244738173,0.1693063314105355,0.0775144214874982,0.256865244738173,0.2525192751079851,0.2613634261623745,0.3651084451996195,0.2438525680700126,0.2174418922666189,0.3875973658998651,0.1476665529330005,0.4007499999999999
direct,dinov2-base,clap-unfused,300,,heldout,0.0,0.0,0.032258064516129,0.032258064516129,1,15,0.032258064516129,0.2577007412910461,0.7182225931363856,0.2226446942597804,0.1670249355116079,0.7182225931363854,0.6726229941756783,0.7704545552313724,0.2113763820953351,0.193633419764861,0.1569291164411921,0.5050524861527003,0.054447265654143,0.1290322580645161
c-transitive,dinov2-base,mert-330m,300,0.5,aggregate,0.07,0.18,0.245,0.3175,8,15,0.012,0.1689400374889373,0.182797028630513,0.0845933513925284,0.0303528373455462,0.182797028630513,0.1839091025014661,0.181698323048733,0.3002135339628443,0.2871109998854709,0.2174418922666189,0.3875973658998651,0.0827716416962253,0.18375
c-transitive,dinov2-base,mert-330m,300,0.5,heldout,0.0,0.04,0.04,0.12,1,15,0.016,0.015428451821208,0.7231030303436464,0.000918114455396,0.0,0.7231030303436463,0.683103536584218,0.7680782648680772,0.1554263739573214,0.1737342411624958,0.1514793609904806,0.5130383687426999,0.0039470129668408,0.136
d,dinov2-base,mert-330m,0,0.7,aggregate,0.05,0.1475,0.2275,0.345,7,15,0.0225,0.3746792376041412,0.1876415987341586,0.0903049076837519,0.0358555007607251,0.1876415987341585,0.1876723807029704,0.1876108268613897,0.5324850243024405,0.4906104528805006,0.2174418922666189,0.3875973658998651,0.3150431320358215,0.131
d,dinov2-base,mert-330m,0,0.7,heldout,0.0,0.08,0.12,0.24,1,15,0.0,0.1311085820198059,0.7424882102196256,0.0077148018974584,0.0048250904704463,0.7424882102196256,0.7122290854036961,0.7754325402133224,0.4222988399290248,0.3859272303473151,0.1514793609904806,0.5130383687426999,0.2708194789385442,0.064
unsup,dinov2-base,mert-330m,0,1.0,aggregate,0.0025,0.0075,0.04,0.0825,7,15,0.1285,0.6651207804679871,0.3985021054233459,0.3279081996846884,0.1478298373702345,0.3985021054233459,0.3853945169225635,0.4125326856447036,0.2486801172329448,0.2394178921442303,0.2174418922666189,0.3875973658998651,0.0312382249663258,0.143
unsup,dinov2-base,mert-330m,0,1.0,heldout,0.0,0.0,0.0,0.04,2,15,0.112,0.4039221405982971,0.6537788120160385,0.0935192515510054,0.0601503759398496,0.6537788120160384,0.5652724323535472,0.7751456656856297,0.1609870719614801,0.1536415196013784,0.1514793609904806,0.5130383687426999,0.0095077109709995,0.024
text,dinov2-base,mert-330m,0,,aggregate,0.0625,0.1675,0.2325,0.32,5,15,0.015,0.2615370154380798,0.192248350286863,0.1001333845932358,0.0311355492064151,0.1922483502868631,0.1807605387225758,0.2052954185223466,0.6260784439604461,0.3646712136523085,0.2174418922666189,0.3875973658998651,0.4086365516938272,0.1357499999999999
text,dinov2-base,mert-330m,0,,heldout,0.0,0.04,0.16,0.28,1,15,0.008,0.1715374439954757,0.7218651310176756,0.1243836401604137,0.0793201133144475,0.7218651310176757,0.6573895058357476,0.8003633870680742,0.5130383687426999,0.6218063413687772,0.1514793609904806,0.5130383687426999,0.3615590077522193,0.1079999999999999
random,dinov2-base,mert-330m,0,,aggregate,0.0,0.01,0.025,0.04,1,15,0.014,0.0260573700070381,0.1110064146474733,0.0050121091387379,0.0022711607853983,0.1110064146474733,0.1103577917546863,0.111662707120869,0.2007496640301845,0.2182743484366396,0.2174418922666189,0.3875973658998651,-0.0166922282364343,0.076
random,dinov2-base,mert-330m,0,,heldout,0.0,0.0,0.04,0.04,2,15,0.008,-0.1604602336883545,0.6887199469635766,-0.0774266418412376,-0.0571428571428571,0.6887199469635765,0.6446681675115347,0.7392336189362705,0.1082315376282675,0.1477544213013378,0.1514793609904806,0.5130383687426999,-0.0432478233622131,0.068
procrustes,dinov2-base,mert-330m,300,,aggregate,0.6675,0.7075,0.73,0.75,7,15,0.0305,0.2914367318153381,0.242253464344712,0.1509994536013226,0.0584374389658656,0.242253464344712,0.2422804368115187,0.2422264978827895,0.3734651530155916,0.2226911746602043,0.2174418922666189,0.3875973658998651,0.1560232607489726,0.29275
procrustes,dinov2-base,mert-330m,300,,heldout,0.0,0.0,0.04,0.04,1,15,0.024,0.2664069831371307,0.6874628274833487,0.0624649881876153,0.0466101694915254,0.6874628274833487,0.6207254336101944,0.770279556726612,0.1790802574962882,0.1505183017627128,0.1514793609904806,0.5130383687426999,0.0276008965058076,0.0559999999999999
direct,dinov2-base,mert-330m,300,,aggregate,0.2325,0.3375,0.395,0.465,1,15,0.0979999999999999,0.4463198482990265,0.2267846738414092,0.1397292195518392,0.0475513670057054,0.2267846738414092,0.2116619697244816,0.2442346094059682,0.3069971501538082,0.2113964698887362,0.2174418922666189,0.3875973658998651,0.0895552578871893,0.26225
direct,dinov2-base,mert-330m,300,,heldout,0.0,0.0,0.0,0.04,2,15,0.056,0.1554149538278579,0.6962045809946387,0.0612372911373285,0.0434332988624612,0.6962045809946386,0.6328333502457085,0.773680043611293,0.2074236120120593,0.150201882851073,0.1514793609904806,0.5130383687426999,0.0559442510215786,0.084
c-transitive,dinov2-base,mert-95m,300,0.5,aggregate,0.1125,0.2575,0.3375,0.4525,6,15,0.02,0.1811030507087707,0.1876599371902262,0.0908433175232208,0.0344397958997629,0.1876599371902263,0.187241008524647,0.1880807446618543,0.3018335140940278,0.2925996604388037,0.2174418922666189,0.3875973658998651,0.0843916218274089,0.17625
c-transitive,dinov2-base,mert-95m,300,0.5,heldout,0.0,0.0,0.0454545454545454,0.0909090909090909,0,15,0.0181818181818181,0.0996264293789863,0.7063011219962275,0.0699708707149493,0.0441379310344827,0.7063011219962274,0.6315524585112574,0.8011191985947539,0.2130083212761878,0.200620886704448,0.1783646001134975,0.5367982482700835,0.0346437211626903,0.0681818181818181
d,dinov2-base,mert-95m,0,0.7,aggregate,0.04,0.14,0.235,0.3325,5,15,0.022,0.392597883939743,0.1884417280474306,0.0941646426222174,0.0357690266921607,0.1884417280474306,0.1864993350131462,0.190425007007318,0.5321168337138719,0.490654074442637,0.2174418922666189,0.3875973658998651,0.3146749414472529,0.127
d,dinov2-base,mert-95m,0,0.7,heldout,0.0909090909090909,0.2272727272727272,0.3181818181818182,0.4090909090909091,4,15,0.0363636363636363,0.2518201470375061,0.7925848268179427,0.0500183150015905,0.0392156862745098,0.7925848268179428,0.7754876834154454,0.8104528456391145,0.4497814192705831,0.4129140454893106,0.1783646001134975,0.5367982482700835,0.2714168191570856,0.1181818181818181
unsup,dinov2-base,mert-95m,0,1.0,aggregate,0.0,0.015,0.0225,0.0425,1,15,0.11,0.6562589406967163,0.3454291500468693,0.2664604402452672,0.1031166325308414,0.3454291500468694,0.3239961716132632,0.3698986681184127,0.2243565057376922,0.2249073093446868,0.2174418922666189,0.3875973658998651,0.0069146134710733,0.07425
unsup,dinov2-base,mert-95m,0,1.0,heldout,0.0,0.0909090909090909,0.1363636363636363,0.1363636363636363,1,15,0.0454545454545454,0.3896366953849792,0.6563440963514527,-0.0376000634122878,-0.0262216924910607,0.6563440963514529,0.5770710643849203,0.7608651734604586,0.2070741319949568,0.176773684273906,0.1783646001134975,0.5367982482700835,0.0287095318814593,0.0863636363636363
text,dinov2-base,mert-95m,0,,aggregate,0.0625,0.1675,0.2325,0.32,6,15,0.018,0.2670778632164001,0.1980060601120586,0.1082673537608607,0.0367229676425039,0.1980060601120586,0.1905546622607178,0.2060639280896209,0.6260784439604461,0.3646712136523085,0.2174418922666189,0.3875973658998651,0.4086365516938272,0.126
text,dinov2-base,mert-95m,0,,heldout,0.0454545454545454,0.1818181818181818,0.2727272727272727,0.2727272727272727,2,15,0.0181818181818181,0.2028745114803314,0.7815617492594169,0.2299391589506768,0.2094926350245499,0.7815617492594169,0.7202930793319485,0.8542225614538861,0.5367982482700835,0.3782903871461519,0.1783646001134975,0.5367982482700835,0.3584336481565859,0.1272727272727273
random,dinov2-base,mert-95m,0,,aggregate,0.0,0.01,0.025,0.04,4,15,0.0125,-0.0099007207900285,0.1120177748095834,0.0081063022273079,0.001813792903385,0.1120177748095834,0.110729703831282,0.1133361656360429,0.2007496640301845,0.2182743484366396,0.2174418922666189,0.3875973658998651,-0.0166922282364343,0.0785
random,dinov2-base,mert-95m,0,,heldout,0.0,0.0,0.0,0.0,1,15,0.009090909090909,-0.152085930109024,0.7478719856399714,-0.0712113998162789,-0.056338028169014,0.7478719856399715,0.7202930793319483,0.77764688014274,0.1472461155674198,0.1766651440975667,0.1783646001134975,0.5367982482700835,-0.0311184845460776,0.0545454545454545
procrustes,dinov2-base,mert-95m,300,,aggregate,0.7275,0.7525,0.7625,0.77,4,15,0.0295,0.2467428296804428,0.1878189101675194,0.0905707463647624,0.0301123003038037,0.1878189101675194,0.1873897339681353,0.1882500567526611,0.3693601360857612,0.2210009869638139,0.2174418922666189,0.3875973658998651,0.1519182438191422,0.30125
procrustes,dinov2-base,mert-95m,300,,heldout,0.0,0.0,0.0,0.0,4,15,0.0272727272727272,0.4020409882068634,0.7412676791045911,0.0245057264256148,0.0186915887850467,0.741267679104591,0.6957087415151644,0.7932116583620897,0.244378402178642,0.1781198664578034,0.1783646001134975,0.5367982482700835,0.0660138020651445,0.05
direct,dinov2-base,mert-95m,300,,aggregate,0.3725,0.4775,0.55,0.6125,2,15,0.0984999999999999,0.362389862537384,0.2079293091600013,0.1168185489819282,0.045657328699742,0.2079293091600013,0.1912974416113187,0.2277285898596891,0.3215379828713214,0.2196370570035825,0.2174418922666189,0.3875973658998651,0.1040960906047025,0.27425
direct,dinov2-base,mert-95m,300,,heldout,0.0,0.0,0.0,0.0,3,15,0.1,0.4047610163688659,0.742049339789965,0.1640305475052107,0.1076487252124645,0.742049339789965,0.6678711274648819,0.8347637584379732,0.1650886722651263,0.1773373386674182,0.1783646001134975,0.5367982482700835,-0.0132759278483712,0.0363636363636363
c-transitive,dinov2-large,clap-fused,300,0.5,aggregate,0.2425,0.4425,0.545,0.625,7,15,0.024,0.1943911612033844,0.2277743979150562,0.1347239352263783,0.0485708534230791,0.2277743979150562,0.2327153617740886,0.2230388830276951,0.3349146655227206,0.323594632699302,0.2174418922666189,0.3875973658998651,0.1174727732561016,0.2685
c-transitive,dinov2-large,clap-fused,300,0.5,heldout,0.0333333333333333,0.1333333333333333,0.2333333333333333,0.3,3,15,0.0,0.185224175453186,0.7002583936531067,0.1546889285421042,0.0972222222222222,0.7002583936531068,0.6785488405523097,0.723403015285401,0.2346613573406397,0.2190581051048808,0.167258854028392,0.5588590867256505,0.0674025033122476,0.1966666666666666
d,dinov2-large,clap-fused,0,0.7,aggregate,0.05,0.16,0.2375,0.355,6,15,0.036,0.3813641667366028,0.2694662520570099,0.1814048641977828,0.0789746507120515,0.2694662520570099,0.275214362493289,0.2639533386792074,0.5290393542739575,0.4932992988838061,0.2174418922666189,0.3875973658998651,0.3115974620073386,0.18425
d,dinov2-large,clap-fused,0,0.7,heldout,0.2,0.2666666666666666,0.3,0.3666666666666666,5,15,0.02,0.2702312171459198,0.6987316432084154,0.071547238880694,0.0458015267175572,0.6987316432084154,0.6959905394773056,0.7014944235519458,0.4811534936140895,0.4399225301638514,0.167258854028392,0.5588590867256505,0.3138946395856974,0.21
unsup,dinov2-large,clap-fused,0,1.0,aggregate,0.0125,0.04,0.075,0.125,5,15,0.0875,0.6213627457618713,0.3578941705456006,0.2803739637412574,0.1186283182581427,0.3578941705456006,0.3631469339192865,0.3527911984082414,0.3002300662779079,0.2439421932174957,0.2174418922666189,0.3875973658998651,0.0827881740112889,0.13525
unsup,dinov2-large,clap-fused,0,1.0,heldout,0.0,0.0,0.0666666666666666,0.1666666666666666,2,15,0.0266666666666666,0.3850244879722595,0.7111513428823104,0.1942158892335957,0.1812227074235808,0.7111513428823103,0.6847985260273596,0.7396135848470806,0.1856940052121315,0.1745968255483056,0.167258854028392,0.5588590867256505,0.0184351511837394,0.0866666666666666
text,dinov2-large,clap-fused,0,,aggregate,0.0625,0.1675,0.2325,0.32,5,15,0.039,0.2793926000595093,0.2792090771797884,0.1940232140396741,0.0760414106352566,0.2792090771797884,0.2774971961452381,0.2809422105183293,0.6260784439604461,0.3646712136523085,0.2174418922666189,0.3875973658998651,0.4086365516938272,0.1652499999999999
text,dinov2-large,clap-fused,0,,heldout,0.1333333333333333,0.2,0.2333333333333333,0.3,5,15,0.04,0.2749582231044769,0.6760731284274397,0.0688347067324862,0.0625,0.6760731284274398,0.6583570887727507,0.6947689930917145,0.5588590867256505,0.3255564000111847,0.167258854028392,0.5588590867256505,0.3916002326972584,0.1399999999999999
random,dinov2-large,clap-fused,0,,aggregate,0.0,0.01,0.025,0.04,0,15,0.016,0.0424080565571785,0.1149620371953425,0.008178230091251,0.0031502569654314,0.1149620371953425,0.1171751748075193,0.1128309507989198,0.2007496640301845,0.2182743484366396,0.2174418922666189,0.3875973658998651,-0.0166922282364343,0.0684999999999999
random,dinov2-large,clap-fused,0,,heldout,0.0,0.0,0.0,0.0333333333333333,3,15,0.0066666666666666,0.0150237530469894,0.6547716051765108,-0.0512667863728491,-0.0363636363636363,0.6547716051765108,0.6487613311551312,0.6608942816386523,0.1694845411128202,0.167321163761835,0.167258854028392,0.5588590867256505,0.0022256870844281,0.0466666666666666
procrustes,dinov2-large,clap-fused,300,,aggregate,0.7,0.75,0.7725,0.79,5,15,0.0684999999999999,0.3432592153549194,0.2919644231208319,0.2072383841199173,0.1046348530334155,0.2919644231208319,0.2967492477313695,0.2873314523049637,0.3706640797959295,0.2438794730687369,0.2174418922666189,0.3875973658998651,0.1532221875293105,0.3592499999999999
procrustes,dinov2-large,clap-fused,300,,heldout,0.0,0.0333333333333333,0.0333333333333333,0.0333333333333333,3,15,0.04,0.3945897221565246,0.7111513428823103,0.1942158892335957,0.1812227074235808,0.7111513428823102,0.6847985260273596,0.7396135848470804,0.2461833945296178,0.1767151730254396,0.167258854028392,0.5588590867256505,0.0789245405012257,0.1333333333333333
direct,dinov2-large,clap-fused,300,,aggregate,0.66,0.725,0.745,0.765,3,15,0.0755,0.3528482913970947,0.277745737691889,0.1922498584368193,0.099024825850754,0.277745737691889,0.2776728877606884,0.277818625858765,0.3573859801994623,0.2367330508813181,0.2174418922666189,0.3875973658998651,0.1399440879328433,0.385
direct,dinov2-large,clap-fused,300,,heldout,0.0,0.0,0.0,0.0333333333333333,2,15,0.1133333333333333,0.3047793507575989,0.6503362396831409,0.1186399611123156,0.1322314049586777,0.6503362396831409,0.6068651240231522,0.7005157614272285,0.1806210300267812,0.1751683197600979,0.167258854028392,0.5588590867256505,0.0133621759983891,0.0933333333333333
c-transitive,dinov2-large,clap-larger,300,0.5,aggregate,0.3375,0.555,0.645,0.7275,7,15,0.0355,0.1740649193525314,0.2142392119603526,0.1198939986884011,0.0613560481405214,0.2142392119603526,0.2178715580873663,0.2107259963600285,0.3526555242472928,0.3335921433491011,0.2174418922666189,0.3875973658998651,0.1352136319806739,0.2675
c-transitive,dinov2-large,clap-larger,300,0.5,heldout,0.0,0.1935483870967742,0.2580645161290322,0.3225806451612903,1,15,0.0064516129032258,0.017146959900856,0.6547647528768477,0.0262786852090484,0.0115583897967317,0.6547647528768477,0.6541692608326569,0.6553613300648787,0.2383883279708269,0.2171391187699022,0.1669681841832724,0.5462521924334325,0.0714201437875545,0.164516129032258
d,dinov2-large,clap-larger,0,0.7,aggregate,0.0625,0.165,0.2375,0.3625,7,15,0.0385,0.3303459286689758,0.2582025241163411,0.1688866350605319,0.0799222193910642,0.2582025241163412,0.2630353238843713,0.2535441083196429,0.5289400893490286,0.4931057332105277,0.2174418922666189,0.3875973658998651,0.3114981970824096,0.18125
d,dinov2-large,clap-larger,0,0.7,heldout,0.0967741935483871,0.1935483870967742,0.1935483870967742,0.3225806451612903,5,15,0.0258064516129032,0.2190677523612976,0.6301539086537812,0.0059406690033246,-0.0029580329081161,0.6301539086537812,0.6182696638841888,0.6425039801708234,0.4373770928912415,0.4209682355482159,0.1669681841832724,0.5462521924334325,0.2704089087079691,0.2129032258064515
unsup,dinov2-large,clap-larger,0,1.0,aggregate,0.005,0.0275,0.04,0.0825,1,15,0.1035,0.6511945724487305,0.4256869909869648,0.3572248959411099,0.1786895311171807,0.4256869909869648,0.4302992874645323,0.421172522571847,0.2551713470911722,0.2346735934408014,0.2174418922666189,0.3875973658998651,0.0377294548245532,0.09675
unsup,dinov2-large,clap-larger,0,1.0,heldout,0.032258064516129,0.064516129032258,0.064516129032258,0.0967741935483871,0,15,0.0064516129032258,0.3839133083820343,0.6064617923136704,0.0620971402060589,0.0344879975691279,0.6064617923136703,0.5660629365485711,0.6530701937060712,0.1481542926021285,0.1561951188752696,0.1669681841832724,0.5462521924334325,-0.0188138915811439,0.064516129032258
text,dinov2-large,clap-larger,0,,aggregate,0.0625,0.1675,0.2325,0.32,3,15,0.0245,0.2535558640956878,0.2833593808831278,0.1969919603977438,0.0705554680238032,0.2833593808831279,0.2782421973966205,0.2886683122176972,0.6260784439604461,0.3646712136523085,0.2174418922666189,0.3875973658998651,0.4086365516938272,0.17725
text,dinov2-large,clap-larger,0,,heldout,0.064516129032258,0.1612903225806451,0.1935483870967742,0.2903225806451613,5,15,0.0258064516129032,0.084551602602005,0.6424406585995361,-0.0082276593679698,-0.0075302809647284,0.642440658599536,0.6446489713430091,0.6402474238192953,0.5462521924334325,0.4809899289829994,0.1669681841832724,0.5462521924334325,0.37928400825016,0.1580645161290322
random,dinov2-large,clap-larger,0,,aggregate,0.0,0.01,0.025,0.04,2,15,0.014,0.0352091528475284,0.1113189464587985,0.0044233903160658,0.001656461590842,0.1113189464587985,0.1135134294133335,0.1092077033681447,0.2007496640301845,0.2182743484366396,0.2174418922666189,0.3875973658998651,-0.0166922282364343,0.06575
random,dinov2-large,clap-larger,0,,heldout,0.0,0.0,0.0,0.032258064516129,5,15,0.0258064516129032,0.0703349411487579,0.585783606459209,-0.0872557264373261,-0.0570851225056832,0.5857836064592091,0.5717929740640698,0.6004760566137728,0.1318930289195276,0.164421626899362,0.1669681841832724,0.5462521924334325,-0.0350751552637448,0.0709677419354838
procrustes,dinov2-large,clap-larger,300,,aggregate,0.7125,0.7575,0.775,0.795,4,15,0.068,0.3354109525680542,0.2927853196627966,0.2084370567734154,0.1038210872066188,0.2927853196627966,0.2971265823301288,0.2885690889805302,0.3728608253222807,0.2406148543543923,0.2174418922666189,0.3875973658998651,0.1554189330556618,0.38425
procrustes,dinov2-large,clap-larger,300,,heldout,0.0,0.0,0.032258064516129,0.0967741935483871,3,15,0.064516129032258,0.164593756198883,0.6195602117978336,-0.0762485486883579,-0.0502192108409725,0.6195602117978336,0.6195602117978336,0.6195602117978336,0.2315729987171004,0.1556667114350171,0.1669681841832724,0.5462521924334325,0.0646048145338279,0.1677419354838709
direct,dinov2-large,clap-larger,300,,aggregate,0.6625,0.7425,0.77,0.78,3,15,0.0655,0.3305032551288605,0.2703948747859631,0.18472708415381,0.086026549931825,0.2703948747859631,0.2715330576432589,0.2692661939224548,0.3642307100950684,0.2338948174359642,0.2174418922666189,0.3875973658998651,0.1467888178284495,0.44525
direct,dinov2-large,clap-larger,300,,heldout,0.0,0.0,0.0,0.0,4,15,0.0516129032258064,0.2361991703510284,0.6349508929627361,0.0910217490461719,0.0486219761704176,0.6349508929627361,0.6082209727035396,0.6641382496143229,0.2087665597656251,0.1681876944467221,0.1669681841832724,0.5462521924334325,0.0417983755823526,0.1548387096774194
c-transitive,dinov2-large,clap-unfused,300,0.5,aggregate,0.2575,0.45,0.5475,0.62,10,15,0.034,0.1964486837387085,0.2157509644885169,0.1211754615503977,0.0457559087616055,0.2157509644885169,0.2202391264694136,0.2114420739980179,0.3404430224136638,0.3295781711892381,0.2174418922666189,0.3875973658998651,0.1230011301470448,0.30975
c-transitive,dinov2-large,clap-unfused,300,0.5,heldout,0.0,0.0769230769230769,0.1153846153846153,0.1923076923076923,6,15,0.0153846153846153,0.1389143764972686,0.7006893593715773,-0.0269699263941527,-0.0209945598038464,0.7006893593715773,0.6900434636809145,0.7116688891533709,0.2291752531147065,0.2234232870313367,0.1914140890927599,0.5619198263813345,0.0377611640219465,0.1999999999999999
d,dinov2-large,clap-unfused,0,0.7,aggregate,0.0525,0.165,0.245,0.345,7,15,0.036,0.3732109069824219,0.2743649387793158,0.1869349611776892,0.0753656844239018,0.2743649387793158,0.2798248888268477,0.2691139802410359,0.5311052449923133,0.492683140977724,0.2174418922666189,0.3875973658998651,0.3136633527256943,0.1985
d,dinov2-large,clap-unfused,0,0.7,heldout,0.1538461538461538,0.2307692307692307,0.2307692307692307,0.2307692307692307,5,15,0.023076923076923,0.3558523654937744,0.716170889481159,0.0973373867601057,0.0599647266313932,0.716170889481159,0.6900434636809146,0.7443547270563815,0.4890713989460862,0.4495873810028516,0.1914140890927599,0.5619198263813345,0.2976573098533263,0.1692307692307692
unsup,dinov2-large,clap-unfused,0,1.0,aggregate,0.015,0.0575,0.0875,0.1475,3,15,0.108,0.6361814141273499,0.3884778776816107,0.3152130632056117,0.1671410059240846,0.3884778776816107,0.3877238316296822,0.3892348623890602,0.2715787761861222,0.2547620998122137,0.2174418922666189,0.3875973658998651,0.0541368839195033,0.12525
unsup,dinov2-large,clap-unfused,0,1.0,heldout,0.0384615384615384,0.0384615384615384,0.0384615384615384,0.1153846153846153,1,15,0.0615384615384615,0.3981404602527618,0.6644966976694224,0.1008017747950834,0.1249719542293022,0.6644966976694224,0.6048888597926242,0.7371366939876166,0.2209297933348353,0.2007294836708019,0.1914140890927599,0.5619198263813345,0.0295157042420754,0.1038461538461538
text,dinov2-large,clap-unfused,0,,aggregate,0.0625,0.1675,0.2325,0.32,5,15,0.0255,0.2981696128845215,0.2704614543284412,0.1813621440025314,0.0608825768129869,0.2704614543284411,0.2661091294852001,0.2749585145230097,0.6260784439604461,0.3646712136523085,0.2174418922666189,0.3875973658998651,0.4086365516938272,0.18875
text,dinov2-large,clap-unfused,0,,heldout,0.1153846153846153,0.1538461538461538,0.1538461538461538,0.1923076923076923,3,15,0.0076923076923076,0.2086375057697296,0.7439235380765999,0.1213716134494939,0.0786146655428702,0.7439235380766,0.73262076562506,0.7555805306260728,0.5619198263813345,0.3724639791622929,0.1914140890927599,0.5619198263813345,0.3705057372885746,0.1538461538461538
random,dinov2-large,clap-unfused,0,,aggregate,0.0,0.01,0.025,0.04,1,15,0.0125,0.020221073180437,0.1140184997289352,0.0079279778558302,-0.0001048494020735,0.1140184997289352,0.1154727584182908,0.1126004151999726,0.2007496640301845,0.2182743484366396,0.2174418922666189,0.3875973658998651,-0.0166922282364343,0.06675
random,dinov2-large,clap-unfused,0,,heldout,0.0,0.0,0.0,0.0384615384615384,2,15,0.0076923076923076,-0.1609413921833038,0.6361609566169125,-0.0533976895653955,-0.0387534958050339,0.6361609566169124,0.5968535915142553,0.6810107104153293,0.1827314726617241,0.1900971292870596,0.1914140890927599,0.5619198263813345,-0.0086826164310357,0.0615384615384615
procrustes,dinov2-large,clap-unfused,300,,aggregate,0.6825,0.75,0.7625,0.7925,4,15,0.0814999999999999,0.3731284141540527,0.3042328156757418,0.2202440092086543,0.0964933934038235,0.3042328156757418,0.3075036212537826,0.3010308585498623,0.3748417337488224,0.2537561966326029,0.2174418922666189,0.3875973658998651,0.1573998414822035,0.36825
procrustes,dinov2-large,clap-unfused,300,,heldout,0.0,0.0769230769230769,0.0769230769230769,0.0769230769230769,4,15,0.023076923076923,0.42491614818573,0.7466051134655972,0.1941274450578704,0.1516754850088183,0.7466051134655972,0.7193673829313563,0.7759866445495949,0.267748835025865,0.2082984610475961,0.1914140890927599,0.5619198263813345,0.076334745933105,0.2
direct,dinov2-large,clap-unfused,300,,aggregate,0.61,0.7075,0.73,0.7725,4,15,0.0925,0.3932715058326721,0.2890527405554118,0.2042145042031209,0.0973439258412815,0.2890527405554118,0.2883816616317539,0.2897269500342098,0.3645482647322891,0.2413852114510779,0.2174418922666189,0.3875973658998651,0.1471063724656701,0.41825
direct,dinov2-large,clap-unfused,300,,heldout,0.0,0.0,0.0,0.0769230769230769,3,15,0.0692307692307692,0.4536364674568176,0.6254118957758702,-0.0064898306757205,0.010331702011963,0.6254118957758702,0.5688384246157886,0.6944810788424947,0.2242759420472681,0.2048381702161988,0.1914140890927599,0.5619198263813345,0.0328618529545082,0.1653846153846153
c-transitive,dinov2-large,mert-330m,300,0.5,aggregate,0.075,0.1775,0.2525,0.3275,5,15,0.0165,0.1407123357057571,0.1968786664930612,0.0999920971429567,0.0352459756202441,0.1968786664930612,0.2010867612476532,0.1928430851838468,0.3060229219930496,0.2874670651496834,0.2174418922666189,0.3875973658998651,0.0885810297264307,0.18125
c-transitive,dinov2-large,mert-330m,300,0.5,heldout,0.0,0.0384615384615384,0.0769230769230769,0.1153846153846153,2,15,0.023076923076923,0.0692236050963401,0.723459027620921,0.1611343170483672,0.1063244729605866,0.7234590276209211,0.6897136290921904,0.7606763989337137,0.1927951577015556,0.2346194076733723,0.1946049136921067,0.5783881885624559,-0.0018097559905511,0.1076923076923076
d,dinov2-large,mert-330m,0,0.7,aggregate,0.045,0.1475,0.2225,0.335,4,15,0.0285,0.356016457080841,0.2001064491605076,0.104043871032019,0.0343004023213576,0.2001064491605076,0.2032458699043301,0.1970625387369777,0.5340590766401799,0.4911922549217131,0.2174418922666189,0.3875973658998651,0.316617184373561,0.12875
d,dinov2-large,mert-330m,0,0.7,heldout,0.0384615384615384,0.1923076923076923,0.1923076923076923,0.3846153846153846,2,15,0.0307692307692307,0.4401737749576568,0.7623498740503198,0.14300978083548,0.1001761892776239,0.76234987405032,0.7627554943998008,0.7619446848755012,0.4972146981428655,0.4591579652341171,0.1946049136921067,0.5783881885624559,0.3026097844507587,0.0807692307692307
unsup,dinov2-large,mert-330m,0,1.0,aggregate,0.01,0.0375,0.06,0.095,3,15,0.1275,0.6545253992080688,0.4008926011239176,0.3322864721321607,0.1525552932675591,0.4008926011239176,0.3930597942263241,0.4090439364004309,0.2509805829172499,0.2366023781651338,0.2174418922666189,0.3875973658998651,0.0335386906506309,0.13075
unsup,dinov2-large,mert-330m,0,1.0,heldout,0.0,0.0,0.0384615384615384,0.0384615384615384,1,15,0.0615384615384615,0.6563007831573486,0.72725472006381,0.1316757910944956,0.1169126826760666,0.72725472006381,0.7029811151310977,0.7532645895510639,0.2030097507959337,0.2027764017848466,0.1946049136921067,0.5783881885624559,0.0084048371038269,0.0653846153846153
text,dinov2-large,mert-330m,0,,aggregate,0.0625,0.1675,0.2325,0.32,3,15,0.017,0.2468788623809814,0.192719912486905,0.1007890208577377,0.0308118196349537,0.192719912486905,0.18372792034785,0.2026373688216486,0.6260784439604461,0.3646712136523085,0.2174418922666189,0.3875973658998651,0.4086365516938272,0.1357499999999999
text,dinov2-large,mert-330m,0,,heldout,0.0384615384615384,0.0769230769230769,0.1923076923076923,0.3461538461538461,3,15,0.0076923076923076,0.2822282910346985,0.6265838445186177,-0.0293203864952653,-0.0228999348817017,0.6265838445186176,0.5746674108156137,0.6888123243255843,0.5783881885624559,0.468566120828106,0.1946049136921067,0.5783881885624559,0.3837832748703491,0.123076923076923
random,dinov2-large,mert-330m,0,,aggregate,0.0,0.01,0.025,0.04,1,15,0.017,0.0358935073018074,0.109447348699116,0.0030426296917376,0.0005368076888318,0.109447348699116,0.1104167690575001,0.1084948025301836,0.2007496640301845,0.2182743484366396,0.2174418922666189,0.3875973658998651,-0.0166922282364343,0.076
random,dinov2-large,mert-330m,0,,heldout,0.0,0.0,0.0384615384615384,0.0384615384615384,3,15,0.0,-0.081055112183094,0.7410499021371192,0.0661999431585702,0.0456414128702072,0.7410499021371192,0.7414441894984992,0.7406560339034287,0.1180325910477492,0.1903360299117977,0.1946049136921067,0.5783881885624559,-0.0765723226443575,0.0961538461538461
procrustes,dinov2-large,mert-330m,300,,aggregate,0.6975,0.7325,0.75,0.7675,3,15,0.0275,0.2906462252140045,0.2417615253405319,0.1501916260823687,0.0603672833871282,0.2417615253405319,0.2458263873247409,0.2378289057057158,0.3706606950576316,0.2231971991971867,0.2174418922666189,0.3875973658998651,0.1532188027910127,0.3045
procrustes,dinov2-large,mert-330m,300,,heldout,0.0384615384615384,0.0384615384615384,0.0384615384615384,0.0384615384615384,4,15,0.0307692307692307,0.308685690164566,0.7697766687313313,0.2206144687729917,0.178223890889587,0.7697766687313313,0.7564676954819753,0.7835623336043015,0.2524976065213429,0.1759725337716289,0.1946049136921067,0.5783881885624559,0.0578926928292361,0.1153846153846153
direct,dinov2-large,mert-330m,300,,aggregate,0.2825,0.425,0.49,0.56,2,15,0.098,0.4292406439781189,0.2253927002284395,0.1359993586978828,0.0511115544167282,0.2253927002284396,0.2148056182169412,0.2370774916604523,0.3068761168513877,0.1861703303705306,0.2174418922666189,0.3875973658998651,0.0894342245847688,0.305
direct,dinov2-large,mert-330m,300,,heldout,0.0,0.0,0.0384615384615384,0.0384615384615384,1,15,0.0692307692307692,0.3846102654933929,0.6565007923784018,0.106919301419389,0.0727291591015199,0.6565007923784016,0.5907550485404014,0.7387129218369849,0.2171916753568166,0.193636190750882,0.1946049136921067,0.5783881885624559,0.0225867616647098,0.2307692307692307
c-transitive,dinov2-large,mert-95m,300,0.5,aggregate,0.135,0.2725,0.3475,0.4675,5,15,0.0195,0.1493454277515411,0.1671018457570132,0.0681749613082987,0.019629514508057,0.1671018457570132,0.1690245910161832,0.1652223529919998,0.3006822975178522,0.2935432274431603,0.2174418922666189,0.3875973658998651,0.0832404052512333,0.183
c-transitive,dinov2-large,mert-95m,300,0.5,heldout,0.0,0.037037037037037,0.074074074074074,0.1481481481481481,2,15,0.0,0.090591661632061,0.7522233704246912,0.2069386127853387,0.1832028770890628,0.7522233704246912,0.7238725016387891,0.7828855167408652,0.26487941774003,0.2595064082320331,0.2058077239663089,0.5988970111921595,0.059071693773721,0.1148148148148148
d,dinov2-large,mert-95m,0,0.7,aggregate,0.0475,0.145,0.23,0.335,6,15,0.0175,0.3834623694419861,0.1988718510984904,0.1036030711530812,0.0392362576785103,0.1988718510984904,0.2005559595834146,0.197215790679571,0.5320826957786845,0.4914202905609608,0.2174418922666189,0.3875973658998651,0.3146408035120656,0.1275
d,dinov2-large,mert-95m,0,0.7,heldout,0.1111111111111111,0.1851851851851851,0.2592592592592592,0.2962962962962963,3,15,0.0,0.5395963788032532,0.722732801270787,0.1641012238713314,0.1178571428571428,0.7227328012707868,0.6837227732869173,0.7664636364494545,0.5267633713784993,0.4885380782928982,0.2058077239663089,0.5988970111921595,0.3209556474121903,0.1185185185185185
unsup,dinov2-large,mert-95m,0,1.0,aggregate,0.005,0.015,0.0325,0.0525,1,15,0.096,0.6338881254196167,0.3272411613302211,0.2491989104971098,0.1090962648518453,0.3272411613302211,0.3130460378009332,0.3427847935800049,0.2240861944222225,0.2253738994662539,0.2174418922666189,0.3875973658998651,0.0066443021556035,0.07375
unsup,dinov2-large,mert-95m,0,1.0,heldout,0.0,0.0,0.0,0.0,0,15,0.0666666666666666,0.6290388107299805,0.7833962597769119,0.3452541631358806,0.3139506474468605,0.7833962597769119,0.7392860481312746,0.8331042228670157,0.1923872291517418,0.2109266537302715,0.2058077239663089,0.5988970111921595,-0.013420494814567,0.0777777777777777
text,dinov2-large,mert-95m,0,,aggregate,0.0625,0.1675,0.2325,0.32,6,15,0.024,0.2558916807174682,0.2098542365483564,0.1213225259636312,0.0339876118856157,0.2098542365483564,0.204843477873147,0.2151162824262018,0.6260784439604461,0.3646712136523085,0.2174418922666189,0.3875973658998651,0.4086365516938272,0.126
text,dinov2-large,mert-95m,0,,heldout,0.074074074074074,0.1481481481481481,0.2222222222222222,0.2962962962962963,2,15,0.0074074074074074,0.3369643092155456,0.7105011556505328,0.0614605860012975,0.067517656968833,0.7105011556505328,0.6837227732869172,0.739462620089038,0.5988970111921595,0.3965042886409419,0.2058077239663089,0.5988970111921595,0.3930892872258506,0.137037037037037
random,dinov2-large,mert-95m,0,,aggregate,0.0,0.01,0.025,0.04,2,15,0.016,0.006641088053584,0.1029278023111246,-0.0023557715273254,-0.0021056309041564,0.1029278023111246,0.1032400303258775,0.1026174571395806,0.2007496640301845,0.2182743484366396,0.2174418922666189,0.3875973658998651,-0.0166922282364343,0.0785
random,dinov2-large,mert-95m,0,,heldout,0.0,0.0,0.0,0.0,3,15,0.0,0.0257600769400596,0.6646029712275213,-0.0344277467107041,-0.0254032770227359,0.6646029712275212,0.6313345952145732,0.7015725589357774,0.1657024017141667,0.2048480479450738,0.2058077239663089,0.5988970111921595,-0.0401053222521421,0.0888888888888889
procrustes,dinov2-large,mert-95m,300,,aggregate,0.7275,0.755,0.7575,0.775,5,15,0.022,0.2766007483005523,0.1903455833098976,0.0945888714269751,0.034169441845023,0.1903455833098976,0.1922783586982703,0.1884512776078224,0.3643910972760096,0.2212471346447301,0.2174418922666189,0.3875973658998651,0.1469492050093906,0.3165
procrustes,dinov2-large,mert-95m,300,,heldout,0.0,0.037037037037037,0.074074074074074,0.1481481481481481,3,15,0.0148148148148148,0.272939383983612,0.7127628308524673,0.0561930482010747,0.0419033566949465,0.7127628308524674,0.6912999053239389,0.7356011870787271,0.2772446827473271,0.2072131831375169,0.2058077239663089,0.5988970111921595,0.0714369587810182,0.2296296296296296
direct,dinov2-large,mert-95m,300,,aggregate,0.47,0.5675,0.605,0.6425,3,15,0.085,0.3753341436386108,0.2149019650828641,0.1224088114513485,0.0594389112992486,0.2149019650828641,0.205700057881869,0.2249657134344483,0.3208037506665628,0.1769312914954523,0.2174418922666189,0.3875973658998651,0.1033618583999439,0.2977499999999999
direct,dinov2-large,mert-95m,300,,heldout,0.0,0.0,0.0,0.0,1,15,0.1851851851851852,0.3513909578323364,0.5112841325325843,0.0846694419035942,0.0371837854312709,0.5112841325325843,0.398595743907321,0.7128032049185412,0.1902245291361771,0.2051685038583352,0.2058077239663089,0.5988970111921595,-0.0155831948301318,0.1518518518518518
c-transitive,dinov2-small,clap-fused,300,0.5,aggregate,0.2375,0.4375,0.5325,0.605,11,15,0.019,0.2031157463788986,0.2123987904461221,0.1183227464406987,0.0483235092515866,0.2123987904461221,0.2130201739351652,0.2117810215856664,0.3384248787817603,0.3211111816129845,0.2174418922666189,0.3875973658998651,0.1209829865151413,0.26525
c-transitive,dinov2-small,clap-fused,300,0.5,heldout,0.032258064516129,0.0967741935483871,0.1935483870967742,0.2258064516129032,2,15,0.0064516129032258,0.1254075169563293,0.6024419227557625,-0.0619113957756646,-0.0431125131440588,0.6024419227557625,0.581014274423648,0.625510582833464,0.2660012185900999,0.2433187626197971,0.1805782744255035,0.5594997548009211,0.0854229441645964,0.1290322580645161
d,dinov2-small,clap-fused,0,0.7,aggregate,0.05,0.155,0.235,0.355,10,15,0.0405,0.3972912132740021,0.2464468453692483,0.1564010097237696,0.0710911528747813,0.2464468453692483,0.2473459654214053,0.2455542383714517,0.528730209422832,0.4918321671408495,0.2174418922666189,0.3875973658998651,0.3112883171562131,0.1825
d,dinov2-small,clap-fused,0,0.7,heldout,0.1290322580645161,0.1935483870967742,0.2580645161290322,0.3225806451612903,6,15,0.0064516129032258,0.3712652027606964,0.6706302239628954,0.0888517446800352,0.0546792849631966,0.6706302239628954,0.6530382580953967,0.6891962367856393,0.4718176584460932,0.4408954146997367,0.1805782744255035,0.5594997548009211,0.2912393840205897,0.1838709677419354
unsup,dinov2-small,clap-fused,0,1.0,aggregate,0.0075,0.035,0.0625,0.125,6,15,0.0885,0.6281492114067078,0.366750459705584,0.2909961335261595,0.1569378748069776,0.366750459705584,0.3666702811455081,0.3668306733380825,0.2874310898278565,0.2494278557232079,0.2174418922666189,0.3875973658998651,0.0699891975612375,0.13025
unsup,dinov2-small,clap-fused,0,1.0,heldout,0.0,0.032258064516129,0.064516129032258,0.2580645161290322,5,15,0.0258064516129032,0.3712908029556274,0.6503710339538669,0.0869214533265036,0.0687984496124031,0.6503710339538669,0.6205692673828862,0.683179551199286,0.2091495915579593,0.1986457304211772,0.1805782744255035,0.5594997548009211,0.0285713171324558,0.1612903225806451
text,dinov2-small,clap-fused,0,,aggregate,0.0625,0.1675,0.2325,0.32,3,15,0.0395,0.2920082807540893,0.2610771077184593,0.1741657750618566,0.0679472603915796,0.2610771077184593,0.2551110051697982,0.2673289426200337,0.6260784439604461,0.3646712136523085,0.2174418922666189,0.3875973658998651,0.4086365516938272,0.1652499999999999
text,dinov2-small,clap-fused,0,,heldout,0.032258064516129,0.0967741935483871,0.1612903225806451,0.2258064516129032,6,15,0.032258064516129,0.3954645991325378,0.6602369866855977,0.0252279673394118,0.0379310344827586,0.6602369866855977,0.6521502545828559,0.6685267895533153,0.5594997548009211,0.3458670128442075,0.1805782744255035,0.5594997548009211,0.3789214803754175,0.1483870967741935
random,dinov2-small,clap-fused,0,,aggregate,0.0,0.01,0.025,0.04,1,15,0.0105,0.0318537354469299,0.1044006383650023,-0.0027855320588598,0.0001333821165311,0.1044006383650023,0.1045750893269517,0.1042267684679061,0.2007496640301845,0.2182743484366396,0.2174418922666189,0.3875973658998651,-0.0166922282364343,0.0684999999999999
random,dinov2-small,clap-fused,0,,heldout,0.0,0.032258064516129,0.032258064516129,0.0967741935483871,3,15,0.0193548387096774,-0.0696346908807754,0.6086021880854152,-0.1054992740534763,-0.072487644151565,0.6086021880854153,0.5973328946246673,0.6203048712835646,0.1690771033210674,0.180112375182498,0.1805782744255035,0.5594997548009211,-0.011501171104436,0.0774193548387097
procrustes,dinov2-small,clap-fused,300,,aggregate,0.69,0.7375,0.7575,0.785,6,15,0.0605,0.3458977341651916,0.2820838188816271,0.1962144929690331,0.0968044803848858,0.2820838188816271,0.2811912789068425,0.2829820429890598,0.370412727674066,0.2401326868302765,0.2174418922666189,0.3875973658998651,0.152970835407447,0.33475
procrustes,dinov2-small,clap-fused,300,,heldout,0.0,0.064516129032258,0.0967741935483871,0.1290322580645161,6,15,0.0129032258064516,0.3955536484718323,0.683756519028587,0.1328740832085651,0.1441717791411043,0.6837565190285869,0.6632217918256161,0.7056034712459137,0.2659551586140612,0.1752180626674997,0.1805782744255035,0.5594997548009211,0.0853768841885577,0.2
direct,dinov2-small,clap-fused,300,,aggregate,0.525,0.655,0.7175,0.7525,5,15,0.0994999999999999,0.4032109975814819,0.2910112111194776,0.2062926277952611,0.0999064164821572,0.2910112111194776,0.2833329799251828,0.2991171892293939,0.3574984873650672,0.2253945185258701,0.2174418922666189,0.3875973658998651,0.1400565950984482,0.35325
direct,dinov2-small,clap-fused,300,,heldout,0.0,0.032258064516129,0.032258064516129,0.032258064516129,2,15,0.0451612903225806,0.3727059364318847,0.6284732166978558,0.0035398675970499,0.0196993260756868,0.6284732166978558,0.6063987307730324,0.6522155537623211,0.2781220449367851,0.0774328475609887,0.1805782744255035,0.5594997548009211,0.0975437705112816,0.1548387096774193
c-transitive,dinov2-small,clap-larger,300,0.5,aggregate,0.3325,0.525,0.61,0.69,10,15,0.0385,0.1879870742559433,0.2270478518392852,0.1350173901755575,0.0520321554204248,0.2270478518392852,0.2265726439970122,0.2275250572494846,0.3462255021098325,0.3304142203524576,0.2174418922666189,0.3875973658998651,0.1287836098432135,0.2615
c-transitive,dinov2-small,clap-larger,300,0.5,heldout,0.04,0.16,0.2,0.24,4,15,0.008,0.2035114467144012,0.7849431742224094,0.225227135141902,0.149908592321755,0.7849431742224096,0.7708835447159887,0.7995251793511785,0.2618196254467298,0.2377983607511866,0.1747011942491821,0.5352512445368146,0.0871184311975477,0.1959999999999999
d,dinov2-small,clap-larger,0,0.7,aggregate,0.055,0.1525,0.24,0.3525,7,15,0.0405,0.3567942082881927,0.2506287765469778,0.1610433634238919,0.0782313223249833,0.2506287765469778,0.2508097551181317,0.2504480589674767,0.5249423258779702,0.4917351127272888,0.2174418922666189,0.3875973658998651,0.3075004336113512,0.1755
d,dinov2-small,clap-larger,0,0.7,heldout,0.12,0.16,0.24,0.36,5,15,0.008,0.1686163246631622,0.7373944575796908,0.0588378908158503,0.0357142857142857,0.7373944575796909,0.7227028364908864,0.752695797061429,0.4390177703405979,0.4069840353106878,0.1747011942491821,0.5352512445368146,0.2643165760914159,0.1959999999999999
unsup,dinov2-small,clap-larger,0,1.0,aggregate,0.0075,0.0175,0.035,0.0575,1,15,0.1085,0.6631737947463989,0.404505158023892,0.3335253779540564,0.1727560602776841,0.404505158023892,0.398476826023844,0.4107186903101238,0.2647161005301958,0.2349137448076992,0.2174418922666189,0.3875973658998651,0.0472742082635768,0.0755
unsup,dinov2-small,clap-larger,0,1.0,heldout,0.0,0.0,0.08,0.12,1,15,0.048,0.3754571974277496,0.7369783788565568,0.2470744824770971,0.1867469879518072,0.7369783788565569,0.678546209718493,0.8064224527951749,0.1825894897555897,0.1801085547422248,0.1747011942491821,0.5352512445368146,0.0078882955064076,0.1119999999999999
text,dinov2-small,clap-larger,0,,aggregate,0.0625,0.1675,0.2325,0.32,6,15,0.0315,0.2718507349491119,0.2465045626841432,0.155780435800325,0.0547816656194865,0.2465045626841432,0.2380307582211042,0.2556039666849203,0.6260784439604461,0.3646712136523085,0.2174418922666189,0.3875973658998651,0.4086365516938272,0.17725
text,dinov2-small,clap-larger,0,,heldout,0.0,0.16,0.24,0.28,3,15,0.016,0.3087954819202423,0.7569901059078311,0.2418289235232415,0.2396313364055299,0.7569901059078313,0.7132670844960695,0.8064235882340456,0.5352512445368146,0.5505399905455309,0.1747011942491821,0.5352512445368146,0.3605500502876325,0.148
random,dinov2-small,clap-larger,0,,aggregate,0.0,0.01,0.025,0.04,3,15,0.0095,0.023428089916706,0.0848529931089327,-0.0242876856801622,-0.0087201771179755,0.0848529931089327,0.0850326915205709,0.0846740526039597,0.2007496640301845,0.2182743484366396,0.2174418922666189,0.3875973658998651,-0.0166922282364343,0.06575
random,dinov2-small,clap-larger,0,,heldout,0.0,0.0,0.0,0.04,2,15,0.016,-0.023531986400485,0.7210240349184589,-0.0132470962291885,-0.0112359550561797,0.7210240349184589,0.7100602750995068,0.732331678669716,0.1501330330076341,0.1733973878764156,0.1747011942491821,0.5352512445368146,-0.0245681612415479,0.068
procrustes,dinov2-small,clap-larger,300,,aggregate,0.715,0.75,0.775,0.8,7,15,0.0679999999999999,0.3274518251419067,0.2850812470779338,0.1996723404398576,0.0914363408827222,0.2850812470779338,0.2846828387412953,0.2854807721074736,0.3792524082269816,0.2377452236108549,0.2174418922666189,0.3875973658998651,0.1618105159603627,0.3495
procrustes,dinov2-small,clap-larger,300,,heldout,0.0,0.04,0.08,0.24,6,15,0.04,0.3939117193222046,0.6989626707414831,0.0355310657626523,0.0196078431372549,0.6989626707414831,0.6648012177543404,0.7368251427109082,0.2652836305109176,0.1643305722965807,0.1747011942491821,0.5352512445368146,0.0905824362617354,0.256
direct,dinov2-small,clap-larger,300,,aggregate,0.5775,0.6875,0.715,0.765,4,15,0.0795,0.37529456615448,0.278905164812038,0.1933840204401204,0.1012681550544813,0.278905164812038,0.2749460079385112,0.2829800093884004,0.3679233515812362,0.2307767961152995,0.2174418922666189,0.3875973658998651,0.1504814593146172,0.37075
direct,dinov2-small,clap-larger,300,,heldout,0.0,0.04,0.04,0.08,3,15,0.008,0.2381674349308014,0.6799563272713054,0.091205901863629,0.074074074074074,0.6799563272713055,0.6217470215547197,0.7501908202177027,0.2699566665827242,0.180342880914145,0.1747011942491821,0.5352512445368146,0.0952554723335421,0.1959999999999999
c-transitive,dinov2-small,clap-unfused,300,0.5,aggregate,0.2425,0.425,0.5175,0.5975,10,15,0.037,0.2020067125558853,0.2091221955663178,0.1146419740812903,0.0456803386273489,0.2091221955663178,0.2094904021389042,0.2087552810644349,0.3407751692053056,0.3273139140784614,0.2174418922666189,0.3875973658998651,0.1233332769386867,0.2935
c-transitive,dinov2-small,clap-unfused,300,0.5,heldout,0.0714285714285714,0.0714285714285714,0.1428571428571428,0.1428571428571428,3,15,0.0214285714285714,0.1253750026226043,0.6317139293190304,-0.0368737577766516,-0.0279720279720279,0.6317139293190305,0.5938325749643626,0.6747575963174954,0.2200486333473533,0.2283471800695677,0.1864979071594143,0.5353957183744474,0.0335507261879389,0.1714285714285714
d,dinov2-small,clap-unfused,0,0.7,aggregate,0.05,0.1675,0.2475,0.3525,6,15,0.0415,0.404097706079483,0.2502901464648707,0.160750772846535,0.0745171445443846,0.2502901464648707,0.2510128795667958,0.2495715632973239,0.5252084373624862,0.4907653176997115,0.2174418922666189,0.3875973658998651,0.3077665450958673,0.1989999999999999
d,dinov2-small,clap-unfused,0,0.7,heldout,0.0714285714285714,0.1428571428571428,0.2142857142857142,0.2857142857142857,5,15,0.0142857142857142,0.2176653891801834,0.7057685874953485,0.0444825333825553,0.0314960629921259,0.7057685874953485,0.6908293954775631,0.7213681810310191,0.450765109521175,0.4104965115247443,0.1864979071594143,0.5353957183744474,0.2642672023617606,0.1392857142857143
unsup,dinov2-small,clap-unfused,0,1.0,aggregate,0.005,0.0225,0.04,0.1075,4,15,0.0989999999999999,0.6764442920684814,0.4316901418786095,0.363748415986818,0.1920098666905485,0.4316901418786096,0.4275303500891779,0.4359316770363137,0.2874734501666432,0.2590302478780603,0.2174418922666189,0.3875973658998651,0.0700315579000242,0.1175
unsup,dinov2-small,clap-unfused,0,1.0,heldout,0.0,0.0357142857142857,0.0357142857142857,0.1071428571428571,0,15,0.0714285714285714,0.3432688117027282,0.6518934960463025,0.0848944408586709,0.0442477876106194,0.6518934960463025,0.5938325749643625,0.7225383996232295,0.2072802150340888,0.1991336499157472,0.1864979071594143,0.5353957183744474,0.0207823078746744,0.1035714285714285
text,dinov2-small,clap-unfused,0,,aggregate,0.0625,0.1675,0.2325,0.32,5,15,0.0345,0.3132737576961517,0.2510307298061127,0.1595756660732982,0.0538729145341583,0.2510307298061127,0.2428783382566718,0.2597494114390125,0.6260784439604461,0.3646712136523085,0.2174418922666189,0.3875973658998651,0.4086365516938272,0.18875
text,dinov2-small,clap-unfused,0,,heldout,0.0357142857142857,0.1785714285714285,0.1785714285714285,0.2142857142857142,3,15,0.0142857142857142,0.3307119905948639,0.6925413381829619,0.0187075998334189,0.0089887640449438,0.692541338182962,0.6710241580734868,0.7154841813124554,0.5353957183744474,0.371744396705261,0.1864979071594143,0.5353957183744474,0.348897811215033,0.1321428571428571
random,dinov2-small,clap-unfused,0,,aggregate,0.0,0.01,0.025,0.04,3,15,0.0069999999999999,0.0114868842065334,0.095112562710945,-0.0124423599049426,-0.0034811724079008,0.095112562710945,0.0946745197849889,0.0955546779794033,0.2007496640301845,0.2182743484366396,0.2174418922666189,0.3875973658998651,-0.0166922282364343,0.06675
random,dinov2-small,clap-unfused,0,,heldout,0.0,0.0,0.0357142857142857,0.0714285714285714,3,15,0.0214285714285714,-0.1522549837827682,0.6424761325824022,0.0122592362597773,0.0066225165562913,0.6424761325824022,0.5995562648639723,0.6920147376109109,0.1376034221206776,0.1832713463364621,0.1864979071594143,0.5353957183744474,-0.0488944850387367,0.0892857142857142
procrustes,dinov2-small,clap-unfused,300,,aggregate,0.655,0.7275,0.7575,0.7725,5,15,0.0755,0.3969288468360901,0.2778731544891095,0.1915178460139658,0.0863790119634976,0.2778731544891095,0.277618960807229,0.2781278140876136,0.3805117133836527,0.2505591468448567,0.2174418922666189,0.3875973658998651,0.1630698211170337,0.3385
procrustes,dinov2-small,clap-unfused,300,,heldout,0.0357142857142857,0.1071428571428571,0.1428571428571428,0.2142857142857142,5,15,0.0785714285714285,0.4391711354255676,0.590124091239159,-0.1280349497159161,-0.08,0.590124091239159,0.5464924568837766,0.6413272819029047,0.2772534013527434,0.1953632028749406,0.1864979071594143,0.5353957183744474,0.090755494193329,0.1464285714285714
direct,dinov2-small,clap-unfused,300,,aggregate,0.455,0.63,0.6875,0.7375,5,15,0.0895,0.43013796210289,0.2726663870090625,0.1862737319112308,0.0793712059275453,0.2726663870090624,0.2670356651435548,0.278539682930968,0.3543291353574795,0.2352957087407464,0.2174418922666189,0.3875973658998651,0.1368872430908606,0.38125
direct,dinov2-small,clap-unfused,300,,heldout,0.0,0.0357142857142857,0.1428571428571428,0.1428571428571428,1,15,0.0857142857142857,0.4013706147670746,0.6882362488603252,0.1709769912997116,0.1182994454713493,0.6882362488603252,0.6302881032522637,0.7579186357512594,0.2556193256977689,0.072373112223384,0.1864979071594143,0.5353957183744474,0.0691214185383546,0.1571428571428571
c-transitive,dinov2-small,mert-330m,300,0.5,aggregate,0.075,0.1975,0.275,0.3375,7,15,0.0185,0.122965432703495,0.1950429723580202,0.0989105940751676,0.0335119750300497,0.1950429723580202,0.1961187741852461,0.1939789086789205,0.3096323383625903,0.2874732940758843,0.2174418922666189,0.3875973658998651,0.0921904460959713,0.1865
c-transitive,dinov2-small,mert-330m,300,0.5,heldout,0.0,0.0416666666666666,0.0416666666666666,0.125,4,15,0.025,0.1891502737998962,0.7247540475563985,0.0758539811191674,0.0515463917525773,0.7247540475563985,0.6656921665752967,0.7953165273960257,0.2095682304081204,0.2228423891472933,0.1916873702557746,0.5639471218832606,0.0178808601523458,0.1416666666666666
d,dinov2-small,mert-330m,0,0.7,aggregate,0.055,0.1475,0.225,0.32,5,15,0.0265,0.3747612535953522,0.1854782557054097,0.0884298200582272,0.0341211711952067,0.1854782557054097,0.1846665645340255,0.1862971138617713,0.5331621872516162,0.4894887554029347,0.2174418922666189,0.3875973658998651,0.3157202949849973,0.12925
d,dinov2-small,mert-330m,0,0.7,heldout,0.0,0.0833333333333333,0.2083333333333333,0.2916666666666667,1,15,0.0,0.5100165605545044,0.7514163550784648,0.0294335861005917,0.0242045145499048,0.7514163550784647,0.7182153407123145,0.7878357177697399,0.4705958281156175,0.4299002211494143,0.1916873702557746,0.5639471218832606,0.2789084578598429,0.0833333333333333
unsup,dinov2-small,mert-330m,0,1.0,aggregate,0.0025,0.0275,0.0525,0.09,5,15,0.11,0.6895537972450256,0.3740354346717199,0.3003589249010682,0.1481412260259106,0.3740354346717199,0.3657108086349742,0.3827478731199464,0.2473921127968763,0.2393046072353303,0.2174418922666189,0.3875973658998651,0.0299502205302573,0.1285
unsup,dinov2-small,mert-330m,0,1.0,heldout,0.0,0.0416666666666666,0.0833333333333333,0.0833333333333333,3,15,0.0499999999999999,0.694972813129425,0.7822269778470925,0.3094592236298029,0.2068965517241379,0.7822269778470926,0.7044616482192135,0.8792917554300062,0.1889151775219687,0.2055698110238316,0.1916873702557746,0.5639471218832606,-0.0027721927338059,0.1124999999999999
text,dinov2-small,mert-330m,0,,aggregate,0.0625,0.1675,0.2325,0.32,3,15,0.016,0.2656248807907104,0.1813086090113924,0.0881970131207914,0.0254584775405403,0.1813086090113924,0.1700662180587251,0.1941425918131619,0.6260784439604461,0.3646712136523085,0.2174418922666189,0.3875973658998651,0.4086365516938272,0.1357499999999999
text,dinov2-small,mert-330m,0,,heldout,0.0,0.0833333333333333,0.2083333333333333,0.25,1,15,0.025,0.3009073734283447,0.7125892975957768,-0.0018856886511255,-0.0020746887966804,0.7125892975957768,0.6605624094867117,0.7735122878754609,0.5639471218832606,0.4841696952901842,0.1916873702557746,0.5639471218832606,0.3722597516274859,0.1125
random,dinov2-small,mert-330m,0,,aggregate,0.0,0.01,0.025,0.04,1,15,0.015,0.0156333297491073,0.1075852613566361,0.001667097186105,0.0048932114996046,0.1075852613566361,0.1066846921547813,0.1085011641428641,0.2007496640301845,0.2182743484366396,0.2174418922666189,0.3875973658998651,-0.0166922282364343,0.076
random,dinov2-small,mert-330m,0,,heldout,0.0,0.0,0.0416666666666666,0.0416666666666666,3,15,0.0,-0.0800550132989883,0.7738223266356768,0.1102238898018182,0.0818137013307047,0.773822326635677,0.739204501181783,0.8118418452536325,0.1885125435753941,0.1889042482429519,0.1916873702557746,0.5639471218832606,-0.0031748266803804,0.0875
procrustes,dinov2-small,mert-330m,300,,aggregate,0.635,0.7125,0.735,0.75,4,15,0.038,0.3490001857280731,0.2502204201989845,0.1606797075122355,0.0765111129773715,0.2502204201989844,0.2484866952441549,0.2519785079990959,0.3705592634129053,0.2174672278785331,0.2174418922666189,0.3875973658998651,0.1531173711462864,0.292
procrustes,dinov2-small,mert-330m,300,,heldout,0.0416666666666666,0.0833333333333333,0.0833333333333333,0.125,2,15,0.025,0.4933940470218658,0.7779915023466575,0.1241034634660025,0.1059154929577464,0.7779915023466574,0.7457227256985164,0.8131792450969655,0.235064781307018,0.1924804514598662,0.1916873702557746,0.5639471218832606,0.0433774110512433,0.125
direct,dinov2-small,mert-330m,300,,aggregate,0.1525,0.265,0.33,0.4175,2,15,0.1245,0.4907659590244293,0.2356958056583077,0.1469836963018217,0.0518344611591814,0.2356958056583077,0.2196802985808322,0.2542301228360007,0.2934786384546779,0.219932513906068,0.2174418922666189,0.3875973658998651,0.0760367461880589,0.2684999999999999
direct,dinov2-small,mert-330m,300,,heldout,0.0,0.0,0.0,0.0416666666666666,3,15,0.1416666666666667,0.5399669408798218,0.7415169198564734,0.2054369119018316,0.1297950604308985,0.7415169198564736,0.6641268235214745,0.8393223975140635,0.244884949439193,0.1902736145366494,0.1916873702557746,0.5639471218832606,0.0531975791834183,0.1666666666666666
c-transitive,dinov2-small,mert-95m,300,0.5,aggregate,0.1225,0.245,0.345,0.46,6,15,0.0165,0.1793908476829528,0.1593954438494161,0.059789045851244,0.0205929827252661,0.1593954438494161,0.1581924750598151,0.1606168486981287,0.2993805595843704,0.2918915353037778,0.2174418922666189,0.3875973658998651,0.0819386673177514,0.17725
c-transitive,dinov2-small,mert-95m,300,0.5,heldout,0.0,0.0,0.1153846153846153,0.1538461538461538,2,15,0.0153846153846153,0.0892915949225425,0.7384275196993708,0.0805218598282508,0.0642704560230333,0.7384275196993709,0.7155190958673948,0.7628513573234077,0.2750052285869984,0.252649499793776,0.205744398386436,0.5547238885446087,0.0692608302005623,0.1076923076923077
d,dinov2-small,mert-95m,0,0.7,aggregate,0.05,0.1325,0.2175,0.3175,4,15,0.0185,0.4159777760505676,0.1750280939857573,0.0787515108521479,0.0286033030417328,0.1750280939857573,0.1732022375725632,0.1768928560126544,0.5313237411394143,0.4897168656091176,0.2174418922666189,0.3875973658998651,0.3138818488727953,0.12275
d,dinov2-small,mert-95m,0,0.7,heldout,0.0,0.1153846153846153,0.2307692307692307,0.2692307692307692,1,15,0.0153846153846153,0.2773877382278442,0.7170831801242871,0.0054923550686669,0.0039008080245193,0.7170831801242873,0.6948369271409798,0.7408010436749491,0.4897072883446087,0.4365825409631557,0.205744398386436,0.5547238885446087,0.2839628899581726,0.1153846153846153
unsup,dinov2-small,mert-95m,0,1.0,aggregate,0.0025,0.02,0.0275,0.06,0,15,0.0885,0.6693289875984192,0.2903244043704294,0.2057555097967096,0.0860181760815189,0.2903244043704294,0.2720965198259663,0.3111698298694721,0.2066625774269061,0.225191827395737,0.2174418922666189,0.3875973658998651,-0.0107793148397128,0.09025
unsup,dinov2-small,mert-95m,0,1.0,heldout,0.0,0.0,0.0,0.1153846153846153,2,15,0.0538461538461538,0.5750163793563843,0.6800148686580916,0.1615932694465001,0.0803256714491386,0.6800148686580916,0.5977953850245472,0.788457624057164,0.1803024096142939,0.2100407285593312,0.205744398386436,0.5547238885446087,-0.0254419887721421,0.1192307692307692
text,dinov2-small,mert-95m,0,,aggregate,0.0625,0.1675,0.2325,0.32,5,15,0.023,0.2829581797122955,0.1845252455950398,0.0936140832654016,0.031378962753049,0.1845252455950398,0.1771447515007271,0.1925474730425138,0.6260784439604461,0.3646712136523085,0.2174418922666189,0.3875973658998651,0.4086365516938272,0.126
text,dinov2-small,mert-95m,0,,heldout,0.0,0.1923076923076923,0.3076923076923077,0.3076923076923077,1,15,0.0,0.1282504647970199,0.7032439797026567,-0.0050252273222537,-0.0046367851622874,0.7032439797026566,0.6741547584145644,0.7349567570372151,0.5547238885446087,0.4016497990797643,0.205744398386436,0.5547238885446087,0.3489794901581726,0.1269230769230769
random,dinov2-small,mert-95m,0,,aggregate,0.0,0.01,0.025,0.04,3,15,0.0135,-0.0179685316979885,0.088160203454403,-0.0180563639453229,-0.0049295650042103,0.088160203454403,0.0869261795352713,0.089429768900575,0.2007496640301845,0.2182743484366396,0.2174418922666189,0.3875973658998651,-0.0166922282364343,0.0785
random,dinov2-small,mert-95m,0,,heldout,0.0,0.0384615384615384,0.0384615384615384,0.0384615384615384,2,15,0.023076923076923,-0.1252194344997406,0.6774959825848621,-0.0178617006562762,-0.0141987829614604,0.6774959825848621,0.6368271617475647,0.7237135070963236,0.2015571436673894,0.2056010435708251,0.205744398386436,0.5547238885446087,-0.0041872547190466,0.0769230769230769
procrustes,dinov2-small,mert-95m,300,,aggregate,0.735,0.7525,0.7675,0.7875,7,15,0.0255,0.2493024170398712,0.2023478202643722,0.1091197504140027,0.0407016087666404,0.2023478202643723,0.1999837472708241,0.2047684548441012,0.3622771482276528,0.2164971514022606,0.2174418922666189,0.3875973658998651,0.1448352559610338,0.2945
procrustes,dinov2-small,mert-95m,300,,heldout,0.0,0.0,0.0384615384615384,0.1153846153846153,2,15,0.0153846153846153,0.2999647259712219,0.7351187393321164,0.0701697125475019,0.0511763695689507,0.7351187393321161,0.7104496378301868,0.7615626493527327,0.2206931128531661,0.2080851782865766,0.205744398386436,0.5547238885446087,0.01494871446673,0.1269230769230769
direct,dinov2-small,mert-95m,300,,aggregate,0.275,0.42,0.4725,0.525,3,15,0.111,0.4356692135334015,0.2364633190751265,0.150907180760443,0.056695306330012,0.2364633190751266,0.2115662968298262,0.2680016240710309,0.3015230677629654,0.2195257751818981,0.2174418922666189,0.3875973658998651,0.0840811754963464,0.26025
direct,dinov2-small,mert-95m,300,,heldout,0.0,0.0,0.0,0.0,2,15,0.1846153846153846,0.4077804088592529,0.6090891424170393,0.0978279991650751,0.0359750532400365,0.6090891424170394,0.5081415980172944,0.7600885312865449,0.2356174921688579,0.2063857819013518,0.205744398386436,0.5547238885446087,0.0298730937824218,0.1307692307692307
c-transitive,vit-mae-base,clap-fused,300,0.5,aggregate,0.0925,0.185,0.2475,0.32,3,15,0.022,0.1611092835664749,0.1737525817031864,0.0757674983886875,0.027044203751031,0.1737525817031864,0.1769835979901088,0.1706374213504593,0.2782947336779564,0.2658233202276116,0.2174418922666189,0.3875973658998651,0.0608528414113374,0.15975
c-transitive,vit-mae-base,clap-fused,300,0.5,heldout,0.0,0.0,0.0,0.088235294117647,1,15,0.0117647058823529,0.1045617088675499,0.661232579949386,0.0476202752020053,0.0324030876240563,0.661232579949386,0.6483545406884927,0.674632570517157,0.139605550175953,0.2123279805077491,0.1950028703395659,0.5979519847520942,-0.0553973201636129,0.0911764705882353
d,vit-mae-base,clap-fused,0,0.7,aggregate,0.065,0.1525,0.24,0.345,4,15,0.023,0.3478267192840576,0.1521119184327649,0.0515790785115962,0.0204383948551742,0.1521119184327649,0.1546590339954054,0.1496473415966014,0.5306389323214256,0.4916440884199728,0.2174418922666189,0.3875973658998651,0.3131970400548066,0.177
d,vit-mae-base,clap-fused,0,0.7,heldout,0.0588235294117647,0.1470588235294117,0.2647058823529412,0.3529411764705882,6,15,0.0058823529411764,0.2951453924179077,0.6577078167765983,0.0514140112976679,0.0368398079441292,0.6577078167765983,0.6432049680357266,0.6728797665595868,0.4960007543715132,0.4599035412835002,0.1950028703395659,0.5979519847520942,0.3009978840319472,0.2205882352941176
unsup,vit-mae-base,clap-fused,0,1.0,aggregate,0.0025,0.0075,0.0275,0.0775,1,15,0.107,0.6642146110534668,0.3763735540952009,0.3053294664910516,0.1480549676848103,0.3763735540952009,0.3744625835128626,0.3783041289870621,0.2427998670542126,0.2234764997792186,0.2174418922666189,0.3875973658998651,0.0253579747875937,0.07725
unsup,vit-mae-base,clap-fused,0,1.0,heldout,0.0,0.0,0.0,0.0294117647058823,2,15,0.0470588235294117,0.5275002717971802,0.666502754373497,0.1686234423770163,0.1341256366723259,0.6665027543734969,0.629562302502966,0.7080484936897835,0.2175505009005018,0.1915892560465239,0.1950028703395659,0.5979519847520942,0.0225476305609359,0.0294117647058823
text,vit-mae-base,clap-fused,0,,aggregate,0.0625,0.1675,0.2325,0.32,2,15,0.023,0.0701390355825424,0.123407103882864,0.0211538223714308,0.0027898026736715,0.123407103882864,0.1222235194914057,0.124613835544032,0.6260784439604461,0.3646712136523085,0.2174418922666189,0.3875973658998651,0.4086365516938272,0.1652499999999999
text,vit-mae-base,clap-fused,0,,heldout,0.0588235294117647,0.1764705882352941,0.2352941176470588,0.3235294117647059,6,15,0.0294117647058823,-0.0326540172100067,0.6610986496696627,0.1193128491917491,0.0815906210392902,0.6610986496696626,0.6326311836080558,0.6922488210988139,0.5979519847520942,0.3626443798641041,0.1950028703395659,0.5979519847520942,0.4029491144125282,0.1764705882352941
random,vit-mae-base,clap-fused,0,,aggregate,0.0,0.01,0.025,0.04,0,15,0.01,0.0198554769158363,0.1094103382919542,0.0036561959009397,0.0011187005025594,0.1094103382919542,0.1111186171947277,0.1077537884876599,0.2007496640301845,0.2182743484366396,0.2174418922666189,0.3875973658998651,-0.0166922282364343,0.0684999999999999
random,vit-mae-base,clap-fused,0,,heldout,0.0,0.0294117647058823,0.0588235294117647,0.0588235294117647,5,15,0.0117647058823529,0.078776478767395,0.6509562662718611,0.0463977295613888,0.0324030876240563,0.6509562662718611,0.6334162938313275,0.6694953049941439,0.1741921782989046,0.1955702692185008,0.1950028703395659,0.5979519847520942,-0.0208106920406613,0.0676470588235294
procrustes,vit-mae-base,clap-fused,300,,aggregate,0.0125,0.0425,0.07,0.1425,2,15,0.0065,0.2089829593896865,0.0927676410898809,0.0593042006249707,0.0081223025998453,0.0927676410898808,0.0527271286743531,0.3855536613365837,0.29084866932592,0.2245959083268991,0.2174418922666189,0.3875973658998651,0.073406777059301,0.1114999999999999
procrustes,vit-mae-base,clap-fused,300,,heldout,0.0,0.0,0.0,0.0,1,15,0.0,0.3752747774124145,0.1588404936951347,0.0720994205151504,0.0144454852215914,0.1588404936951347,0.0862719895539747,1.000000000000001,0.2501446262183613,0.1997570149268235,0.1950028703395659,0.5979519847520942,0.0551417558787953,0.0970588235294117
direct,vit-mae-base,clap-fused,300,,aggregate,0.0075,0.0375,0.07,0.1225,2,15,0.0135,0.1988257616758346,0.1981608394324173,0.1670030194404919,0.0348428296065958,0.1981608394324173,0.1318036536850231,0.399079178411505,0.2884896842055839,0.2255863627916595,0.2174418922666189,0.3875973658998651,0.0710477919389649,0.1332499999999999
direct,vit-mae-base,clap-fused,300,,heldout,0.0,0.0,0.0,0.0,2,15,0.0,0.1775304675102234,0.2436797622795651,0.0687721698339475,0.0172712552907422,0.2436797622795651,0.147470610643378,0.7010257616693979,0.2342801213774526,0.2009627242748816,0.1950028703395659,0.5979519847520942,0.0392772510378866,0.1147058823529411
c-transitive,vit-mae-base,clap-larger,300,0.5,aggregate,0.105,0.225,0.285,0.375,6,15,0.02,0.1394110918045044,0.175610769330089,0.0783055486940173,0.0290297650121469,0.175610769330089,0.1771538220645867,0.1740943652064763,0.2754418377306046,0.2689840599680102,0.2174418922666189,0.3875973658998651,0.0579999454639857,0.1685
c-transitive,vit-mae-base,clap-larger,300,0.5,heldout,0.0,0.0384615384615384,0.0769230769230769,0.0769230769230769,1,15,0.0076923076923076,0.0987013727426529,0.7648353083529505,0.0267954400300854,0.0217157600516018,0.7648353083529504,0.7697592467020371,0.7599739637695051,0.2342808474020911,0.2249982994335976,0.192154621662689,0.6228372345921207,0.0421262257394021,0.1346153846153846
d,vit-mae-base,clap-larger,0,0.7,aggregate,0.055,0.1475,0.235,0.3425,5,15,0.022,0.3167073130607605,0.1629463125911319,0.0636744104375154,0.0241273403815486,0.1629463125911319,0.1653967314165971,0.1605674416282492,0.5265673692657513,0.4907469374452586,0.2174418922666189,0.3875973658998651,0.3091254769991324,0.17875
d,vit-mae-base,clap-larger,0,0.7,heldout,0.1538461538461538,0.2692307692307692,0.3461538461538461,0.3461538461538461,3,15,0.0384615384615384,0.1037271916866302,0.7055849965479792,0.0465890326043775,0.030140256639809,0.7055849965479792,0.666348403069961,0.7497314330371219,0.5032749826159532,0.4802761443511878,0.192154621662689,0.6228372345921207,0.3111203609532641,0.2076923076923077
unsup,vit-mae-base,clap-larger,0,1.0,aggregate,0.0075,0.0175,0.0375,0.07,4,15,0.1025,0.6855726838111877,0.3406668731861476,0.2623649942290411,0.1100833813983628,0.3406668731861476,0.3393195971790704,0.3420248906210018,0.2448428218249972,0.2201166688333289,0.2174418922666189,0.3875973658998651,0.0274009295583782,0.0939999999999999
unsup,vit-mae-base,clap-larger,0,1.0,heldout,0.0384615384615384,0.0384615384615384,0.0384615384615384,0.0384615384615384,0,15,0.023076923076923,0.4527644515037536,0.729806795992631,0.1472375558575,0.1379310344827586,0.7298067959926311,0.6859978545449987,0.7795928675701045,0.2547634578258039,0.196355685179955,0.192154621662689,0.6228372345921207,0.0626088361631148,0.0923076923076923
text,vit-mae-base,clap-larger,0,,aggregate,0.0625,0.1675,0.2325,0.32,3,15,0.0165,0.0674779266119003,0.1301331965977404,0.0265789477001956,0.0049498943508211,0.1301331965977404,0.12734377292657,0.1330475598549437,0.6260784439604461,0.3646712136523085,0.2174418922666189,0.3875973658998651,0.4086365516938272,0.17725
text,vit-mae-base,clap-larger,0,,heldout,0.0769230769230769,0.1923076923076923,0.3076923076923077,0.3846153846153846,4,15,0.0,0.1038040071725845,0.6972379396204487,-0.0116005687004077,-0.0096468279921517,0.6972379396204487,0.6653156858185835,0.7323778784701239,0.6228372345921207,0.4775600491543879,0.192154621662689,0.6228372345921207,0.4306826129294316,0.1961538461538461
random,vit-mae-base,clap-larger,0,,aggregate,0.0,0.01,0.025,0.04,3,15,0.0145,0.0093673784285783,0.0981747422390676,-0.0085995261023785,0.0005510299299079,0.0981747422390676,0.0997526762144334,0.0966459518665272,0.2007496640301845,0.2182743484366396,0.2174418922666189,0.3875973658998651,-0.0166922282364343,0.06575
random,vit-mae-base,clap-larger,0,,heldout,0.0,0.0,0.0769230769230769,0.0769230769230769,1,15,0.0153846153846153,0.0575575977563858,0.7273361263007702,0.0058704771462412,0.0039008080245193,0.7273361263007704,0.7104496378301868,0.7450449003646135,0.1607304615293449,0.1898211883905383,0.192154621662689,0.6228372345921207,-0.031424160133344,0.0538461538461538
procrustes,vit-mae-base,clap-larger,300,,aggregate,0.035,0.0725,0.115,0.1825,3,15,0.0235,0.1929584592580795,0.192664425489083,0.1411423806723389,0.0450888589766099,0.192664425489083,0.1485035226850974,0.2742057455891865,0.2963373599289904,0.2230339102131066,0.2174418922666189,0.3875973658998651,0.0788954676623715,0.1155
procrustes,vit-mae-base,clap-larger,300,,heldout,0.0,0.0,0.0,0.0,1,15,0.023076923076923,0.1364938765764236,0.4953197846367754,0.2126912339483448,0.0922305192954454,0.4953197846367754,0.3521806717150927,0.8344850443808203,0.2473609188408912,0.1917037171869211,0.192154621662689,0.6228372345921207,0.0552062971782021,0.1307692307692307
direct,vit-mae-base,clap-larger,300,,aggregate,0.0075,0.045,0.0825,0.1275,3,15,0.0295,0.2668125331401825,0.3038406475318748,0.2641250776726535,0.0801220876127357,0.3038406475318748,0.2389464507628517,0.4171255623486631,0.3073759645265284,0.2237544031808174,0.2174418922666189,0.3875973658998651,0.0899340722599094,0.144
direct,vit-mae-base,clap-larger,300,,heldout,0.0,0.0,0.0,0.0,1,15,0.0153846153846153,0.1538615077733993,0.5045100786723433,0.1723928660435364,0.1066520065970313,0.5045100786723433,0.370530279711695,0.79025948277218,0.2494924724768147,0.1925441228895685,0.192154621662689,0.6228372345921207,0.0573378508141257,0.1423076923076923
c-transitive,vit-mae-base,clap-unfused,300,0.5,aggregate,0.09,0.175,0.24,0.3225,5,15,0.0215,0.1620418578386306,0.1890233468054367,0.0929049531040007,0.0378485686641056,0.1890233468054367,0.1915713612455318,0.1865422229326949,0.2809874091197721,0.2686742089568176,0.2174418922666189,0.3875973658998651,0.0635455168531531,0.174
c-transitive,vit-mae-base,clap-unfused,300,0.5,heldout,0.0,0.0,0.0714285714285714,0.1428571428571428,3,15,0.0,0.0604491680860519,0.6582676526461176,-0.0011839873277792,-0.0050165546302799,0.6582676526461176,0.6338184459381994,0.6846787690474151,0.2208199173416173,0.2460569162642535,0.2219554164439705,0.6389389281304482,-0.0011354991023531,0.1071428571428571
d,vit-mae-base,clap-unfused,0,0.7,aggregate,0.0575,0.1425,0.23,0.33,6,15,0.0204999999999999,0.3287363648414612,0.1707689367354146,0.0723508209967365,0.0256590725097626,0.1707689367354146,0.1738373650002305,0.1678069521527705,0.5275268624824204,0.4913884658633962,0.2174418922666189,0.3875973658998651,0.3100849702158015,0.19425
d,vit-mae-base,clap-unfused,0,0.7,heldout,0.1071428571428571,0.1785714285714285,0.25,0.3571428571428571,3,15,0.0142857142857142,0.3347939848899841,0.6575790367421622,0.0015027294074095,-0.0024479804161566,0.6575790367421622,0.6328306194240091,0.6843419322266961,0.5433613787352892,0.518969747620954,0.2219554164439705,0.6389389281304482,0.3214059622913187,0.225
unsup,vit-mae-base,clap-unfused,0,1.0,aggregate,0.0,0.0075,0.0275,0.065,0,15,0.0914999999999999,0.686484158039093,0.3597512314841243,0.2843589843641715,0.1597160512167488,0.3597512314841243,0.353404840699997,0.3663297253966707,0.2296384307946936,0.2239935242202447,0.2174418922666189,0.3875973658998651,0.0121965385280747,0.0782499999999999
unsup,vit-mae-base,clap-unfused,0,1.0,heldout,0.0,0.0,0.0,0.0357142857142857,0,15,0.0285714285714285,0.5182226896286011,0.7048403967238996,0.1699633233336042,0.1044422507403751,0.7048403967238996,0.6707668066826955,0.7425609850617725,0.1868299722339942,0.2179463058574932,0.2219554164439705,0.6389389281304482,-0.0351254442099763,0.0571428571428571
text,vit-mae-base,clap-unfused,0,,aggregate,0.0625,0.1675,0.2325,0.32,3,15,0.019,0.0816995650529861,0.1340081384104872,0.0296009511084646,0.006196604175326,0.1340081384104872,0.131397371487537,0.1367247564652226,0.6260784439604461,0.3646712136523085,0.2174418922666189,0.3875973658998651,0.4086365516938272,0.18875
text,vit-mae-base,clap-unfused,0,,heldout,0.1071428571428571,0.2142857142857142,0.3214285714285714,0.3571428571428571,2,15,0.0071428571428571,0.0141151398420333,0.7455097298707641,0.1879596631865966,0.1624815361890694,0.7455097298707641,0.735352096878524,0.755951914147227,0.6389389281304482,0.3245497558658932,0.2219554164439705,0.6389389281304482,0.4169835116864776,0.2107142857142857
random,vit-mae-base,clap-unfused,0,,aggregate,0.0,0.01,0.025,0.04,3,15,0.014,0.0098255015909671,0.1148656826516173,0.0104240688897669,0.0043441127575746,0.1148656826516173,0.1159181475776932,0.1138321572249065,0.2007496640301845,0.2182743484366396,0.2174418922666189,0.3875973658998651,-0.0166922282364343,0.06675
random,vit-mae-base,clap-unfused,0,,heldout,0.0,0.0,0.0357142857142857,0.0357142857142857,2,15,0.0214285714285714,-0.0117267724126577,0.6941772867648227,0.0681772322699452,0.0394149984441448,0.6941772867648227,0.6762581779325523,0.7130718639428548,0.2063714310469495,0.2200175833123345,0.2219554164439705,0.6389389281304482,-0.0155839853970209,0.0607142857142857
procrustes,vit-mae-base,clap-unfused,300,,aggregate,0.015,0.0375,0.0625,0.1225,3,15,0.1455,0.3042564392089844,0.1479100418799338,0.1063374194072455,0.0300590418633665,0.1479100418799338,0.1033851427783123,0.2597967633654019,0.3124850677464972,0.227755615642811,0.2174418922666189,0.3875973658998651,0.0950431754798782,0.1065
procrustes,vit-mae-base,clap-unfused,300,,heldout,0.0,0.0,0.0,0.0,2,15,0.2214285714285714,0.2025865614414215,0.3260164183810692,0.1078347300729241,0.0138498160571304,0.3260164183810692,0.2063134381613832,0.7765986899473069,0.2936029509497744,0.2286677525540754,0.2219554164439705,0.6389389281304482,0.0716475345058038,0.0964285714285714
direct,vit-mae-base,clap-unfused,300,,aggregate,0.0075,0.0525,0.0775,0.125,3,15,0.128,0.4094601571559906,0.2906541404278849,0.2448712329887964,0.0985319741157829,0.2906541404278849,0.2255973923866658,0.4084374797065421,0.3135054801707824,0.2297757171653623,0.2174418922666189,0.3875973658998651,0.0960635879041635,0.13375
direct,vit-mae-base,clap-unfused,300,,heldout,0.0,0.0,0.0,0.0,2,15,0.25,0.2251286208629608,0.4821307376708337,0.0982832395420017,0.0702419354838709,0.4821307376708337,0.366367084285107,0.7048460269309424,0.3296867582945302,0.2307792388042005,0.2219554164439705,0.6389389281304482,0.1077313418505597,0.1035714285714286
c-transitive,vit-mae-base,mert-330m,300,0.5,aggregate,0.0425,0.1025,0.1675,0.21,6,15,0.0255,0.1040552332997322,0.2100130328191054,0.1166516330188073,0.055246635095961,0.2100130328191054,0.2120745626656409,0.2079911964708335,0.2512000824955111,0.2511666889064877,0.2174418922666189,0.3875973658998651,0.0337581902288921,0.1225
c-transitive,vit-mae-base,mert-330m,300,0.5,heldout,0.0,0.0,0.04,0.04,5,15,0.032,0.266440212726593,0.7346126038058259,0.0873747849186052,0.0694789081885856,0.7346126038058257,0.688013252132668,0.787982933079572,0.1992853753295064,0.239985094970191,0.2264377350645136,0.6389838162763123,-0.0271523597350072,0.0559999999999999
d,vit-mae-base,mert-330m,0,0.7,aggregate,0.0575,0.1675,0.2325,0.3475,7,15,0.026,0.4716944098472595,0.1656144394837031,0.0665983244650371,0.0229443467358559,0.165614439483703,0.1673196705398942,0.1639436153453985,0.5341964863458317,0.4910973592851324,0.2174418922666189,0.3875973658998651,0.3167545940792128,0.124
d,vit-mae-base,mert-330m,0,0.7,heldout,0.12,0.16,0.28,0.36,4,15,0.0,0.6755965948104858,0.6851315294207145,0.1115529304694153,0.0757855822550831,0.6851315294207144,0.6065058978085394,0.7871791009775583,0.5580494024317557,0.5064891601586102,0.2264377350645136,0.6389838162763123,0.331611667367242,0.14
unsup,vit-mae-base,mert-330m,0,1.0,aggregate,0.0025,0.0275,0.035,0.08,2,15,0.1305,0.8225733637809753,0.3892272013531239,0.3184722361844133,0.173100245611096,0.3892272013531239,0.3829988973621462,0.3956614225323669,0.2146673118424963,0.2235929748635132,0.2174418922666189,0.3875973658998651,-0.0027745804241226,0.097
unsup,vit-mae-base,mert-330m,0,1.0,heldout,0.0,0.0,0.0,0.08,3,15,0.08,0.8970699310302734,0.7791218897767522,0.3683764621087447,0.3068391866913124,0.7791218897767523,0.6921402574677352,0.8911078896832955,0.2494321459988134,0.2329197113007662,0.2264377350645136,0.6389838162763123,0.0229944109342997,0.148
text,vit-mae-base,mert-330m,0,,aggregate,0.0625,0.1675,0.2325,0.32,5,15,0.012,0.101488396525383,0.1179179856251641,0.0185183555199062,-0.0015802368119992,0.1179179856251641,0.1120416427470757,0.1244448500138303,0.6260784439604461,0.3646712136523085,0.2174418922666189,0.3875973658998651,0.4086365516938272,0.1357499999999999
text,vit-mae-base,mert-330m,0,,heldout,0.04,0.08,0.2,0.36,5,15,0.0,-0.1062709838151931,0.6320092034032836,-0.0282112945268522,-0.0195035460992907,0.6320092034032837,0.5572915210531004,0.7298642032292273,0.6389838162763123,0.3494492788137208,0.2264377350645136,0.6389838162763123,0.4125460812117986,0.152
random,vit-mae-base,mert-330m,0,,aggregate,0.0,0.01,0.025,0.04,1,15,0.009,0.0195014365017414,0.1062120693789429,0.0009229440239877,-0.0001453802529873,0.1062120693789429,0.10677421790241,0.1056558090921091,0.2007496640301845,0.2182743484366396,0.2174418922666189,0.3875973658998651,-0.0166922282364343,0.076
random,vit-mae-base,mert-330m,0,,heldout,0.0,0.0,0.0,0.0,3,15,0.0,0.0070909205824136,0.6687594497319842,-0.0829612572307371,-0.059322033898305,0.6687594497319842,0.6165984282751271,0.7305611226642977,0.2025950338833295,0.2255976046864698,0.2264377350645136,0.6389838162763123,-0.0238427011811841,0.092
procrustes,vit-mae-base,mert-330m,300,,aggregate,0.1025,0.17,0.2,0.285,0,15,0.1445,0.4174559116363525,0.2458879989770751,0.1903337548445352,0.0610728245657176,0.2458879989770751,0.1945048510781314,0.3341660108883507,0.2671195155825198,0.2195615967617729,0.2174418922666189,0.3875973658998651,0.0496776233159008,0.1332499999999999
procrustes,vit-mae-base,mert-330m,300,,heldout,0.0,0.0,0.0,0.08,0,15,0.128,0.1859760880470276,0.439622633456614,0.1087698597417571,0.0430622009569378,0.439622633456614,0.3100675946956205,0.7551426648626737,0.2360288330077065,0.2261985286611794,0.2264377350645136,0.6389838162763123,0.0095910979431928,0.172
direct,vit-mae-base,mert-330m,300,,aggregate,0.0,0.0175,0.03,0.0725,0,15,0.0504999999999999,0.2286418080329895,0.1879057536630872,0.1602767502944037,0.0400347859426451,0.1879057536630872,0.1286620976822543,0.3482698234115313,0.2222465885122035,0.2195180401986157,0.2174418922666189,0.3875973658998651,0.0048046962455846,0.11225
direct,vit-mae-base,mert-330m,300,,heldout,0.0,0.0,0.0,0.0,0,15,0.04,0.0885123163461685,0.404430250577577,0.1523260160665842,0.0422396856581532,0.404430250577577,0.2608532179401814,0.8995597189927427,0.2246855371115489,0.226199542699977,0.2264377350645136,0.6389838162763123,-0.0017521979529647,0.176
c-transitive,vit-mae-base,mert-95m,300,0.5,aggregate,0.05,0.1325,0.19,0.2575,2,15,0.0144999999999999,0.0922936052083969,0.1688857374184427,0.0703090238337876,0.0312254175543972,0.1688857374184427,0.1717995869310328,0.1660690815637056,0.2638756682564894,0.253295075912604,0.2174418922666189,0.3875973658998651,0.0464337759898705,0.1185
c-transitive,vit-mae-base,mert-95m,300,0.5,heldout,0.0,0.0,0.037037037037037,0.037037037037037,1,15,0.0,0.1740564107894897,0.6706062645326981,-0.0293300162419208,-0.0223752151462994,0.6706062645326981,0.6422641162347636,0.7015652840686553,0.2952838171850168,0.2572603066727328,0.2343664647699369,0.6336414749834164,0.0609173524150798,0.0925925925925926
d,vit-mae-base,mert-95m,0,0.7,aggregate,0.0475,0.1425,0.2175,0.355,5,15,0.019,0.5127457976341248,0.1471496143687229,0.048768027896132,0.0145166410275193,0.147149614368723,0.1474884755803063,0.1468123066846969,0.5307370722324741,0.4904987989915685,0.2174418922666189,0.3875973658998651,0.3132951799658552,0.11825
d,vit-mae-base,mert-95m,0,0.7,heldout,0.074074074074074,0.1851851851851851,0.2962962962962963,0.3703703703703703,2,15,0.0296296296296296,0.6402238607406616,0.7472406765064269,0.1200315133984584,0.0791217895608947,0.747240676506427,0.7354020899200259,0.7594666572378285,0.5393590642281736,0.4928158530124155,0.2343664647699369,0.6336414749834164,0.3049925994582366,0.1185185185185185
unsup,vit-mae-base,mert-95m,0,1.0,aggregate,0.0025,0.0225,0.0375,0.06,3,15,0.1175,0.7995705604553223,0.3349914785309613,0.2615077758210768,0.1442526308766859,0.3349914785309613,0.3243855777497959,0.3463143481895673,0.2181330549099269,0.2212698213120393,0.2174418922666189,0.3875973658998651,0.000691162643308,0.09425
unsup,vit-mae-base,mert-95m,0,1.0,heldout,0.0,0.037037037037037,0.074074074074074,0.1111111111111111,3,15,0.0148148148148148,0.7620049715042114,0.6147684707558762,0.0388855511083228,0.0335649665661465,0.6147684707558762,0.5437935671869525,0.7070514880869398,0.264876611932796,0.2271781485534399,0.2343664647699369,0.6336414749834164,0.030510147162859,0.1444444444444444
text,vit-mae-base,mert-95m,0,,aggregate,0.0625,0.1675,0.2325,0.32,3,15,0.024,0.1042153090238571,0.1165146343990726,0.0187432841266232,0.0017420255855862,0.1165146343990726,0.1133439536615922,0.1198678134153497,0.6260784439604461,0.3646712136523085,0.2174418922666189,0.3875973658998651,0.4086365516938272,0.126
text,vit-mae-base,mert-95m,0,,heldout,0.074074074074074,0.1851851851851851,0.2222222222222222,0.3333333333333333,2,15,0.0222222222222222,-0.0487900897860527,0.6617823078393165,-0.0862154661490025,-0.0649121569180836,0.6617823078393166,0.6395978285534891,0.6855610225648767,0.6336414749834164,0.3282075581174468,0.2343664647699369,0.6336414749834164,0.3992750102134794,0.1259259259259259
random,vit-mae-base,mert-95m,0,,aggregate,0.0,0.01,0.025,0.04,4,15,0.0175,0.024613682180643,0.084251178009954,-0.0217579965690852,-0.0041591562872484,0.084251178009954,0.0842098571132888,0.0842925394779912,0.2007496640301845,0.2182743484366396,0.2174418922666189,0.3875973658998651,-0.0166922282364343,0.0785
random,vit-mae-base,mert-95m,0,,heldout,0.0,0.037037037037037,0.074074074074074,0.074074074074074,3,15,0.0148148148148148,0.2064839005470276,0.7121871703142308,-0.0755655484554266,-0.0570613409415121,0.7121871703142307,0.7152535035816644,0.709147015913716,0.1913770375839963,0.2308348979174979,0.2343664647699369,0.6336414749834164,-0.0429894271859406,0.1037037037037037
procrustes,vit-mae-base,mert-95m,300,,aggregate,0.175,0.2625,0.31,0.41,2,15,0.132,0.4363394975662231,0.2570796385755949,0.1823784394654468,0.0814450658437395,0.257079638575595,0.2115290590416565,0.3276317159185452,0.2569956298992175,0.2193238970529549,0.2174418922666189,0.3875973658998651,0.0395537376325985,0.15775
procrustes,vit-mae-base,mert-95m,300,,heldout,0.0,0.0,0.0,0.0,3,15,0.1333333333333333,0.5073387026786804,0.4882523490835329,0.1495092728420866,0.0462730148430529,0.4882523490835328,0.3542391631490669,0.7853664936919608,0.29386634210474,0.2325185208170427,0.2343664647699369,0.6336414749834164,0.0594998773348031,0.1148148148148148
direct,vit-mae-base,mert-95m,300,,aggregate,0.0075,0.0225,0.0475,0.075,2,15,0.0935,0.1994254291057586,0.2132545634684698,0.1803117359173983,0.0450016853050633,0.2132545634684698,0.1428527415335954,0.4204777414110127,0.2410898824879022,0.2192155728250703,0.2174418922666189,0.3875973658998651,0.0236479902212832,0.10925
direct,vit-mae-base,mert-95m,300,,heldout,0.0,0.0,0.0,0.0,3,15,0.0592592592592592,-0.0752917602658271,0.1856871940833823,-0.0051979770987106,-0.0059033778054461,0.1856871940833823,0.1081296257495446,0.6567528815513612,0.2337928143015059,0.2323653907531054,0.2343664647699369,0.6336414749834164,-0.000573650468431,0.1074074074074074
